[0.0, 0.0, 0.0, 0.0, 0.0, 0.0, 0.0, 0.0, 0.0, 0.0, 0.0, 0.0, 0.0, 0.0, 0.0, 0.0]
[0.0, 0.0, 0.0, 0.0, 0.0, 0.0, 0.0, 0.0, 0.0, 0.0, 0.0, 0.0, 0.0, 0.0, 0.0, 0.0]
[0.0, 0.0, 0.0, 0.0, 0.0, 0.0, 0.0, 0.0, 0.0, 0.0, 0.0, 0.0, 0.0, 0.0, 0.0, 0.0]
[0.0, 0.0, 0.0, 0.0, 0.0, 0.0, 0.0, 0.0, 0.0, 0.0, 0.0, 0.0, 0.0, 0.0, 0.0, 0.0]
[0.0, 0.0, 0.0, 0.0, 0.0, 0.0, 0.0, 0.0, 0.0, 0.0, 0.0, 0.0, 0.0, 0.0, 0.0, 0.0]
[0.0, 0.0, 0.0, 0.0, 0.0, 0.0, 0.0, 0.0, 0.0, 0.0, 0.0, 0.0, 0.0, 0.0, 0.0, 0.0]
[0.0, 0.0, 0.0, 0.0, 0.0, 0.0, 0.0, 0.0, 0.0, 0.0, 0.0, 0.0, 0.0, 0.0, 0.0, 0.0]
[0.0, 0.0, 0.0, 0.0, 0.0, 0.0, 0.0, 0.0, 0.0, 0.0, 0.0, 0.0, 0.0, 0.0, 0.0, 0.0]
[0.0, 0.0, 0.0, 0.0, 0.0, 0.0, 0.0, 0.0, 0.0, 0.0, 0.0, 0.0, 0.0, 0.0, 0.0, 0.0]
[0.0, 0.0, 0.0, 0.0, 0.0, 0.0, 0.0, 0.0, 0.0, 0.0, 0.0, 0.0, 0.0, 0.0, 0.0, 0.0]
[0.0, 0.0, 0.0, 0.0, 0.0, 0.0, 0.0, 0.0, 0.0, 0.0, 0.0, 0.0, 0.0, 0.0, 0.0, 0.0]
[0.0, 0.0, 0.0, 0.0, 0.0, 0.0, 0.0, 0.0, 0.0, 0.0, 0.0, 0.0, 0.0, 0.0, 0.0, 0.0]
[0.0, 0.0, 0.0, 0.0, 0.0, 0.0, 0.0, 0.0, 0.0, 0.0, 0.0, 0.0, 0.0, 0.0, 0.0, 0.0]
[0.0, 0.0, 0.0, 0.0, 0.0, 0.0, 0.0, 0.0, 0.0, 0.0, 0.0, 0.0, 0.0, 0.0, 0.0, 0.0]
[0.0, 0.0, 0.0, 0.0, 0.0, 0.0, 0.0, 0.0, 0.0, 0.0, 0.0, 0.0, 0.0, 0.0, 0.0, 0.0]
[0.0, 0.0, 0.0, 0.0, 0.0, 0.0, 0.0, 0.0, 0.0, 0.0, 0.0, 0.0, 0.0, 0.0, 0.0, 0.0]
[0.0, 0.0, 0.0, 0.0, 0.0, 0.0, 0.0, 0.0, 0.0, 0.0, 0.0, 0.0, 0.0, 0.0, 0.0, 0.0]
[0.0, 0.0, 0.0, 0.0, 0.0, 0.0, 0.0, 0.0, 0.0, 0.0, 0.0, 0.0, 0.0, 0.0, 0.0, 0.0]
[0.0, 0.0, 0.0, 0.0, 0.0, 0.0, 0.0, 0.0, 0.0, 0.0, 0.0, 0.0, 0.0, 0.0, 0.0, 0.0]
[0.0, 0.0, 0.0, 0.0, 0.0, 0.0, 0.0, 0.0, 0.0, 0.0, 0.0, 0.0, 0.0, 0.0, 0.0, 0.0]
[0.0, 0.0, 0.0, 0.0, 0.0, 0.0, 0.0, 0.0, 0.0, 0.0, 0.0, 0.0, 0.0, 0.0, 0.0, 0.0]
[0.0, 0.0, 0.0, 0.0, 0.0, 0.0, 0.0, 0.0, 0.0, 0.0, 0.0, 0.0, 0.0, 0.0, 0.0, 0.0]
[0.0, 0.0, 0.0, 0.0, 0.0, 0.0, 0.0, 0.0, 0.0, 0.0, 0.0, 0.0, 0.0, 0.0, 0.0, 0.0]
[0.0, 0.0, 0.0, 0.0, 0.0, 0.0, 0.0, 0.0, 0.0, 0.0, 0.0, 0.0, 0.0, 0.0, 0.0, 0.0]
[0.0, 0.0, 0.0, 0.0, 0.0, 0.0, 0.0, 0.0, 0.0, 0.0, 0.0, 0.0, 0.0, 0.0, 0.0, 0.0]
[0.0, 0.0, 0.0, 0.0, 0.0, 0.0, 0.0, 0.0, 0.0, 0.0, 0.0, 0.0, 0.0, 0.0, 0.0, 0.0]
[0.0, 0.0, 0.0, 0.0, 0.0, 0.0, 0.0, 0.0, 0.0, 0.0, 0.0, 0.0, 0.0, 0.0, 0.0, 0.0]
[0.0, 0.0, 0.0, 0.0, 0.0, 0.0, 0.0, 0.0, 0.0, 0.0, 0.0, 0.0, 0.0, 0.0, 0.0, 0.0]
[0.0, 0.0, 0.0, 0.0, 0.0, 0.0, 0.0, 0.0, 0.0, 0.0, 0.0, 0.0, 0.0, 0.0, 0.0, 0.0]
[0.0, 0.0, 0.0, 0.0, 0.0, 0.0, 0.0, 0.0, 0.0, 0.0, 0.0, 0.0, 0.0, 0.0, 0.0, 0.0]
[0.0, 0.0, 0.0, 0.0, 0.0, 0.0, 0.0, 0.0, 0.0, 0.0, 0.0, 0.0, 0.0, 0.0, 0.0, 0.0]
[0.0, 0.0, 0.0, 0.0, 0.0, 0.0, 0.0, 0.0, 0.0, 0.0, 0.0, 0.0, 0.0, 0.0, 0.0, 0.0]
[0.0, 0.0, 0.0, 0.0, 0.0, 0.0, 0.0, 0.0, 0.0, 0.0, 0.0, 0.0, 0.0, 0.0, 0.0, 0.0]
[0.0, 0.0, 0.0, 0.0, 0.0, 0.0, 0.0, 0.0, 0.0, 0.0, 0.0, 0.0, 0.0, 0.0, 0.0, 0.0]
[0.0, 0.0, 0.0, 0.0, 0.0, 0.0, 0.0, 0.0, 0.0, 0.0, 0.0, 0.0, 0.0, 0.0, 0.0, 0.0]
[0.0, 0.0, 0.0, 0.0, 0.0, 0.0, 0.0, 0.0, 0.0, 0.0, 0.0, 0.0, 0.0, 0.0, 0.0, 0.0]
[0.0, 0.0, 0.0, 0.0, 0.0, 0.0, 0.0, 0.0, 0.0, 0.0, 0.0, 0.0, 0.0, 0.0, 0.0, 0.0]
[0.0, 0.0, 0.0, 0.0, 0.0, 0.0, 0.0, 0.0, 0.0, 0.0, 0.0, 0.0, 0.0, 0.0, 0.0, 0.0]
[0.0, 0.0, 0.0, 0.0, 0.0, 0.0, 0.0, 0.0, 0.0, 0.0, 0.0, 0.0, 0.0, 0.0, 0.0, 0.0]
[0.0, 0.0, 0.0, 0.0, 0.0, 0.0, 0.0, 0.0, 0.0, 0.0, 0.0, 0.0, 0.0, 0.0, 0.0, 0.0]
[0.0, 0.0, 0.0, 0.0, 0.0, 0.0, 0.0, 0.0, 0.0, 0.0, 0.0, 0.0, 0.0, 0.0, 0.0, 0.0]
[0.0, 0.0, 0.0, 0.0, 0.0, 0.0, 0.0, 0.0, 0.0, 0.0, 0.0, 0.0, 0.0, 0.0, 0.0, 0.0]
[0.0, 0.0, 0.0, 0.0, 0.0, 0.0, 0.0, 0.0, 0.0, 0.0, 0.0, 0.0, 0.0, 0.0, 0.0, 0.0]
[0.0, 0.0, 0.0, 0.0, 0.0, 0.0, 0.0, 0.0, 0.0, 0.0, 0.0, 0.0, 0.0, 0.0, 0.0, 0.0]
[0.0, 0.0, 0.0, 0.0, 0.0, 0.0, 0.0, 0.0, 0.0, 0.0, 0.0, 0.0, 0.0, 0.0, 0.0, 0.0]
[0.0, 0.0, 0.0, 0.0, 0.0, 0.0, 0.0, 0.0, 0.0, 0.0, 0.0, 0.0, 0.0, 0.0, 0.0, 0.0]
[0.0, 0.0, 0.0, 0.0, 0.0, 0.0, 0.0, 0.0, 0.0, 0.0, 0.0, 0.0, 0.0, 0.0, 0.0, 0.0]
[0.0, 0.0, 0.0, 0.0, 0.0, 0.0, 0.0, 0.0, 0.0, 0.0, 0.0, 0.0, 0.0, 0.0, 0.0, 0.0]
[0.0, 0.0, 0.0, 0.0, 0.0, 0.0, 0.0, 0.0, 0.0, 0.0, 0.0, 0.0, 0.0, 0.0, 0.0, 0.0]
[0.0, 0.0, 0.0, 0.0, 0.0, 0.0, 0.0, 0.0, 0.0, 0.0, 0.0, 0.0, 0.0, 0.0, 0.0, 0.0]
[0.0, 0.0, 0.0, 0.0, 0.0, 0.0, 0.0, 0.0, 0.0, 0.0, 0.0, 0.0, 0.0, 0.0, 0.0, 0.0]
[0.0, 0.0, 0.0, 0.0, 0.0, 0.0, 0.0, 0.0, 0.0, 0.0, 0.0, 0.0, 0.0, 0.0, 0.0, 0.0]
[0.0, 0.0, 0.0, 0.0, 0.0, 0.0, 0.0, 0.0, 0.0, 0.0, 0.0, 0.0, 0.0, 0.0, 0.0, 0.0]
[0.0, 0.0, 0.0, 0.0, 0.0, 0.0, 0.0, 0.0, 0.0, 0.0, 0.0, 0.0, 0.0, 0.0, 0.0, 0.0]
[0.0, 0.0, 0.0, 0.0, 0.0, 0.0, 0.0, 0.0, 0.0, 0.0, 0.0, 0.0, 0.0, 0.0, 0.0, 0.0]
[0.0, 0.0, 0.0, 0.0, 0.0, 0.0, 0.0, 0.0, 0.0, 0.0, 0.0, 0.0, 0.0, 0.0, 0.0, 0.0]
[0.0, 0.0, 0.0, 0.0, 0.0, 0.0, 0.0, 0.0, 0.0, 0.0, 0.0, 0.0, 0.0, 0.0, 0.0, 0.0]
[0.0, 0.0, 0.0, 0.0, 0.0, 0.0, 0.0, 0.0, 0.0, 0.0, 0.0, 0.0, 0.0, 0.0, 0.0, 0.0]
[0.0, 0.0, 0.0, 0.0, 0.0, 0.0, 0.0, 0.0, 0.0, 0.0, 0.0, 0.0, 0.0, 0.0, 0.0, 0.0]
[0.0, 0.0, 0.0, 0.0, 0.0, 0.0, 0.0, 0.0, 0.0, 0.0, 0.0, 0.0, 0.0, 0.0, 0.0, 0.0]
[0.0, 0.0, 0.0, 0.0, 0.0, 0.0, 0.0, 0.0, 0.0, 0.0, 0.0, 0.0, 0.0, 0.0, 0.0, 0.0]
[0.0, 0.0, 0.0, 0.0, 0.0, 0.0, 0.0, 0.0, 0.0, 0.0, 0.0, 0.0, 0.0, 0.0, 0.0, 0.0]
[0.0, 0.0, 0.0, 0.0, 0.0, 0.0, 0.0, 0.0, 0.0, 0.0, 0.0, 0.0, 0.0, 0.0, 0.0, 0.0]
[0.0, 0.0, 0.0, 0.0, 0.0, 0.0, 0.0, 0.0, 0.0, 0.0, 0.0, 0.0, 0.0, 0.0, 0.0, 0.0]
[0.0, 0.0, 0.0, 0.0, 0.0, 0.0, 0.0, 0.0, 0.0, 0.0, 0.0, 0.0, 0.0, 0.0, 0.0, 0.0]
[0.0, 0.0, 0.0, 0.0, 0.0, 0.0, 0.0, 0.0, 0.0, 0.0, 0.0, 0.0, 0.0, 0.0, 0.0, 0.0]
[0.0, 0.0, 0.0, 0.0, 0.0, 0.0, 0.0, 0.0, 0.0, 0.0, 0.0, 0.0, 0.0, 0.0, 0.0, 0.0]
[0.0, 0.0, 0.0, 0.0, 0.0, 0.0, 0.0, 0.0, 0.0, 0.0, 0.0, 0.0, 0.0, 0.0, 0.0, 0.0]
[0.0, 0.0, 0.0, 0.0, 0.0, 0.0, 0.0, 0.0, 0.0, 0.0, 0.0, 0.0, 0.0, 0.0, 0.0, 0.0]
[0.0, 0.0, 0.0, 0.0, 0.0, 0.0, 0.0, 0.0, 0.0, 0.0, 0.0, 0.0, 0.0, 0.0, 0.0, 0.0]
[0.0, 0.0, 0.0, 0.0, 0.0, 0.0, 0.0, 0.0, 0.0, 0.0, 0.0, 0.0, 0.0, 0.0, 0.0, 0.0]
[0.0, 0.0, 0.0, 0.0, 0.0, 0.0, 0.0, 0.0, 0.0, 0.0, 0.0, 0.0, 0.0, 0.0, 0.0, 0.0]
[0.0, 0.0, 0.0, 0.0, 0.0, 0.0, 0.0, 0.0, 0.0, 0.0, 0.0, 0.0, 0.0, 0.0, 0.0, 0.0]
[0.0, 0.0, 0.0, 0.0, 0.0, 0.0, 0.0, 0.0, 0.0, 0.0, 0.0, 0.0, 0.0, 0.0, 0.0, 0.0]
[0.0, 0.0, 0.0, 0.0, 0.0, 0.0, 0.0, 0.0, 0.0, 0.0, 0.0, 0.0, 0.0, 0.0, 0.0, 0.0]
[0.0, 0.0, 0.0, 0.0, 0.0, 0.0, 0.0, 0.0, 0.0, 0.0, 0.0, 0.0, 0.0, 0.0, 0.0, 0.0]
[0.0, 0.0, 0.0, 0.0, 0.0, 0.0, 0.0, 0.0, 0.0, 0.0, 0.0, 0.0, 0.0, 0.0, 0.0, 0.0]
[0.0, 0.0, 0.0, 0.0, 0.0, 0.0, 0.0, 0.0, 0.0, 0.0, 0.0, 0.0, 0.0, 0.0, 0.0, 0.0]
[0.0, 0.0, 0.0, 0.0, 0.0, 0.0, 0.0, 0.0, 0.0, 0.0, 0.0, 0.0, 0.0, 0.0, 0.0, 0.0]
[0.0, 0.0, 0.0, 0.0, 0.0, 0.0, 0.0, 0.0, 0.0, 0.0, 0.0, 0.0, 0.0, 0.0, 0.0, 0.0]
[0.0, 0.0, 0.0, 0.0, 0.0, 0.0, 0.0, 0.0, 0.0, 0.0, 0.0, 0.0, 0.0, 0.0, 0.0, 0.0]
[0.0, 0.0, 0.0, 0.0, 0.0, 0.0, 0.0, 0.0, 0.0, 0.0, 0.0, 0.0, 0.0, 0.0, 0.0, 0.0]
[0.0, 0.0, 0.0, 0.0, 0.0, 0.0, 0.0, 0.0, 0.0, 0.0, 0.0, 0.0, 0.0, 0.0, 0.0, 0.0]
[0.0, 0.0, 0.0, 0.0, 0.0, 0.0, 0.0, 0.0, 0.0, 0.0, 0.0, 0.0, 0.0, 0.0, 0.0, 0.0]
[0.0, 0.0, 0.0, 0.0, 0.0, 0.0, 0.0, 0.0, 0.0, 0.0, 0.0, 0.0, 0.0, 0.0, 0.0, 0.0]
[0.0, 0.0, 0.0, 0.0, 0.0, 0.0, 0.0, 0.0, 0.0, 0.0, 0.0, 0.0, 0.0, 0.0, 0.0, 0.0]
[0.0, 0.0, 0.0, 0.0, 0.0, 0.0, 0.0, 0.0, 0.0, 0.0, 0.0, 0.0, 0.0, 0.0, 0.0, 0.0]
[0.0, 0.0, 0.0, 0.0, 0.0, 0.0, 0.0, 0.0, 0.0, 0.0, 0.0, 0.0, 0.0, 0.0, 0.0, 0.0]
[0.0, 0.0, 0.0, 0.0, 0.0, 0.0, 0.0, 0.0, 0.0, 0.0, 0.0, 0.0, 0.0, 0.0, 0.0, 0.0]
[0.0, 0.0, 0.0, 0.0, 0.0, 0.0, 0.0, 0.0, 0.0, 0.0, 0.0, 0.0, 0.0, 0.0, 0.0, 0.0]
[0.0, 0.0, 0.0, 0.0, 0.0, 0.0, 0.0, 0.0, 0.0, 0.0, 0.0, 0.0, 0.0, 0.0, 0.0, 0.0]
[0.0, 0.0, 0.0, 0.0, 0.0, 0.0, 0.0, 0.0, 0.0, 0.0, 0.0, 0.0, 0.0, 0.0, 0.0, 0.0]
[0.0, 0.0, 0.0, 0.0, 0.0, 0.0, 0.0, 0.0, 0.0, 0.0, 0.0, 0.0, 0.0, 0.0, 0.0, 0.0]
[0.0, 0.0, 0.0, 0.0, 0.0, 0.0, 0.0, 0.0, 0.0, 0.0, 0.0, 0.0, 0.0, 0.0, 0.0, 0.0]
[0.0, 0.0, 0.0, 0.0, 0.0, 0.0, 0.0, 0.0, 0.0, 0.0, 0.0, 0.0, 0.0, 0.0, 0.0, 0.0]
[0.0, 0.0, 0.0, 0.0, 0.0, 0.0, 0.0, 0.0, 0.0, 0.0, 0.0, 0.0, 0.0, 0.0, 0.0, 0.0]
[0.0, 0.0, 0.0, 0.0, 0.0, 0.0, 0.0, 0.0, 0.0, 0.0, 0.0, 0.0, 0.0, 0.0, 0.0, 0.0]
[0.0, 0.0, 0.0, 0.0, 0.0, 0.0, 0.0, 0.0, 0.0, 0.0, 0.0, 0.0, 0.0, 0.0, 0.0, 0.0]
[0.0, 0.0, 0.0, 0.0, 0.0, 0.0, 0.0, 0.0, 0.0, 0.0, 0.0, 0.0, 0.0, 0.0, 0.0, 0.0]
[0.0, 0.0, 0.0, 0.0, 0.0, 0.0, 0.0, 0.0, 0.0, 0.0, 0.0, 0.0, 0.0, 0.0, 0.0, 0.0]
[0.0, 0.0, 0.0, 0.0, 0.0, 0.0, 0.0, 0.0, 0.0, 0.0, 0.0, 0.0, 0.0, 0.0, 0.0, 0.0]
[0.0, 0.0, 0.0, 0.0, 0.0, 0.0, 0.0, 0.0, 0.0, 0.0, 0.0, 0.0, 0.0, 0.0, 0.0, 0.0]
[0.0, 0.0, 0.0, 0.0, 0.0, 0.0, 0.0, 0.0, 0.0, 0.0, 0.0, 0.0, 0.0, 0.0, 0.0, 0.0]
[0.0, 0.0, 0.0, 0.0, 0.0, 0.0, 0.0, 0.0, 0.0, 0.0, 0.0, 0.0, 0.0, 0.0, 0.0, 0.0]
[0.0, 0.0, 0.0, 0.0, 0.0, 0.0, 0.0, 0.0, 0.0, 0.0, 0.0, 0.0, 0.0, 0.0, 0.0, 0.0]
[0.0, 0.0, 0.0, 0.0, 0.0, 0.0, 0.0, 0.0, 0.0, 0.0, 0.0, 0.0, 0.0, 0.0, 0.0, 0.0]
[0.0, 0.0, 0.0, 0.0, 0.0, 0.0, 0.0, 0.0, 0.0, 0.0, 0.0, 0.0, 0.0, 0.0, 0.0, 0.0]
[0.0, 0.0, 0.0, 0.0, 0.0, 0.0, 0.0, 0.0, 0.0, 0.0, 0.0, 0.0, 0.0, 0.0, 0.0, 0.0]
[0.0, 0.0, 0.0, 0.0, 0.0, 0.0, 0.0, 0.0, 0.0, 0.0, 0.0, 0.0, 0.0, 0.0, 0.0, 0.0]
[0.0, 0.0, 0.0, 0.0, 0.0, 0.0, 0.0, 0.0, 0.0, 0.0, 0.0, 0.0, 0.0, 0.0, 0.0, 0.0]
[0.0, 0.0, 0.0, 0.0, 0.0, 0.0, 0.0, 0.0, 0.0, 0.0, 0.0, 0.0, 0.0, 0.0, 0.0, 0.0]
[0.0, 0.0, 0.0, 0.0, 0.0, 0.0, 0.0, 0.0, 0.0, 0.0, 0.0, 0.0, 0.0, 0.0, 0.0, 0.0]
[0.0, 0.0, 0.0, 0.0, 0.0, 0.0, 0.0, 0.0, 0.0, 0.0, 0.0, 0.0, 0.0, 0.0, 0.0, 0.0]
[0.0, 0.0, 0.0, 0.0, 0.0, 0.0, 0.0, 0.0, 0.0, 0.0, 0.0, 0.0, 0.0, 0.0, 0.0, 0.0]
[0.0, 0.0, 0.0, 0.0, 0.0, 0.0, 0.0, 0.0, 0.0, 0.0, 0.0, 0.0, 0.0, 0.0, 0.0, 0.0]
[0.0, 0.0, 0.0, 0.0, 0.0, 0.0, 0.0, 0.0, 0.0, 0.0, 0.0, 0.0, 0.0, 0.0, 0.0, 0.0]
[0.0, 0.0, 0.0, 0.0, 0.0, 0.0, 0.0, 0.0, 0.0, 0.0, 0.0, 0.0, 0.0, 0.0, 0.0, 0.0]
[0.0, 0.0, 0.0, 0.0, 0.0, 0.0, 0.0, 0.0, 0.0, 0.0, 0.0, 0.0, 0.0, 0.0, 0.0, 0.0]
[0.0, 0.0, 0.0, 0.0, 0.0, 0.0, 0.0, 0.0, 0.0, 0.0, 0.0, 0.0, 0.0, 0.0, 0.0, 0.0]
[0.0, 0.0, 0.0, 0.0, 0.0, 0.0, 0.0, 0.0, 0.0, 0.0, 0.0, 0.0, 0.0, 0.0, 0.0, 0.0]
[0.0, 0.0, 0.0, 0.0, 0.0, 0.0, 0.0, 0.0, 0.0, 0.0, 0.0, 0.0, 0.0, 0.0, 0.0, 0.0]
[0.0, 0.0, 0.0, 0.0, 0.0, 0.0, 0.0, 0.0, 0.0, 0.0, 0.0, 0.0, 0.0, 0.0, 0.0, 0.0]
[0.0, 0.0, 0.0, 0.0, 0.0, 0.0, 0.0, 0.0, 0.0, 0.0, 0.0, 0.0, 0.0, 0.0, 0.0, 0.0]
[0.0, 0.0, 0.0, 0.0, 0.0, 0.0, 0.0, 0.0, 0.0, 0.0, 0.0, 0.0, 0.0, 0.0, 0.0, 0.0]
[0.0, 0.0, 0.0, 0.0, 0.0, 0.0, 0.0, 0.0, 0.0, 0.0, 0.0, 0.0, 0.0, 0.0, 0.0, 0.0]
[0.0, 0.0, 0.0, 0.0, 0.0, 0.0, 0.0, 0.0, 0.0, 0.0, 0.0, 0.0, 0.0, 0.0, 0.0, 0.0]
[0.0, 0.0, 0.0, 0.0, 0.0, 0.0, 0.0, 0.0, 0.0, 0.0, 0.0, 0.0, 0.0, 0.0, 0.0, 0.0]
[0.0, 0.0, 0.0, 0.0, 0.0, 0.0, 0.0, 0.0, 0.0, 0.0, 0.0, 0.0, 0.0, 0.0, 0.0, 0.0]
[0.0, 0.0, 0.0, 0.0, 0.0, 0.0, 0.0, 0.0, 0.0, 0.0, 0.0, 0.0, 0.0, 0.0, 0.0, 0.0]
[0.0, 0.0, 0.0, 0.0, 0.0, 0.0, 0.0, 0.0, 0.0, 0.0, 0.0, 0.0, 0.0, 0.0, 0.0, 0.0]
[0.0, 0.0, 0.0, 0.0, 0.0, 0.0, 0.0, 0.0, 0.0, 0.0, 0.0, 0.0, 0.0, 0.0, 0.0, 0.0]
[0.0, 0.0, 0.0, 0.0, 0.0, 0.0, 0.0, 0.0, 0.0, 0.0, 0.0, 0.0, 0.0, 0.0, 0.0, 0.0]
[0.0, 0.0, 0.0, 0.0, 0.0, 0.0, 0.0, 0.0, 0.0, 0.0, 0.0, 0.0, 0.0, 0.0, 0.0, 0.0]
[0.0, 0.0, 0.0, 0.0, 0.0, 0.0, 0.0, 0.0, 0.0, 0.0, 0.0, 0.0, 0.0, 0.0, 0.0, 0.0]
[0.0, 0.0, 0.0, 0.0, 0.0, 0.0, 0.0, 0.0, 0.0, 0.0, 0.0, 0.0, 0.0, 0.0, 0.0, 0.0]
[0.0, 0.0, 0.0, 0.0, 0.0, 0.0, 0.0, 0.0, 0.0, 0.0, 0.0, 0.0, 0.0, 0.0, 0.0, 0.0]
[0.0, 0.0, 0.0, 0.0, 0.0, 0.0, 0.0, 0.0, 0.0, 0.0, 0.0, 0.0, 0.0, 0.0, 0.0, 0.0]
[0.0, 0.0, 0.0, 0.0, 0.0, 0.0, 0.0, 0.0, 0.0, 0.0, 0.0, 0.0, 0.0, 0.0, 0.0, 0.0]
[0.0, 0.0, 0.0, 0.0, 0.0, 0.0, 0.0, 0.0, 0.0, 0.0, 0.0, 0.0, 0.0, 0.0, 0.0, 0.0]
[0.0, 0.0, 0.0, 0.0, 0.0, 0.0, 0.0, 0.0, 0.0, 0.0, 0.0, 0.0, 0.0, 0.0, 0.0, 0.0]
[0.0, 0.0, 0.0, 0.0, 0.0, 0.0, 0.0, 0.0, 0.0, 0.0, 0.0, 0.0, 0.0, 0.0, 0.0, 0.0]
[0.0, 0.0, 0.0, 0.0, 0.0, 0.0, 0.0, 0.0, 0.0, 0.0, 0.0, 0.0, 0.0, 0.0, 0.0, 0.0]
[0.0, 0.0, 0.0, 0.0, 0.0, 0.0, 0.0, 0.0, 0.0, 0.0, 0.0, 0.0, 0.0, 0.0, 0.0, 0.0]
[0.0, 0.0, 0.0, 0.0, 0.0, 0.0, 0.0, 0.0, 0.0, 0.0, 0.0, 0.0, 0.0, 0.0, 0.0, 0.0]
[0.0, 0.0, 0.0, 0.0, 0.0, 0.0, 0.0, 0.0, 0.0, 0.0, 0.0, 0.0, 0.0, 0.0, 0.0, 0.0]
[0.0, 0.0, 0.0, 0.0, 0.0, 0.0, 0.0, 0.0, 0.0, 0.0, 0.0, 0.0, 0.0, 0.0, 0.0, 0.0]
[0.0, 0.0, 0.0, 0.0, 0.0, 0.0, 0.0, 0.0, 0.0, 0.0, 0.0, 0.0, 0.0, 0.0, 0.0, 0.0]
[0.0, 0.0, 0.0, 0.0, 0.0, 0.0, 0.0, 0.0, 0.0, 0.0, 0.0, 0.0, 0.0, 0.0, 0.0, 0.0]
[0.0, 0.0, 0.0, 0.0, 0.0, 0.0, 0.0, 0.0, 0.0, 0.0, 0.0, 0.0, 0.0, 0.0, 0.0, 0.0]
[0.0, 0.0, 0.0, 0.0, 0.0, 0.0, 0.0, 0.0, 0.0, 0.0, 0.0, 0.0, 0.0, 0.0, 0.0, 0.0]
[0.0, 0.0, 0.0, 0.0, 0.0, 0.0, 0.0, 0.0, 0.0, 0.0, 0.0, 0.0, 0.0, 0.0, 0.0, 0.0]
[0.0, 0.0, 0.0, 0.0, 0.0, 0.0, 0.0, 0.0, 0.0, 0.0, 0.0, 0.0, 0.0, 0.0, 0.0, 0.0]
[0.0, 0.0, 0.0, 0.0, 0.0, 0.0, 0.0, 0.0, 0.0, 0.0, 0.0, 0.0, 0.0, 0.0, 0.0, 0.0]
[0.0, 0.0, 0.0, 0.0, 0.0, 0.0, 0.0, 0.0, 0.0, 0.0, 0.0, 0.0, 0.0, 0.0, 0.0, 0.0]
[0.0, 0.0, 0.0, 0.0, 0.0, 0.0, 0.0, 0.0, 0.0, 0.0, 0.0, 0.0, 0.0, 0.0, 0.0, 0.0]
[0.0, 0.0, 0.0, 0.0, 0.0, 0.0, 0.0, 0.0, 0.0, 0.0, 0.0, 0.0, 0.0, 0.0, 0.0, 0.0]
[0.0, 0.0, 0.0, 0.0, 0.0, 0.0, 0.0, 0.0, 0.0, 0.0, 0.0, 0.0, 0.0, 0.0, 0.0, 0.0]
[0.0, 0.0, 0.0, 0.0, 0.0, 0.0, 0.0, 0.0, 0.0, 0.0, 0.0, 0.0, 0.0, 0.0, 0.0, 0.0]
[0.0, 0.0, 0.0, 0.0, 0.0, 0.0, 0.0, 0.0, 0.0, 0.0, 0.0, 0.0, 0.0, 0.0, 0.0, 0.0]
[0.0, 0.0, 0.0, 0.0, 0.0, 0.0, 0.0, 0.0, 0.0, 0.0, 0.0, 0.0, 0.0, 0.0, 0.0, 0.0]
[0.0, 0.0, 0.0, 0.0, 0.0, 0.0, 0.0, 0.0, 0.0, 0.0, 0.0, 0.0, 0.0, 0.0, 0.0, 0.0]
[0.0, 0.0, 0.0, 0.0, 0.0, 0.0, 0.0, 0.0, 0.0, 0.0, 0.0, 0.0, 0.0, 0.0, 0.0, 0.0]
[0.0, 0.0, 0.0, 0.0, 0.0, 0.0, 0.0, 0.0, 0.0, 0.0, 0.0, 0.0, 0.0, 0.0, 0.0, 0.0]
[0.0, 0.0, 0.0, 0.0, 0.0, 0.0, 0.0, 0.0, 0.0, 0.0, 0.0, 0.0, 0.0, 0.0, 0.0, 0.0]
[0.0, 0.0, 0.0, 0.0, 0.0, 0.0, 0.0, 0.0, 0.0, 0.0, 0.0, 0.0, 0.0, 0.0, 0.0, 0.0]
[0.0, 0.0, 0.0, 0.0, 0.0, 0.0, 0.0, 0.0, 0.0, 0.0, 0.0, 0.0, 0.0, 0.0, 0.0, 0.0]
[0.0, 0.0, 0.0, 0.0, 0.0, 0.0, 0.0, 0.0, 0.0, 0.0, 0.0, 0.0, 0.0, 0.0, 0.0, 0.0]
[0.0, 0.0, 0.0, 0.0, 0.0, 0.0, 0.0, 0.0, 0.0, 0.0, 0.0, 0.0, 0.0, 0.0, 0.0, 0.0]
[0.0, 0.0, 0.0, 0.0, 0.0, 0.0, 0.0, 0.0, 0.0, 0.0, 0.0, 0.0, 0.0, 0.0, 0.0, 0.0]
[0.0, 0.0, 0.0, 0.0, 0.0, 0.0, 0.0, 0.0, 0.0, 0.0, 0.0, 0.0, 0.0, 0.0, 0.0, 0.0]
[0.0, 0.0, 0.0, 0.0, 0.0, 0.0, 0.0, 0.0, 0.0, 0.0, 0.0, 0.0, 0.0, 0.0, 0.0, 0.0]
[0.0, 0.0, 0.0, 0.0, 0.0, 0.0, 0.0, 0.0, 0.0, 0.0, 0.0, 0.0, 0.0, 0.0, 0.0, 0.0]
[0.0, 0.0, 0.0, 0.0, 0.0, 0.0, 0.0, 0.0, 0.0, 0.0, 0.0, 0.0, 0.0, 0.0, 0.0, 0.0]
[0.0, 0.0, 0.0, 0.0, 0.0, 0.0, 0.0, 0.0, 0.0, 0.0, 0.0, 0.0, 0.0, 0.0, 0.0, 0.0]
[0.0, 0.0, 0.0, 0.0, 0.0, 0.0, 0.0, 0.0, 0.0, 0.0, 0.0, 0.0, 0.0, 0.0, 0.0, 0.0]
[0.0, 0.0, 0.0, 0.0, 0.0, 0.0, 0.0, 0.0, 0.0, 0.0, 0.0, 0.0, 0.0, 0.0, 0.0, 0.0]
[0.0, 0.0, 0.0, 0.0, 0.0, 0.0, 0.0, 0.0, 0.0, 0.0, 0.0, 0.0, 0.0, 0.0, 0.0, 0.0]
[0.0, 0.0, 0.0, 0.0, 0.0, 0.0, 0.0, 0.0, 0.0, 0.0, 0.0, 0.0, 0.0, 0.0, 0.0, 0.0]
[0.0, 0.0, 0.0, 0.0, 0.0, 0.0, 0.0, 0.0, 0.0, 0.0, 0.0, 0.0, 0.0, 0.0, 0.0, 0.0]
[0.0, 0.0, 0.0, 0.0, 0.0, 0.0, 0.0, 0.0, 0.0, 0.0, 0.0, 0.0, 0.0, 0.0, 0.0, 0.0]
[0.0, 0.0, 0.0, 0.0, 0.0, 0.0, 0.0, 0.0, 0.0, 0.0, 0.0, 0.0, 0.0, 0.0, 0.0, 0.0]
[0.0, 0.0, 0.0, 0.0, 0.0, 0.0, 0.0, 0.0, 0.0, 0.0, 0.0, 0.0, 0.0, 0.0, 0.0, 0.0]
[0.0, 0.0, 0.0, 0.0, 0.0, 0.0, 0.0, 0.0, 0.0, 0.0, 0.0, 0.0, 0.0, 0.0, 0.0, 0.0]
[0.0, 0.0, 0.0, 0.0, 0.0, 0.0, 0.0, 0.0, 0.0, 0.0, 0.0, 0.0, 0.0, 0.0, 0.0, 0.0]
[0.0, 0.0, 0.0, 0.0, 0.0, 0.0, 0.0, 0.0, 0.0, 0.0, 0.0, 0.0, 0.0, 0.0, 0.0, 0.0]
[0.0, 0.0, 0.0, 0.0, 0.0, 0.0, 0.0, 0.0, 0.0, 0.0, 0.0, 0.0, 0.0, 0.0, 0.0, 0.0]
[0.0, 0.0, 0.0, 0.0, 0.0, 0.0, 0.0, 0.0, 0.0, 0.0, 0.0, 0.0, 0.0, 0.0, 0.0, 0.0]
[0.0, 0.0, 0.0, 0.0, 0.0, 0.0, 0.0, 0.0, 0.0, 0.0, 0.0, 0.0, 0.0, 0.0, 0.0, 0.0]
[0.0, 0.0, 0.0, 0.0, 0.0, 0.0, 0.0, 0.0, 0.0, 0.0, 0.0, 0.0, 0.0, 0.0, 0.0, 0.0]
[0.0, 0.0, 0.0, 0.0, 0.0, 0.0, 0.0, 0.0, 0.0, 0.0, 0.0, 0.0, 0.0, 0.0, 0.0, 0.0]
[0.0, 0.0, 0.0, 0.0, 0.0, 0.0, 0.0, 0.0, 0.0, 0.0, 0.0, 0.0, 0.0, 0.0, 0.0, 0.0]
[0.0, 0.0, 0.0, 0.0, 0.0, 0.0, 0.0, 0.0, 0.0, 0.0, 0.0, 0.0, 0.0, 0.0, 0.0, 0.0]
[0.0, 0.0, 0.0, 0.0, 0.0, 0.0, 0.0, 0.0, 0.0, 0.0, 0.0, 0.0, 0.0, 0.0, 0.0, 0.0]
[0.0, 0.0, 0.0, 0.0, 0.0, 0.0, 0.0, 0.0, 0.0, 0.0, 0.0, 0.0, 0.0, 0.0, 0.0, 0.0]
[0.0, 0.0, 0.0, 0.0, 0.0, 0.0, 0.0, 0.0, 0.0, 0.0, 0.0, 0.0, 0.0, 0.0, 0.0, 0.0]
[0.0, 0.0, 0.0, 0.0, 0.0, 0.0, 0.0, 0.0, 0.0, 0.0, 0.0, 0.0, 0.0, 0.0, 0.0, 0.0]
[0.0, 0.0, 0.0, 0.0, 0.0, 0.0, 0.0, 0.0, 0.0, 0.0, 0.0, 0.0, 0.0, 0.0, 0.0, 0.0]
[0.0, 0.0, 0.0, 0.0, 0.0, 0.0, 0.0, 0.0, 0.0, 0.0, 0.0, 0.0, 0.0, 0.0, 0.0, 0.0]
[0.0, 0.0, 0.0, 0.0, 0.0, 0.0, 0.0, 0.0, 0.0, 0.0, 0.0, 0.0, 0.0, 0.0, 0.0, 0.0]
[0.0, 0.0, 0.0, 0.0, 0.0, 0.0, 0.0, 0.0, 0.0, 0.0, 0.0, 0.0, 0.0, 0.0, 0.0, 0.0]
[0.0, 0.0, 0.0, 0.0, 0.0, 0.0, 0.0, 0.0, 0.0, 0.0, 0.0, 0.0, 0.0, 0.0, 0.0, 0.0]
[0.0, 0.0, 0.0, 0.0, 0.0, 0.0, 0.0, 0.0, 0.0, 0.0, 0.0, 0.0, 0.0, 0.0, 0.0, 0.0]
[0.0, 0.0, 0.0, 0.0, 0.0, 0.0, 0.0, 0.0, 0.0, 0.0, 0.0, 0.0, 0.0, 0.0, 0.0, 0.0]
[0.0, 0.0, 0.0, 0.0, 0.0, 0.0, 0.0, 0.0, 0.0, 0.0, 0.0, 0.0, 0.0, 0.0, 0.0, 0.0]
[0.0, 0.0, 0.0, 0.0, 0.0, 0.0, 0.0, 0.0, 0.0, 0.0, 0.0, 0.0, 0.0, 0.0, 0.0, 0.0]
[0.0, 0.0, 0.0, 0.0, 0.0, 0.0, 0.0, 0.0, 0.0, 0.0, 0.0, 0.0, 0.0, 0.0, 0.0, 0.0]
[0.0, 0.0, 0.0, 0.0, 0.0, 0.0, 0.0, 0.0, 0.0, 0.0, 0.0, 0.0, 0.0, 0.0, 0.0, 0.0]
[0.0, 0.0, 0.0, 0.0, 0.0, 0.0, 0.0, 0.0, 0.0, 0.0, 0.0, 0.0, 0.0, 0.0, 0.0, 0.0]
[0.0, 0.0, 0.0, 0.0, 0.0, 0.0, 0.0, 0.0, 0.0, 0.0, 0.0, 0.0, 0.0, 0.0, 0.0, 0.0]
[0.0, 0.0, 0.0, 0.0, 0.0, 0.0, 0.0, 0.0, 0.0, 0.0, 0.0, 0.0, 0.0, 0.0, 0.0, 0.0]
[0.0, 0.0, 0.0, 0.0, 0.0, 0.0, 0.0, 0.0, 0.0, 0.0, 0.0, 0.0, 0.0, 0.0, 0.0, 0.0]
[0.0, 0.0, 0.0, 0.0, 0.0, 0.0, 0.0, 0.0, 0.0, 0.0, 0.0, 0.0, 0.0, 0.0, 0.0, 0.0]
[0.0, 0.0, 0.0, 0.0, 0.0, 0.0, 0.0, 0.0, 0.0, 0.0, 0.0, 0.0, 0.0, 0.0, 0.0, 0.0]
[0.0, 0.0, 0.0, 0.0, 0.0, 0.0, 0.0, 0.0, 0.0, 0.0, 0.0, 0.0, 0.0, 0.0, 0.0, 0.0]
[0.0, 0.0, 0.0, 0.0, 0.0, 0.0, 0.0, 0.0, 0.0, 0.0, 0.0, 0.0, 0.0, 0.0, 0.0, 0.0]
[0.0, 0.0, 0.0, 0.0, 0.0, 0.0, 0.0, 0.0, 0.0, 0.0, 0.0, 0.0, 0.0, 0.0, 0.0, 0.0]
[0.0, 0.0, 0.0, 0.0, 0.0, 0.0, 0.0, 0.0, 0.0, 0.0, 0.0, 0.0, 0.0, 0.0, 0.0, 0.0]
[0.0, 0.0, 0.0, 0.0, 0.0, 0.0, 0.0, 0.0, 0.0, 0.0, 0.0, 0.0, 0.0, 0.0, 0.0, 0.0]
[0.0, 0.0, 0.0, 0.0, 0.0, 0.0, 0.0, 0.0, 0.0, 0.0, 0.0, 0.0, 0.0, 0.0, 0.0, 0.0]
[0.0, 0.0, 0.0, 0.0, 0.0, 0.0, 0.0, 0.0, 0.0, 0.0, 0.0, 0.0, 0.0, 0.0, 0.0, 0.0]
[0.0, 0.0, 0.0, 0.0, 0.0, 0.0, 0.0, 0.0, 0.0, 0.0, 0.0, 0.0, 0.0, 0.0, 0.0, 0.0]
[0.0, 0.0, 0.0, 0.0, 0.0, 0.0, 0.0, 0.0, 0.0, 0.0, 0.0, 0.0, 0.0, 0.0, 0.0, 0.0]
[0.0, 0.0, 0.0, 0.0, 0.0, 0.0, 0.0, 0.0, 0.0, 0.0, 0.0, 0.0, 0.0, 0.0, 0.0, 0.0]
[0.0, 0.0, 0.0, 0.0, 0.0, 0.0, 0.0, 0.0, 0.0, 0.0, 0.0, 0.0, 0.0, 0.0, 0.0, 0.0]
[0.0, 0.0, 0.0, 0.0, 0.0, 0.0, 0.0, 0.0, 0.0, 0.0, 0.0, 0.0, 0.0, 0.0, 0.0, 0.0]
[0.0, 0.0, 0.0, 0.0, 0.0, 0.0, 0.0, 0.0, 0.0, 0.0, 0.0, 0.0, 0.0, 0.0, 0.0, 0.0]
[0.0, 0.0, 0.0, 0.0, 0.0, 0.0, 0.0, 0.0, 0.0, 0.0, 0.0, 0.0, 0.0, 0.0, 0.0, 0.0]
[0.0, 0.0, 0.0, 0.0, 0.0, 0.0, 0.0, 0.0, 0.0, 0.0, 0.0, 0.0, 0.0, 0.0, 0.0, 0.0]
[0.0, 0.0, 0.0, 0.0, 0.0, 0.0, 0.0, 0.0, 0.0, 0.0, 0.0, 0.0, 0.0, 0.0, 0.0, 0.0]
[0.0, 0.0, 0.0, 0.0, 0.0, 0.0, 0.0, 0.0, 0.0, 0.0, 0.0, 0.0, 0.0, 0.0, 0.0, 0.0]
[0.0, 0.0, 0.0, 0.0, 0.0, 0.0, 0.0, 0.0, 0.0, 0.0, 0.0, 0.0, 0.0, 0.0, 0.0, 0.0]
[0.0, 0.0, 0.0, 0.0, 0.0, 0.0, 0.0, 0.0, 0.0, 0.0, 0.0, 0.0, 0.0, 0.0, 0.0, 0.0]
[0.0, 0.0, 0.0, 0.0, 0.0, 0.0, 0.0, 0.0, 0.0, 0.0, 0.0, 0.0, 0.0, 0.0, 0.0, 0.0]
[0.0, 0.0, 0.0, 0.0, 0.0, 0.0, 0.0, 0.0, 0.0, 0.0, 0.0, 0.0, 0.0, 0.0, 0.0, 0.0]
[0.0, 0.0, 0.0, 0.0, 0.0, 0.0, 0.0, 0.0, 0.0, 0.0, 0.0, 0.0, 0.0, 0.0, 0.0, 0.0]
[0.0, 0.0, 0.0, 0.0, 0.0, 0.0, 0.0, 0.0, 0.0, 0.0, 0.0, 0.0, 0.0, 0.0, 0.0, 0.0]
[0.0, 0.0, 0.0, 0.0, 0.0, 0.0, 0.0, 0.0, 0.0, 0.0, 0.0, 0.0, 0.0, 0.0, 0.0, 0.0]
[0.0, 0.0, 0.0, 0.0, 0.0, 0.0, 0.0, 0.0, 0.0, 0.0, 0.0, 0.0, 0.0, 0.0, 0.0, 0.0]
[0.0, 0.0, 0.0, 0.0, 0.0, 0.0, 0.0, 0.0, 0.0, 0.0, 0.0, 0.0, 0.0, 0.0, 0.0, 0.0]
[0.0, 0.0, 0.0, 0.0, 0.0, 0.0, 0.0, 0.0, 0.0, 0.0, 0.0, 0.0, 0.0, 0.0, 0.0, 0.0]
[0.0, 0.0, 0.0, 0.0, 0.0, 0.0, 0.0, 0.0, 0.0, 0.0, 0.0, 0.0, 0.0, 0.0, 0.0, 0.0]
[0.0, 0.0, 0.0, 0.0, 0.0, 0.0, 0.0, 0.0, 0.0, 0.0, 0.0, 0.0, 0.0, 0.0, 0.0, 0.0]
[0.0, 0.0, 0.0, 0.0, 0.0, 0.0, 0.0, 0.0, 0.0, 0.0, 0.0, 0.0, 0.0, 0.0, 0.0, 0.0]
[0.0, 0.0, 0.0, 0.0, 0.0, 0.0, 0.0, 0.0, 0.0, 0.0, 0.0, 0.0, 0.0, 0.0, 0.0, 0.0]
[0.0, 0.0, 0.0, 0.0, 0.0, 0.0, 0.0, 0.0, 0.0, 0.0, 0.0, 0.0, 0.0, 0.0, 0.0, 0.0]
[0.0, 0.0, 0.0, 0.0, 0.0, 0.0, 0.0, 0.0, 0.0, 0.0, 0.0, 0.0, 0.0, 0.0, 0.0, 0.0]
[0.0, 0.0, 0.0, 0.0, 0.0, 0.0, 0.0, 0.0, 0.0, 0.0, 0.0, 0.0, 0.0, 0.0, 0.0, 0.0]
[0.0, 0.0, 0.0, 0.0, 0.0, 0.0, 0.0, 0.0, 0.0, 0.0, 0.0, 0.0, 0.0, 0.0, 0.0, 0.0]
[0.0, 0.0, 0.0, 0.0, 0.0, 0.0, 0.0, 0.0, 0.0, 0.0, 0.0, 0.0, 0.0, 0.0, 0.0, 0.0]
[0.0, 0.0, 0.0, 0.0, 0.0, 0.0, 0.0, 0.0, 0.0, 0.0, 0.0, 0.0, 0.0, 0.0, 0.0, 0.0]
[0.0, 0.0, 0.0, 0.0, 0.0, 0.0, 0.0, 0.0, 0.0, 0.0, 0.0, 0.0, 0.0, 0.0, 0.0, 0.0]
[0.0, 0.0, 0.0, 0.0, 0.0, 0.0, 0.0, 0.0, 0.0, 0.0, 0.0, 0.0, 0.0, 0.0, 0.0, 0.0]
[0.0, 0.0, 0.0, 0.0, 0.0, 0.0, 0.0, 0.0, 0.0, 0.0, 0.0, 0.0, 0.0, 0.0, 0.0, 0.0]
[0.0, 0.0, 0.0, 0.0, 0.0, 0.0, 0.0, 0.0, 0.0, 0.0, 0.0, 0.0, 0.0, 0.0, 0.0, 0.0]
[0.0, 0.0, 0.0, 0.0, 0.0, 0.0, 0.0, 0.0, 0.0, 0.0, 0.0, 0.0, 0.0, 0.0, 0.0, 0.0]
[0.0, 0.0, 0.0, 0.0, 0.0, 0.0, 0.0, 0.0, 0.0, 0.0, 0.0, 0.0, 0.0, 0.0, 0.0, 0.0]
[0.0, 0.0, 0.0, 0.0, 0.0, 0.0, 0.0, 0.0, 0.0, 0.0, 0.0, 0.0, 0.0, 0.0, 0.0, 0.0]
[0.0, 0.0, 0.0, 0.0, 0.0, 0.0, 0.0, 0.0, 0.0, 0.0, 0.0, 0.0, 0.0, 0.0, 0.0, 0.0]
[0.0, 0.0, 0.0, 0.0, 0.0, 0.0, 0.0, 0.0, 0.0, 0.0, 0.0, 0.0, 0.0, 0.0, 0.0, 0.0]
[0.0, 0.0, 0.0, 0.0, 0.0, 0.0, 0.0, 0.0, 0.0, 0.0, 0.0, 0.0, 0.0, 0.0, 0.0, 0.0]
[0.0, 0.0, 0.0, 0.0, 0.0, 0.0, 0.0, 0.0, 0.0, 0.0, 0.0, 0.0, 0.0, 0.0, 0.0, 0.0]
[0.0, 0.0, 0.0, 0.0, 0.0, 0.0, 0.0, 0.0, 0.0, 0.0, 0.0, 0.0, 0.0, 0.0, 0.0, 0.0]
[0.0, 0.0, 0.0, 0.0, 0.0, 0.0, 0.0, 0.0, 0.0, 0.0, 0.0, 0.0, 0.0, 0.0, 0.0, 0.0]
[0.0, 0.0, 0.0, 0.0, 0.0, 0.0, 0.0, 0.0, 0.0, 0.0, 0.0, 0.0, 0.0, 0.0, 0.0, 0.0]
[0.0, 0.0, 0.0, 0.0, 0.0, 0.0, 0.0, 0.0, 0.0, 0.0, 0.0, 0.0, 0.0, 0.0, 0.0, 0.0]
[0.0, 0.0, 0.0, 0.0, 0.0, 0.0, 0.0, 0.0, 0.0, 0.0, 0.0, 0.0, 0.0, 0.0, 0.0, 0.0]
[0.0, 0.0, 0.0, 0.0, 0.0, 0.0, 0.0, 0.0, 0.0, 0.0, 0.0, 0.0, 0.0, 0.0, 0.0, 0.0]
[0.0, 0.0, 0.0, 0.0, 0.0, 0.0, 0.0, 0.0, 0.0, 0.0, 0.0, 0.0, 0.0, 0.0, 0.0, 0.0]
[0.0, 0.0, 0.0, 0.0, 0.0, 0.0, 0.0, 0.0, 0.0, 0.0, 0.0, 0.0, 0.0, 0.0, 0.0, 0.0]
[0.0, 0.0, 0.0, 0.0, 0.0, 0.0, 0.0, 0.0, 0.0, 0.0, 0.0, 0.0, 0.0, 0.0, 0.0, 0.0]
[0.0, 0.0, 0.0, 0.0, 0.0, 0.0, 0.0, 0.0, 0.0, 0.0, 0.0, 0.0, 0.0, 0.0, 0.0, 0.0]
[0.0, 0.0, 0.0, 0.0, 0.0, 0.0, 0.0, 0.0, 0.0, 0.0, 0.0, 0.0, 0.0, 0.0, 0.0, 0.0]
[0.0, 0.0, 0.0, 0.0, 0.0, 0.0, 0.0, 0.0, 0.0, 0.0, 0.0, 0.0, 0.0, 0.0, 0.0, 0.0]
[0.0, 0.0, 0.0, 0.0, 0.0, 0.0, 0.0, 0.0, 0.0, 0.0, 0.0, 0.0, 0.0, 0.0, 0.0, 0.0]
[0.0, 0.0, 0.0, 0.0, 0.0, 0.0, 0.0, 0.0, 0.0, 0.0, 0.0, 0.0, 0.0, 0.0, 0.0, 0.0]
[0.0, 0.0, 0.0, 0.0, 0.0, 0.0, 0.0, 0.0, 0.0, 0.0, 0.0, 0.0, 0.0, 0.0, 0.0, 0.0]
[0.0, 0.0, 0.0, 0.0, 0.0, 0.0, 0.0, 0.0, 0.0, 0.0, 0.0, 0.0, 0.0, 0.0, 0.0, 0.0]
[0.0, 0.0, 0.0, 0.0, 0.0, 0.0, 0.0, 0.0, 0.0, 0.0, 0.0, 0.0, 0.0, 0.0, 0.0, 0.0]
[0.0, 0.0, 0.0, 0.0, 0.0, 0.0, 0.0, 0.0, 0.0, 0.0, 0.0, 0.0, 0.0, 0.0, 0.0, 0.0]
[0.0, 0.0, 0.0, 0.0, 0.0, 0.0, 0.0, 0.0, 0.0, 0.0, 0.0, 0.0, 0.0, 0.0, 0.0, 0.0]
[0.0, 0.0, 0.0, 0.0, 0.0, 0.0, 0.0, 0.0, 0.0, 0.0, 0.0, 0.0, 0.0, 0.0, 0.0, 0.0]
[0.0, 0.0, 0.0, 0.0, 0.0, 0.0, 0.0, 0.0, 0.0, 0.0, 0.0, 0.0, 0.0, 0.0, 0.0, 0.0]
[0.0, 0.0, 0.0, 0.0, 0.0, 0.0, 0.0, 0.0, 0.0, 0.0, 0.0, 0.0, 0.0, 0.0, 0.0, 0.0]
[0.0, 0.0, 0.0, 0.0, 0.0, 0.0, 0.0, 0.0, 0.0, 0.0, 0.0, 0.0, 0.0, 0.0, 0.0, 0.0]
[0.0, 0.0, 0.0, 0.0, 0.0, 0.0, 0.0, 0.0, 0.0, 0.0, 0.0, 0.0, 0.0, 0.0, 0.0, 0.0]
[0.0, 0.0, 0.0, 0.0, 0.0, 0.0, 0.0, 0.0, 0.0, 0.0, 0.0, 0.0, 0.0, 0.0, 0.0, 0.0]
[0.0, 0.0, 0.0, 0.0, 0.0, 0.0, 0.0, 0.0, 0.0, 0.0, 0.0, 0.0, 0.0, 0.0, 0.0, 0.0]
[0.0, 0.0, 0.0, 0.0, 0.0, 0.0, 0.0, 0.0, 0.0, 0.0, 0.0, 0.0, 0.0, 0.0, 0.0, 0.0]
[0.0, 0.0, 0.0, 0.0, 0.0, 0.0, 0.0, 0.0, 0.0, 0.0, 0.0, 0.0, 0.0, 0.0, 0.0, 0.0]
[0.0, 0.0, 0.0, 0.0, 0.0, 0.0, 0.0, 0.0, 0.0, 0.0, 0.0, 0.0, 0.0, 0.0, 0.0, 0.0]
[0.0, 0.0, 0.0, 0.0, 0.0, 0.0, 0.0, 0.0, 0.0, 0.0, 0.0, 0.0, 0.0, 0.0, 0.0, 0.0]
[0.0, 0.0, 0.0, 0.0, 0.0, 0.0, 0.0, 0.0, 0.0, 0.0, 0.0, 0.0, 0.0, 0.0, 0.0, 0.0]
[0.0, 0.0, 0.0, 0.0, 0.0, 0.0, 0.0, 0.0, 0.0, 0.0, 0.0, 0.0, 0.0, 0.0, 0.0, 0.0]
[0.0, 0.0, 0.0, 0.0, 0.0, 0.0, 0.0, 0.0, 0.0, 0.0, 0.0, 0.0, 0.0, 0.0, 0.0, 0.0]
[0.0, 0.0, 0.0, 0.0, 0.0, 0.0, 0.0, 0.0, 0.0, 0.0, 0.0, 0.0, 0.0, 0.0, 0.0, 0.0]
[0.0, 0.0, 0.0, 0.0, 0.0, 0.0, 0.0, 0.0, 0.0, 0.0, 0.0, 0.0, 0.0, 0.0, 0.0, 0.0]
[0.0, 0.0, 0.0, 0.0, 0.0, 0.0, 0.0, 0.0, 0.0, 0.0, 0.0, 0.0, 0.0, 0.0, 0.0, 0.0]
[0.0, 0.0, 0.0, 0.0, 0.0, 0.0, 0.0, 0.0, 0.0, 0.0, 0.0, 0.0, 0.0, 0.0, 0.0, 0.0]
[0.0, 0.0, 0.0, 0.0, 0.0, 0.0, 0.0, 0.0, 0.0, 0.0, 0.0, 0.0, 0.0, 0.0, 0.0, 0.0]
[0.0, 0.0, 0.0, 0.0, 0.0, 0.0, 0.0, 0.0, 0.0, 0.0, 0.0, 0.0, 0.0, 0.0, 0.0, 0.0]
[0.0, 0.0, 0.0, 0.0, 0.0, 0.0, 0.0, 0.0, 0.0, 0.0, 0.0, 0.0, 0.0, 0.0, 0.0, 0.0]
[0.0, 0.0, 0.0, 0.0, 0.0, 0.0, 0.0, 0.0, 0.0, 0.0, 0.0, 0.0, 0.0, 0.0, 0.0, 0.0]
[0.0, 0.0, 0.0, 0.0, 0.0, 0.0, 0.0, 0.0, 0.0, 0.0, 0.0, 0.0, 0.0, 0.0, 0.0, 0.0]
[0.0, 0.0, 0.0, 0.0, 0.0, 0.0, 0.0, 0.0, 0.0, 0.0, 0.0, 0.0, 0.0, 0.0, 0.0, 0.0]
[0.0, 0.0, 0.0, 0.0, 0.0, 0.0, 0.0, 0.0, 0.0, 0.0, 0.0, 0.0, 0.0, 0.0, 0.0, 0.0]
[0.0, 0.0, 0.0, 0.0, 0.0, 0.0, 0.0, 0.0, 0.0, 0.0, 0.0, 0.0, 0.0, 0.0, 0.0, 0.0]
[0.0, 0.0, 0.0, 0.0, 0.0, 0.0, 0.0, 0.0, 0.0, 0.0, 0.0, 0.0, 0.0, 0.0, 0.0, 0.0]
[0.0, 0.0, 0.0, 0.0, 0.0, 0.0, 0.0, 0.0, 0.0, 0.0, 0.0, 0.0, 0.0, 0.0, 0.0, 0.0]
[0.0, 0.0, 0.0, 0.0, 0.0, 0.0, 0.0, 0.0, 0.0, 0.0, 0.0, 0.0, 0.0, 0.0, 0.0, 0.0]
[0.0, 0.0, 0.0, 0.0, 0.0, 0.0, 0.0, 0.0, 0.0, 0.0, 0.0, 0.0, 0.0, 0.0, 0.0, 0.0]
[0.0, 0.0, 0.0, 0.0, 0.0, 0.0, 0.0, 0.0, 0.0, 0.0, 0.0, 0.0, 0.0, 0.0, 0.0, 0.0]
[0.0, 0.0, 0.0, 0.0, 0.0, 0.0, 0.0, 0.0, 0.0, 0.0, 0.0, 0.0, 0.0, 0.0, 0.0, 0.0]
[0.0, 0.0, 0.0, 0.0, 0.0, 0.0, 0.0, 0.0, 0.0, 0.0, 0.0, 0.0, 0.0, 0.0, 0.0, 0.0]
[0.0, 0.0, 0.0, 0.0, 0.0, 0.0, 0.0, 0.0, 0.0, 0.0, 0.0, 0.0, 0.0, 0.0, 0.0, 0.0]
[0.0, 0.0, 0.0, 0.0, 0.0, 0.0, 0.0, 0.0, 0.0, 0.0, 0.0, 0.0, 0.0, 0.0, 0.0, 0.0]
[0.0, 0.0, 0.0, 0.0, 0.0, 0.0, 0.0, 0.0, 0.0, 0.0, 0.0, 0.0, 0.0, 0.0, 0.0, 0.0]
[0.0, 0.0, 0.0, 0.0, 0.0, 0.0, 0.0, 0.0, 0.0, 0.0, 0.0, 0.0, 0.0, 0.0, 0.0, 0.0]
[0.0, 0.0, 0.0, 0.0, 0.0, 0.0, 0.0, 0.0, 0.0, 0.0, 0.0, 0.0, 0.0, 0.0, 0.0, 0.0]
[0.0, 0.0, 0.0, 0.0, 0.0, 0.0, 0.0, 0.0, 0.0, 0.0, 0.0, 0.0, 0.0, 0.0, 0.0, 0.0]
[0.0, 0.0, 0.0, 0.0, 0.0, 0.0, 0.0, 0.0, 0.0, 0.0, 0.0, 0.0, 0.0, 0.0, 0.0, 0.0]
[0.0, 0.0, 0.0, 0.0, 0.0, 0.0, 0.0, 0.0, 0.0, 0.0, 0.0, 0.0, 0.0, 0.0, 0.0, 0.0]
[0.0, 0.0, 0.0, 0.0, 0.0, 0.0, 0.0, 0.0, 0.0, 0.0, 0.0, 0.0, 0.0, 0.0, 0.0, 0.0]
[0.0, 0.0, 0.0, 0.0, 0.0, 0.0, 0.0, 0.0, 0.0, 0.0, 0.0, 0.0, 0.0, 0.0, 0.0, 0.0]
[0.0, 0.0, 0.0, 0.0, 0.0, 0.0, 0.0, 0.0, 0.0, 0.0, 0.0, 0.0, 0.0, 0.0, 0.0, 0.0]
[0.0, 0.0, 0.0, 0.0, 0.0, 0.0, 0.0, 0.0, 0.0, 0.0, 0.0, 0.0, 0.0, 0.0, 0.0, 0.0]
[0.0, 0.0, 0.0, 0.0, 0.0, 0.0, 0.0, 0.0, 0.0, 0.0, 0.0, 0.0, 0.0, 0.0, 0.0, 0.0]
[0.0, 0.0, 0.0, 0.0, 0.0, 0.0, 0.0, 0.0, 0.0, 0.0, 0.0, 0.0, 0.0, 0.0, 0.0, 0.0]
[0.0, 0.0, 0.0, 0.0, 0.0, 0.0, 0.0, 0.0, 0.0, 0.0, 0.0, 0.0, 0.0, 0.0, 0.0, 0.0]
[0.0, 0.0, 0.0, 0.0, 0.0, 0.0, 0.0, 0.0, 0.0, 0.0, 0.0, 0.0, 0.0, 0.0, 0.0, 0.0]
[0.0, 0.0, 0.0, 0.0, 0.0, 0.0, 0.0, 0.0, 0.0, 0.0, 0.0, 0.0, 0.0, 0.0, 0.0, 0.0]
[0.0, 0.0, 0.0, 0.0, 0.0, 0.0, 0.0, 0.0, 0.0, 0.0, 0.0, 0.0, 0.0, 0.0, 0.0, 0.0]
[0.0, 0.0, 0.0, 0.0, 0.0, 0.0, 0.0, 0.0, 0.0, 0.0, 0.0, 0.0, 0.0, 0.0, 0.0, 0.0]
[0.0, 0.0, 0.0, 0.0, 0.0, 0.0, 0.0, 0.0, 0.0, 0.0, 0.0, 0.0, 0.0, 0.0, 0.0, 0.0]
[0.0, 0.0, 0.0, 0.0, 0.0, 0.0, 0.0, 0.0, 0.0, 0.0, 0.0, 0.0, 0.0, 0.0, 0.0, 0.0]
[0.0, 0.0, 0.0, 0.0, 0.0, 0.0, 0.0, 0.0, 0.0, 0.0, 0.0, 0.0, 0.0, 0.0, 0.0, 0.0]
[0.0, 0.0, 0.0, 0.0, 0.0, 0.0, 0.0, 0.0, 0.0, 0.0, 0.0, 0.0, 0.0, 0.0, 0.0, 0.0]
[0.0, 0.0, 0.0, 0.0, 0.0, 0.0, 0.0, 0.0, 0.0, 0.0, 0.0, 0.0, 0.0, 0.0, 0.0, 0.0]
[0.0, 0.0, 0.0, 0.0, 0.0, 0.0, 0.0, 0.0, 0.0, 0.0, 0.0, 0.0, 0.0, 0.0, 0.0, 0.0]
[0.0, 0.0, 0.0, 0.0, 0.0, 0.0, 0.0, 0.0, 0.0, 0.0, 0.0, 0.0, 0.0, 0.0, 0.0, 0.0]
[0.0, 0.0, 0.0, 0.0, 0.0, 0.0, 0.0, 0.0, 0.0, 0.0, 0.0, 0.0, 0.0, 0.0, 0.0, 0.0]
[0.0, 0.0, 0.0, 0.0, 0.0, 0.0, 0.0, 0.0, 0.0, 0.0, 0.0, 0.0, 0.0, 0.0, 0.0, 0.0]
[0.0, 0.0, 0.0, 0.0, 0.0, 0.0, 0.0, 0.0, 0.0, 0.0, 0.0, 0.0, 0.0, 0.0, 0.0, 0.0]
[0.0, 0.0, 0.0, 0.0, 0.0, 0.0, 0.0, 0.0, 0.0, 0.0, 0.0, 0.0, 0.0, 0.0, 0.0, 0.0]
[0.0, 0.0, 0.0, 0.0, 0.0, 0.0, 0.0, 0.0, 0.0, 0.0, 0.0, 0.0, 0.0, 0.0, 0.0, 0.0]
[0.0, 0.0, 0.0, 0.0, 0.0, 0.0, 0.0, 0.0, 0.0, 0.0, 0.0, 0.0, 0.0, 0.0, 0.0, 0.0]
[0.0, 0.0, 0.0, 0.0, 0.0, 0.0, 0.0, 0.0, 0.0, 0.0, 0.0, 0.0, 0.0, 0.0, 0.0, 0.0]
[0.0, 0.0, 0.0, 0.0, 0.0, 0.0, 0.0, 0.0, 0.0, 0.0, 0.0, 0.0, 0.0, 0.0, 0.0, 0.0]
[0.0, 0.0, 0.0, 0.0, 0.0, 0.0, 0.0, 0.0, 0.0, 0.0, 0.0, 0.0, 0.0, 0.0, 0.0, 0.0]
[0.0, 0.0, 0.0, 0.0, 0.0, 0.0, 0.0, 0.0, 0.0, 0.0, 0.0, 0.0, 0.0, 0.0, 0.0, 0.0]
[0.0, 0.0, 0.0, 0.0, 0.0, 0.0, 0.0, 0.0, 0.0, 0.0, 0.0, 0.0, 0.0, 0.0, 0.0, 0.0]
[0.0, 0.0, 0.0, 0.0, 0.0, 0.0, 0.0, 0.0, 0.0, 0.0, 0.0, 0.0, 0.0, 0.0, 0.0, 0.0]
[0.0, 0.0, 0.0, 0.0, 0.0, 0.0, 0.0, 0.0, 0.0, 0.0, 0.0, 0.0, 0.0, 0.0, 0.0, 0.0]
[0.0, 0.0, 0.0, 0.0, 0.0, 0.0, 0.0, 0.0, 0.0, 0.0, 0.0, 0.0, 0.0, 0.0, 0.0, 0.0]
[0.0, 0.0, 0.0, 0.0, 0.0, 0.0, 0.0, 0.0, 0.0, 0.0, 0.0, 0.0, 0.0, 0.0, 0.0, 0.0]
[0.0, 0.0, 0.0, 0.0, 0.0, 0.0, 0.0, 0.0, 0.0, 0.0, 0.0, 0.0, 0.0, 0.0, 0.0, 0.0]
[0.0, 0.0, 0.0, 0.0, 0.0, 0.0, 0.0, 0.0, 0.0, 0.0, 0.0, 0.0, 0.0, 0.0, 0.0, 0.0]
[0.0, 0.0, 0.0, 0.0, 0.0, 0.0, 0.0, 0.0, 0.0, 0.0, 0.0, 0.0, 0.0, 0.0, 0.0, 0.0]
[0.0, 0.0, 0.0, 0.0, 0.0, 0.0, 0.0, 0.0, 0.0, 0.0, 0.0, 0.0, 0.0, 0.0, 0.0, 0.0]
[0.0, 0.0, 0.0, 0.0, 0.0, 0.0, 0.0, 0.0, 0.0, 0.0, 0.0, 0.0, 0.0, 0.0, 0.0, 0.0]
[0.0, 0.0, 0.0, 0.0, 0.0, 0.0, 0.0, 0.0, 0.0, 0.0, 0.0, 0.0, 0.0, 0.0, 0.0, 0.0]
[0.0, 0.0, 0.0, 0.0, 0.0, 0.0, 0.0, 0.0, 0.0, 0.0, 0.0, 0.0, 0.0, 0.0, 0.0, 0.0]
[0.0, 0.0, 0.0, 0.0, 0.0, 0.0, 0.0, 0.0, 0.0, 0.0, 0.0, 0.0, 0.0, 0.0, 0.0, 0.0]
[0.0, 0.0, 0.0, 0.0, 0.0, 0.0, 0.0, 0.0, 0.0, 0.0, 0.0, 0.0, 0.0, 0.0, 0.0, 0.0]
[0.0, 0.0, 0.0, 0.0, 0.0, 0.0, 0.0, 0.0, 0.0, 0.0, 0.0, 0.0, 0.0, 0.0, 0.0, 0.0]
[0.0, 0.0, 0.0, 0.0, 0.0, 0.0, 0.0, 0.0, 0.0, 0.0, 0.0, 0.0, 0.0, 0.0, 0.0, 0.0]
[0.0, 0.0, 0.0, 0.0, 0.0, 0.0, 0.0, 0.0, 0.0, 0.0, 0.0, 0.0, 0.0, 0.0, 0.0, 0.0]
[0.0, 0.0, 0.0, 0.0, 0.0, 0.0, 0.0, 0.0, 0.0, 0.0, 0.0, 0.0, 0.0, 0.0, 0.0, 0.0]
[0.0, 0.0, 0.0, 0.0, 0.0, 0.0, 0.0, 0.0, 0.0, 0.0, 0.0, 0.0, 0.0, 0.0, 0.0, 0.0]
[0.0, 0.0, 0.0, 0.0, 0.0, 0.0, 0.0, 0.0, 0.0, 0.0, 0.0, 0.0, 0.0, 0.0, 0.0, 0.0]
[0.0, 0.0, 0.0, 0.0, 0.0, 0.0, 0.0, 0.0, 0.0, 0.0, 0.0, 0.0, 0.0, 0.0, 0.0, 0.0]
[0.0, 0.0, 0.0, 0.0, 0.0, 0.0, 0.0, 0.0, 0.0, 0.0, 0.0, 0.0, 0.0, 0.0, 0.0, 0.0]
[0.0, 0.0, 0.0, 0.0, 0.0, 0.0, 0.0, 0.0, 0.0, 0.0, 0.0, 0.0, 0.0, 0.0, 0.0, 0.0]
[0.0, 0.0, 0.0, 0.0, 0.0, 0.0, 0.0, 0.0, 0.0, 0.0, 0.0, 0.0, 0.0, 0.0, 0.0, 0.0]
[0.0, 0.0, 0.0, 0.0, 0.0, 0.0, 0.0, 0.0, 0.0, 0.0, 0.0, 0.0, 0.0, 0.0, 0.0, 0.0]
[0.0, 0.0, 0.0, 0.0, 0.0, 0.0, 0.0, 0.0, 0.0, 0.0, 0.0, 0.0, 0.0, 0.0, 0.0, 0.0]
[0.0, 0.0, 0.0, 0.0, 0.0, 0.0, 0.0, 0.0, 0.0, 0.0, 0.0, 0.0, 0.0, 0.0, 0.0, 0.0]
[0.0, 0.0, 0.0, 0.0, 0.0, 0.0, 0.0, 0.0, 0.0, 0.0, 0.0, 0.0, 0.0, 0.0, 0.0, 0.0]
[0.0, 0.0, 0.0, 0.0, 0.0, 0.0, 0.0, 0.0, 0.0, 0.0, 0.0, 0.0, 0.0, 0.0, 0.0, 0.0]
[0.0, 0.0, 0.0, 0.0, 0.0, 0.0, 0.0, 0.0, 0.0, 0.0, 0.0, 0.0, 0.0, 0.0, 0.0, 0.0]
[0.0, 0.0, 0.0, 0.0, 0.0, 0.0, 0.0, 0.0, 0.0, 0.0, 0.0, 0.0, 0.0, 0.0, 0.0, 0.0]
[0.0, 0.0, 0.0, 0.0, 0.0, 0.0, 0.0, 0.0, 0.0, 0.0, 0.0, 0.0, 0.0, 0.0, 0.0, 0.0]
[0.0, 0.0, 0.0, 0.0, 0.0, 0.0, 0.0, 0.0, 0.0, 0.0, 0.0, 0.0, 0.0, 0.0, 0.0, 0.0]
[0.0, 0.0, 0.0, 0.0, 0.0, 0.0, 0.0, 0.0, 0.0, 0.0, 0.0, 0.0, 0.0, 0.0, 0.0, 0.0]
[0.0, 0.0, 0.0, 0.0, 0.0, 0.0, 0.0, 0.0, 0.0, 0.0, 0.0, 0.0, 0.0, 0.0, 0.0, 0.0]
[0.0, 0.0, 0.0, 0.0, 0.0, 0.0, 0.0, 0.0, 0.0, 0.0, 0.0, 0.0, 0.0, 0.0, 0.0, 0.0]
[0.0, 0.0, 0.0, 0.0, 0.0, 0.0, 0.0, 0.0, 0.0, 0.0, 0.0, 0.0, 0.0, 0.0, 0.0, 0.0]
[0.0, 0.0, 0.0, 0.0, 0.0, 0.0, 0.0, 0.0, 0.0, 0.0, 0.0, 0.0, 0.0, 0.0, 0.0, 0.0]
[0.0, 0.0, 0.0, 0.0, 0.0, 0.0, 0.0, 0.0, 0.0, 0.0, 0.0, 0.0, 0.0, 0.0, 0.0, 0.0]
[0.0, 0.0, 0.0, 0.0, 0.0, 0.0, 0.0, 0.0, 0.0, 0.0, 0.0, 0.0, 0.0, 0.0, 0.0, 0.0]
[0.0, 0.0, 0.0, 0.0, 0.0, 0.0, 0.0, 0.0, 0.0, 0.0, 0.0, 0.0, 0.0, 0.0, 0.0, 0.0]
[0.0, 0.0, 0.0, 0.0, 0.0, 0.0, 0.0, 0.0, 0.0, 0.0, 0.0, 0.0, 0.0, 0.0, 0.0, 0.0]
[0.0, 0.0, 0.0, 0.0, 0.0, 0.0, 0.0, 0.0, 0.0, 0.0, 0.0, 0.0, 0.0, 0.0, 0.0, 0.0]
[0.0, 0.0, 0.0, 0.0, 0.0, 0.0, 0.0, 0.0, 0.0, 0.0, 0.0, 0.0, 0.0, 0.0, 0.0, 0.0]
[0.0, 0.0, 0.0, 0.0, 0.0, 0.0, 0.0, 0.0, 0.0, 0.0, 0.0, 0.0, 0.0, 0.0, 0.0, 0.0]
[0.0, 0.0, 0.0, 0.0, 0.0, 0.0, 0.0, 0.0, 0.0, 0.0, 0.0, 0.0, 0.0, 0.0, 0.0, 0.0]
[0.0, 0.0, 0.0, 0.0, 0.0, 0.0, 0.0, 0.0, 0.0, 0.0, 0.0, 0.0, 0.0, 0.0, 0.0, 0.0]
[0.0, 0.0, 0.0, 0.0, 0.0, 0.0, 0.0, 0.0, 0.0, 0.0, 0.0, 0.0, 0.0, 0.0, 0.0, 0.0]
[0.0, 0.0, 0.0, 0.0, 0.0, 0.0, 0.0, 0.0, 0.0, 0.0, 0.0, 0.0, 0.0, 0.0, 0.0, 0.0]
[0.0, 0.0, 0.0, 0.0, 0.0, 0.0, 0.0, 0.0, 0.0, 0.0, 0.0, 0.0, 0.0, 0.0, 0.0, 0.0]
[0.0, 0.0, 0.0, 0.0, 0.0, 0.0, 0.0, 0.0, 0.0, 0.0, 0.0, 0.0, 0.0, 0.0, 0.0, 0.0]
[0.0, 0.0, 0.0, 0.0, 0.0, 0.0, 0.0, 0.0, 0.0, 0.0, 0.0, 0.0, 0.0, 0.0, 0.0, 0.0]
[0.0, 0.0, 0.0, 0.0, 0.0, 0.0, 0.0, 0.0, 0.0, 0.0, 0.0, 0.0, 0.0, 0.0, 0.0, 0.0]
[0.0, 0.0, 0.0, 0.0, 0.0, 0.0, 0.0, 0.0, 0.0, 0.0, 0.0, 0.0, 0.0, 0.0, 0.0, 0.0]
[0.0, 0.0, 0.0, 0.0, 0.0, 0.0, 0.0, 0.0, 0.0, 0.0, 0.0, 0.0, 0.0, 0.0, 0.0, 0.0]
[0.0, 0.0, 0.0, 0.0, 0.0, 0.0, 0.0, 0.0, 0.0, 0.0, 0.0, 0.0, 0.0, 0.0, 0.0, 0.0]
[0.0, 0.0, 0.0, 0.0, 0.0, 0.0, 0.0, 0.0, 0.0, 0.0, 0.0, 0.0, 0.0, 0.0, 0.0, 0.0]
[0.0, 0.0, 0.0, 0.0, 0.0, 0.0, 0.0, 0.0, 0.0, 0.0, 0.0, 0.0, 0.0, 0.0, 0.0, 0.0]
[0.0, 0.0, 0.0, 0.0, 0.0, 0.0, 0.0, 0.0, 0.0, 0.0, 0.0, 0.0, 0.0, 0.0, 0.0, 0.0]
[0.0, 0.0, 0.0, 0.0, 0.0, 0.0, 0.0, 0.0, 0.0, 0.0, 0.0, 0.0, 0.0, 0.0, 0.0, 0.0]
[0.0, 0.0, 0.0, 0.0, 0.0, 0.0, 0.0, 0.0, 0.0, 0.0, 0.0, 0.0, 0.0, 0.0, 0.0, 0.0]
[0.0, 0.0, 0.0, 0.0, 0.0, 0.0, 0.0, 0.0, 0.0, 0.0, 0.0, 0.0, 0.0, 0.0, 0.0, 0.0]
[0.0, 0.0, 0.0, 0.0, 0.0, 0.0, 0.0, 0.0, 0.0, 0.0, 0.0, 0.0, 0.0, 0.0, 0.0, 0.0]
[0.0, 0.0, 0.0, 0.0, 0.0, 0.0, 0.0, 0.0, 0.0, 0.0, 0.0, 0.0, 0.0, 0.0, 0.0, 0.0]
[0.0, 0.0, 0.0, 0.0, 0.0, 0.0, 0.0, 0.0, 0.0, 0.0, 0.0, 0.0, 0.0, 0.0, 0.0, 0.0]
[0.0, 0.0, 0.0, 0.0, 0.0, 0.0, 0.0, 0.0, 0.0, 0.0, 0.0, 0.0, 0.0, 0.0, 0.0, 0.0]
[0.0, 0.0, 0.0, 0.0, 0.0, 0.0, 0.0, 0.0, 0.0, 0.0, 0.0, 0.0, 0.0, 0.0, 0.0, 0.0]
[0.0, 0.0, 0.0, 0.0, 0.0, 0.0, 0.0, 0.0, 0.0, 0.0, 0.0, 0.0, 0.0, 0.0, 0.0, 0.0]
[0.0, 0.0, 0.0, 0.0, 0.0, 0.0, 0.0, 0.0, 0.0, 0.0, 0.0, 0.0, 0.0, 0.0, 0.0, 0.0]
[0.0, 0.0, 0.0, 0.0, 0.0, 0.0, 0.0, 0.0, 0.0, 0.0, 0.0, 0.0, 0.0, 0.0, 0.0, 0.0]
[0.0, 0.0, 0.0, 0.0, 0.0, 0.0, 0.0, 0.0, 0.0, 0.0, 0.0, 0.0, 0.0, 0.0, 0.0, 0.0]
[0.0, 0.0, 0.0, 0.0, 0.0, 0.0, 0.0, 0.0, 0.0, 0.0, 0.0, 0.0, 0.0, 0.0, 0.0, 0.0]
[0.0, 0.0, 0.0, 0.0, 0.0, 0.0, 0.0, 0.0, 0.0, 0.0, 0.0, 0.0, 0.0, 0.0, 0.0, 0.0]
[0.0, 0.0, 0.0, 0.0, 0.0, 0.0, 0.0, 0.0, 0.0, 0.0, 0.0, 0.0, 0.0, 0.0, 0.0, 0.0]
[0.0, 0.0, 0.0, 0.0, 0.0, 0.0, 0.0, 0.0, 0.0, 0.0, 0.0, 0.0, 0.0, 0.0, 0.0, 0.0]
[0.0, 0.0, 0.0, 0.0, 0.0, 0.0, 0.0, 0.0, 0.0, 0.0, 0.0, 0.0, 0.0, 0.0, 0.0, 0.0]
[0.0, 0.0, 0.0, 0.0, 0.0, 0.0, 0.0, 0.0, 0.0, 0.0, 0.0, 0.0, 0.0, 0.0, 0.0, 0.0]
[0.0, 0.0, 0.0, 0.0, 0.0, 0.0, 0.0, 0.0, 0.0, 0.0, 0.0, 0.0, 0.0, 0.0, 0.0, 0.0]
[0.0, 0.0, 0.0, 0.0, 0.0, 0.0, 0.0, 0.0, 0.0, 0.0, 0.0, 0.0, 0.0, 0.0, 0.0, 0.0]
[0.0, 0.0, 0.0, 0.0, 0.0, 0.0, 0.0, 0.0, 0.0, 0.0, 0.0, 0.0, 0.0, 0.0, 0.0, 0.0]
[0.0, 0.0, 0.0, 0.0, 0.0, 0.0, 0.0, 0.0, 0.0, 0.0, 0.0, 0.0, 0.0, 0.0, 0.0, 0.0]
[0.0, 0.0, 0.0, 0.0, 0.0, 0.0, 0.0, 0.0, 0.0, 0.0, 0.0, 0.0, 0.0, 0.0, 0.0, 0.0]
[0.0, 0.0, 0.0, 0.0, 0.0, 0.0, 0.0, 0.0, 0.0, 0.0, 0.0, 0.0, 0.0, 0.0, 0.0, 0.0]
[0.0, 0.0, 0.0, 0.0, 0.0, 0.0, 0.0, 0.0, 0.0, 0.0, 0.0, 0.0, 0.0, 0.0, 0.0, 0.0]
[0.0, 0.0, 0.0, 0.0, 0.0, 0.0, 0.0, 0.0, 0.0, 0.0, 0.0, 0.0, 0.0, 0.0, 0.0, 0.0]
[0.0, 0.0, 0.0, 0.0, 0.0, 0.0, 0.0, 0.0, 0.0, 0.0, 0.0, 0.0, 0.0, 0.0, 0.0, 0.0]
[0.0, 0.0, 0.0, 0.0, 0.0, 0.0, 0.0, 0.0, 0.0, 0.0, 0.0, 0.0, 0.0, 0.0, 0.0, 0.0]
[0.0, 0.0, 0.0, 0.0, 0.0, 0.0, 0.0, 0.0, 0.0, 0.0, 0.0, 0.0, 0.0, 0.0, 0.0, 0.0]
[0.0, 0.0, 0.0, 0.0, 0.0, 0.0, 0.0, 0.0, 0.0, 0.0, 0.0, 0.0, 0.0, 0.0, 0.0, 0.0]
[0.0, 0.0, 0.0, 0.0, 0.0, 0.0, 0.0, 0.0, 0.0, 0.0, 0.0, 0.0, 0.0, 0.0, 0.0, 0.0]
[0.0, 0.0, 0.0, 0.0, 0.0, 0.0, 0.0, 0.0, 0.0, 0.0, 0.0, 0.0, 0.0, 0.0, 0.0, 0.0]
[0.0, 0.0, 0.0, 0.0, 0.0, 0.0, 0.0, 0.0, 0.0, 0.0, 0.0, 0.0, 0.0, 0.0, 0.0, 0.0]
[0.0, 0.0, 0.0, 0.0, 0.0, 0.0, 0.0, 0.0, 0.0, 0.0, 0.0, 0.0, 0.0, 0.0, 0.0, 0.0]
[0.0, 0.0, 0.0, 0.0, 0.0, 0.0, 0.0, 0.0, 0.0, 0.0, 0.0, 0.0, 0.0, 0.0, 0.0, 0.0]
[0.0, 0.0, 0.0, 0.0, 0.0, 0.0, 0.0, 0.0, 0.0, 0.0, 0.0, 0.0, 0.0, 0.0, 0.0, 0.0]
[0.0, 0.0, 0.0, 0.0, 0.0, 0.0, 0.0, 0.0, 0.0, 0.0, 0.0, 0.0, 0.0, 0.0, 0.0, 0.0]
[0.0, 0.0, 0.0, 0.0, 0.0, 0.0, 0.0, 0.0, 0.0, 0.0, 0.0, 0.0, 0.0, 0.0, 0.0, 0.0]
[0.0, 0.0, 0.0, 0.0, 0.0, 0.0, 0.0, 0.0, 0.0, 0.0, 0.0, 0.0, 0.0, 0.0, 0.0, 0.0]
[0.0, 0.0, 0.0, 0.0, 0.0, 0.0, 0.0, 0.0, 0.0, 0.0, 0.0, 0.0, 0.0, 0.0, 0.0, 0.0]
[0.0, 0.0, 0.0, 0.0, 0.0, 0.0, 0.0, 0.0, 0.0, 0.0, 0.0, 0.0, 0.0, 0.0, 0.0, 0.0]
[0.0, 0.0, 0.0, 0.0, 0.0, 0.0, 0.0, 0.0, 0.0, 0.0, 0.0, 0.0, 0.0, 0.0, 0.0, 0.0]
[0.0, 0.0, 0.0, 0.0, 0.0, 0.0, 0.0, 0.0, 0.0, 0.0, 0.0, 0.0, 0.0, 0.0, 0.0, 0.0]
[0.0, 0.0, 0.0, 0.0, 0.0, 0.0, 0.0, 0.0, 0.0, 0.0, 0.0, 0.0, 0.0, 0.0, 0.0, 0.0]
[0.0, 0.0, 0.0, 0.0, 0.0, 0.0, 0.0, 0.0, 0.0, 0.0, 0.0, 0.0, 0.0, 0.0, 0.0, 0.0]
[0.0, 0.0, 0.0, 0.0, 0.0, 0.0, 0.0, 0.0, 0.0, 0.0, 0.0, 0.0, 0.0, 0.0, 0.0, 0.0]
[0.0, 0.0, 0.0, 0.0, 0.0, 0.0, 0.0, 0.0, 0.0, 0.0, 0.0, 0.0, 0.0, 0.0, 0.0, 0.0]
[0.0, 0.0, 0.0, 0.0, 0.0, 0.0, 0.0, 0.0, 0.0, 0.0, 0.0, 0.0, 0.0, 0.0, 0.0, 0.0]
[0.0, 0.0, 0.0, 0.0, 0.0, 0.0, 0.0, 0.0, 0.0, 0.0, 0.0, 0.0, 0.0, 0.0, 0.0, 0.0]
[0.0, 0.0, 0.0, 0.0, 0.0, 0.0, 0.0, 0.0, 0.0, 0.0, 0.0, 0.0, 0.0, 0.0, 0.0, 0.0]
[0.0, 0.0, 0.0, 0.0, 0.0, 0.0, 0.0, 0.0, 0.0, 0.0, 0.0, 0.0, 0.0, 0.0, 0.0, 0.0]
[0.0, 0.0, 0.0, 0.0, 0.0, 0.0, 0.0, 0.0, 0.0, 0.0, 0.0, 0.0, 0.0, 0.0, 0.0, 0.0]
[0.0, 0.0, 0.0, 0.0, 0.0, 0.0, 0.0, 0.0, 0.0, 0.0, 0.0, 0.0, 0.0, 0.0, 0.0, 0.0]
[0.0, 0.0, 0.0, 0.0, 0.0, 0.0, 0.0, 0.0, 0.0, 0.0, 0.0, 0.0, 0.0, 0.0, 0.0, 0.0]
[0.0, 0.0, 0.0, 0.0, 0.0, 0.0, 0.0, 0.0, 0.0, 0.0, 0.0, 0.0, 0.0, 0.0, 0.0, 0.0]
[0.0, 0.0, 0.0, 0.0, 0.0, 0.0, 0.0, 0.0, 0.0, 0.0, 0.0, 0.0, 0.0, 0.0, 0.0, 0.0]
[0.0, 0.0, 0.0, 0.0, 0.0, 0.0, 0.0, 0.0, 0.0, 0.0, 0.0, 0.0, 0.0, 0.0, 0.0, 0.0]
[0.0, 0.0, 0.0, 0.0, 0.0, 0.0, 0.0, 0.0, 0.0, 0.0, 0.0, 0.0, 0.0, 0.0, 0.0, 0.0]
[0.0, 0.0, 0.0, 0.0, 0.0, 0.0, 0.0, 0.0, 0.0, 0.0, 0.0, 0.0, 0.0, 0.0, 0.0, 0.0]
[0.0, 0.0, 0.0, 0.0, 0.0, 0.0, 0.0, 0.0, 0.0, 0.0, 0.0, 0.0, 0.0, 0.0, 0.0, 0.0]
[0.0, 0.0, 0.0, 0.0, 0.0, 0.0, 0.0, 0.0, 0.0, 0.0, 0.0, 0.0, 0.0, 0.0, 0.0, 0.0]
[0.0, 0.0, 0.0, 0.0, 0.0, 0.0, 0.0, 0.0, 0.0, 0.0, 0.0, 0.0, 0.0, 0.0, 0.0, 0.0]
[0.0, 0.0, 0.0, 0.0, 0.0, 0.0, 0.0, 0.0, 0.0, 0.0, 0.0, 0.0, 0.0, 0.0, 0.0, 0.0]
[0.0, 0.0, 0.0, 0.0, 0.0, 0.0, 0.0, 0.0, 0.0, 0.0, 0.0, 0.0, 0.0, 0.0, 0.0, 0.0]
[0.0, 0.0, 0.0, 0.0, 0.0, 0.0, 0.0, 0.0, 0.0, 0.0, 0.0, 0.0, 0.0, 0.0, 0.0, 0.0]
[0.0, 0.0, 0.0, 0.0, 0.0, 0.0, 0.0, 0.0, 0.0, 0.0, 0.0, 0.0, 0.0, 0.0, 0.0, 0.0]
[0.0, 0.0, 0.0, 0.0, 0.0, 0.0, 0.0, 0.0, 0.0, 0.0, 0.0, 0.0, 0.0, 0.0, 0.0, 0.0]
[0.0, 0.0, 0.0, 0.0, 0.0, 0.0, 0.0, 0.0, 0.0, 0.0, 0.0, 0.0, 0.0, 0.0, 0.0, 0.0]
[0.0, 0.0, 0.0, 0.0, 0.0, 0.0, 0.0, 0.0, 0.0, 0.0, 0.0, 0.0, 0.0, 0.0, 0.0, 0.0]
[0.0, 0.0, 0.0, 0.0, 0.0, 0.0, 0.0, 0.0, 0.0, 0.0, 0.0, 0.0, 0.0, 0.0, 0.0, 0.0]
[0.0, 0.0, 0.0, 0.0, 0.0, 0.0, 0.0, 0.0, 0.0, 0.0, 0.0, 0.0, 0.0, 0.0, 0.0, 0.0]
[0.0, 0.0, 0.0, 0.0, 0.0, 0.0, 0.0, 0.0, 0.0, 0.0, 0.0, 0.0, 0.0, 0.0, 0.0, 0.0]
[0.0, 0.0, 0.0, 0.0, 0.0, 0.0, 0.0, 0.0, 0.0, 0.0, 0.0, 0.0, 0.0, 0.0, 0.0, 0.0]
[0.0, 0.0, 0.0, 0.0, 0.0, 0.0, 0.0, 0.0, 0.0, 0.0, 0.0, 0.0, 0.0, 0.0, 0.0, 0.0]
[0.0, 0.0, 0.0, 0.0, 0.0, 0.0, 0.0, 0.0, 0.0, 0.0, 0.0, 0.0, 0.0, 0.0, 0.0, 0.0]
[0.0, 0.0, 0.0, 0.0, 0.0, 0.0, 0.0, 0.0, 0.0, 0.0, 0.0, 0.0, 0.0, 0.0, 0.0, 0.0]
[0.0, 0.0, 0.0, 0.0, 0.0, 0.0, 0.0, 0.0, 0.0, 0.0, 0.0, 0.0, 0.0, 0.0, 0.0, 0.0]
[0.0, 0.0, 0.0, 0.0, 0.0, 0.0, 0.0, 0.0, 0.0, 0.0, 0.0, 0.0, 0.0, 0.0, 0.0, 0.0]
[0.0, 0.0, 0.0, 0.0, 0.0, 0.0, 0.0, 0.0, 0.0, 0.0, 0.0, 0.0, 0.0, 0.0, 0.0, 0.0]
[0.0, 0.0, 0.0, 0.0, 0.0, 0.0, 0.0, 0.0, 0.0, 0.0, 0.0, 0.0, 0.0, 0.0, 0.0, 0.0]
[0.0, 0.0, 0.0, 0.0, 0.0, 0.0, 0.0, 0.0, 0.0, 0.0, 0.0, 0.0, 0.0, 0.0, 0.0, 0.0]
[0.0, 0.0, 0.0, 0.0, 0.0, 0.0, 0.0, 0.0, 0.0, 0.0, 0.0, 0.0, 0.0, 0.0, 0.0, 0.0]
[0.0, 0.0, 0.0, 0.0, 0.0, 0.0, 0.0, 0.0, 0.0, 0.0, 0.0, 0.0, 0.0, 0.0, 0.0, 0.0]
[0.0, 0.0, 0.0, 0.0, 0.0, 0.0, 0.0, 0.0, 0.0, 0.0, 0.0, 0.0, 0.0, 0.0, 0.0, 0.0]
[0.0, 0.0, 0.0, 0.0, 0.0, 0.0, 0.0, 0.0, 0.0, 0.0, 0.0, 0.0, 0.0, 0.0, 0.0, 0.0]
[0.0, 0.0, 0.0, 0.0, 0.0, 0.0, 0.0, 0.0, 0.0, 0.0, 0.0, 0.0, 0.0, 0.0, 0.0, 0.0]
[0.0, 0.0, 0.0, 0.0, 0.0, 0.0, 0.0, 0.0, 0.0, 0.0, 0.0, 0.0, 0.0, 0.0, 0.0, 0.0]
[0.0, 0.0, 0.0, 0.0, 0.0, 0.0, 0.0, 0.0, 0.0, 0.0, 0.0, 0.0, 0.0, 0.0, 0.0, 0.0]
[0.0, 0.0, 0.0, 0.0, 0.0, 0.0, 0.0, 0.0, 0.0, 0.0, 0.0, 0.0, 0.0, 0.0, 0.0, 0.0]
[0.0, 0.0, 0.0, 0.0, 0.0, 0.0, 0.0, 0.0, 0.0, 0.0, 0.0, 0.0, 0.0, 0.0, 0.0, 0.0]
[0.0, 0.0, 0.0, 0.0, 0.0, 0.0, 0.0, 0.0, 0.0, 0.0, 0.0, 0.0, 0.0, 0.0, 0.0, 0.0]
[0.0, 0.0, 0.0, 0.0, 0.0, 0.0, 0.0, 0.0, 0.0, 0.0, 0.0, 0.0, 0.0, 0.0, 0.0, 0.0]
[0.0, 0.0, 0.0, 0.0, 0.0, 0.0, 0.0, 0.0, 0.0, 0.0, 0.0, 0.0, 0.0, 0.0, 0.0, 0.0]
[0.0, 0.0, 0.0, 0.0, 0.0, 0.0, 0.0, 0.0, 0.0, 0.0, 0.0, 0.0, 0.0, 0.0, 0.0, 0.0]
[0.0, 0.0, 0.0, 0.0, 0.0, 0.0, 0.0, 0.0, 0.0, 0.0, 0.0, 0.0, 0.0, 0.0, 0.0, 0.0]
[0.0, 0.0, 0.0, 0.0, 0.0, 0.0, 0.0, 0.0, 0.0, 0.0, 0.0, 0.0, 0.0, 0.0, 0.0, 0.0]
[0.0, 0.0, 0.0, 0.0, 0.0, 0.0, 0.0, 0.0, 0.0, 0.0, 0.0, 0.0, 0.0, 0.0, 0.0, 0.0]
[0.0, 0.0, 0.0, 0.0, 0.0, 0.0, 0.0, 0.0, 0.0, 0.0, 0.0, 0.0, 0.0, 0.0, 0.0, 0.0]
[0.0, 0.0, 0.0, 0.0, 0.0, 0.0, 0.0, 0.0, 0.0, 0.0, 0.0, 0.0, 0.0, 0.0, 0.0, 0.0]
[0.0, 0.0, 0.0, 0.0, 0.0, 0.0, 0.0, 0.0, 0.0, 0.0, 0.0, 0.0, 0.0, 0.0, 0.0, 0.0]
[0.0, 0.0, 0.0, 0.0, 0.0, 0.0, 0.0, 0.0, 0.0, 0.0, 0.0, 0.0, 0.0, 0.0, 0.0, 0.0]
[0.0, 0.0, 0.0, 0.0, 0.0, 0.0, 0.0, 0.0, 0.0, 0.0, 0.0, 0.0, 0.0, 0.0, 0.0, 0.0]
[0.0, 0.0, 0.0, 0.0, 0.0, 0.0, 0.0, 0.0, 0.0, 0.0, 0.0, 0.0, 0.0, 0.0, 0.0, 0.0]
[0.0, 0.0, 0.0, 0.0, 0.0, 0.0, 0.0, 0.0, 0.0, 0.0, 0.0, 0.0, 0.0, 0.0, 0.0, 0.0]
[0.0, 0.0, 0.0, 0.0, 0.0, 0.0, 0.0, 0.0, 0.0, 0.0, 0.0, 0.0, 0.0, 0.0, 0.0, 0.0]
[0.0, 0.0, 0.0, 0.0, 0.0, 0.0, 0.0, 0.0, 0.0, 0.0, 0.0, 0.0, 0.0, 0.0, 0.0, 0.0]
[0.0, 0.0, 0.0, 0.0, 0.0, 0.0, 0.0, 0.0, 0.0, 0.0, 0.0, 0.0, 0.0, 0.0, 0.0, 0.0]
[0.0, 0.0, 0.0, 0.0, 0.0, 0.0, 0.0, 0.0, 0.0, 0.0, 0.0, 0.0, 0.0, 0.0, 0.0, 0.0]
[0.0, 0.0, 0.0, 0.0, 0.0, 0.0, 0.0, 0.0, 0.0, 0.0, 0.0, 0.0, 0.0, 0.0, 0.0, 0.0]
[0.0, 0.0, 0.0, 0.0, 0.0, 0.0, 0.0, 0.0, 0.0, 0.0, 0.0, 0.0, 0.0, 0.0, 0.0, 0.0]
[0.0, 0.0, 0.0, 0.0, 0.0, 0.0, 0.0, 0.0, 0.0, 0.0, 0.0, 0.0, 0.0, 0.0, 0.0, 0.0]
[0.0, 0.0, 0.0, 0.0, 0.0, 0.0, 0.0, 0.0, 0.0, 0.0, 0.0, 0.0, 0.0, 0.0, 0.0, 0.0]
[0.0, 0.0, 0.0, 0.0, 0.0, 0.0, 0.0, 0.0, 0.0, 0.0, 0.0, 0.0, 0.0, 0.0, 0.0, 0.0]
[0.0, 0.0, 0.0, 0.0, 0.0, 0.0, 0.0, 0.0, 0.0, 0.0, 0.0, 0.0, 0.0, 0.0, 0.0, 0.0]
[0.0, 0.0, 0.0, 0.0, 0.0, 0.0, 0.0, 0.0, 0.0, 0.0, 0.0, 0.0, 0.0, 0.0, 0.0, 0.0]
[0.0, 0.0, 0.0, 0.0, 0.0, 0.0, 0.0, 0.0, 0.0, 0.0, 0.0, 0.0, 0.0, 0.0, 0.0, 0.0]
[0.0, 0.0, 0.0, 0.0, 0.0, 0.0, 0.0, 0.0, 0.0, 0.0, 0.0, 0.0, 0.0, 0.0, 0.0, 0.0]
[0.0, 0.0, 0.0, 0.0, 0.0, 0.0, 0.0, 0.0, 0.0, 0.0, 0.0, 0.0, 0.0, 0.0, 0.0, 0.0]
[0.0, 0.0, 0.0, 0.0, 0.0, 0.0, 0.0, 0.0, 0.0, 0.0, 0.0, 0.0, 0.0, 0.0, 0.0, 0.0]
[0.0, 0.0, 0.0, 0.0, 0.0, 0.0, 0.0, 0.0, 0.0, 0.0, 0.0, 0.0, 0.0, 0.0, 0.0, 0.0]
[0.0, 0.0, 0.0, 0.0, 0.0, 0.0, 0.0, 0.0, 0.0, 0.0, 0.0, 0.0, 0.0, 0.0, 0.0, 0.0]
[0.0, 0.0, 0.0, 0.0, 0.0, 0.0, 0.0, 0.0, 0.0, 0.0, 0.0, 0.0, 0.0, 0.0, 0.0, 0.0]
[0.0, 0.0, 0.0, 0.0, 0.0, 0.0, 0.0, 0.0, 0.0, 0.0, 0.0, 0.0, 0.0, 0.0, 0.0, 0.0]
[0.0, 0.0, 0.0, 0.0, 0.0, 0.0, 0.0, 0.0, 0.0, 0.0, 0.0, 0.0, 0.0, 0.0, 0.0, 0.0]
[0.0, 0.0, 0.0, 0.0, 0.0, 0.0, 0.0, 0.0, 0.0, 0.0, 0.0, 0.0, 0.0, 0.0, 0.0, 0.0]
[0.0, 0.0, 0.0, 0.0, 0.0, 0.0, 0.0, 0.0, 0.0, 0.0, 0.0, 0.0, 0.0, 0.0, 0.0, 0.0]
[0.0, 0.0, 0.0, 0.0, 0.0, 0.0, 0.0, 0.0, 0.0, 0.0, 0.0, 0.0, 0.0, 0.0, 0.0, 0.0]
[0.0, 0.0, 0.0, 0.0, 0.0, 0.0, 0.0, 0.0, 0.0, 0.0, 0.0, 0.0, 0.0, 0.0, 0.0, 0.0]
[0.0, 0.0, 0.0, 0.0, 0.0, 0.0, 0.0, 0.0, 0.0, 0.0, 0.0, 0.0, 0.0, 0.0, 0.0, 0.0]
[0.0, 0.0, 0.0, 0.0, 0.0, 0.0, 0.0, 0.0, 0.0, 0.0, 0.0, 0.0, 0.0, 0.0, 0.0, 0.0]
[0.0, 0.0, 0.0, 0.0, 0.0, 0.0, 0.0, 0.0, 0.0, 0.0, 0.0, 0.0, 0.0, 0.0, 0.0, 0.0]
[0.0, 0.0, 0.0, 0.0, 0.0, 0.0, 0.0, 0.0, 0.0, 0.0, 0.0, 0.0, 0.0, 0.0, 0.0, 0.0]
[0.0, 0.0, 0.0, 0.0, 0.0, 0.0, 0.0, 0.0, 0.0, 0.0, 0.0, 0.0, 0.0, 0.0, 0.0, 0.0]
[0.0, 0.0, 0.0, 0.0, 0.0, 0.0, 0.0, 0.0, 0.0, 0.0, 0.0, 0.0, 0.0, 0.0, 0.0, 0.0]
[0.0, 0.0, 0.0, 0.0, 0.0, 0.0, 0.0, 0.0, 0.0, 0.0, 0.0, 0.0, 0.0, 0.0, 0.0, 0.0]
[0.0, 0.0, 0.0, 0.0, 0.0, 0.0, 0.0, 0.0, 0.0, 0.0, 0.0, 0.0, 0.0, 0.0, 0.0, 0.0]
[0.0, 0.0, 0.0, 0.0, 0.0, 0.0, 0.0, 0.0, 0.0, 0.0, 0.0, 0.0, 0.0, 0.0, 0.0, 0.0]
[0.0, 0.0, 0.0, 0.0, 0.0, 0.0, 0.0, 0.0, 0.0, 0.0, 0.0, 0.0, 0.0, 0.0, 0.0, 0.0]
[0.0, 0.0, 0.0, 0.0, 0.0, 0.0, 0.0, 0.0, 0.0, 0.0, 0.0, 0.0, 0.0, 0.0, 0.0, 0.0]
[0.0, 0.0, 0.0, 0.0, 0.0, 0.0, 0.0, 0.0, 0.0, 0.0, 0.0, 0.0, 0.0, 0.0, 0.0, 0.0]
[0.0, 0.0, 0.0, 0.0, 0.0, 0.0, 0.0, 0.0, 0.0, 0.0, 0.0, 0.0, 0.0, 0.0, 0.0, 0.0]
[0.0, 0.0, 0.0, 0.0, 0.0, 0.0, 0.0, 0.0, 0.0, 0.0, 0.0, 0.0, 0.0, 0.0, 0.0, 0.0]
[0.0, 0.0, 0.0, 0.0, 0.0, 0.0, 0.0, 0.0, 0.0, 0.0, 0.0, 0.0, 0.0, 0.0, 0.0, 0.0]
[0.0, 0.0, 0.0, 0.0, 0.0, 0.0, 0.0, 0.0, 0.0, 0.0, 0.0, 0.0, 0.0, 0.0, 0.0, 0.0]
[0.0, 0.0, 0.0, 0.0, 0.0, 0.0, 0.0, 0.0, 0.0, 0.0, 0.0, 0.0, 0.0, 0.0, 0.0, 0.0]
[0.0, 0.0, 0.0, 0.0, 0.0, 0.0, 0.0, 0.0, 0.0, 0.0, 0.0, 0.0, 0.0, 0.0, 0.0, 0.0]
[0.0, 0.0, 0.0, 0.0, 0.0, 0.0, 0.0, 0.0, 0.0, 0.0, 0.0, 0.0, 0.0, 0.0, 0.0, 0.0]
[0.0, 0.0, 0.0, 0.0, 0.0, 0.0, 0.0, 0.0, 0.0, 0.0, 0.0, 0.0, 0.0, 0.0, 0.0, 0.0]
[0.0, 0.0, 0.0, 0.0, 0.0, 0.0, 0.0, 0.0, 0.0, 0.0, 0.0, 0.0, 0.0, 0.0, 0.0, 0.0]
[0.0, 0.0, 0.0, 0.0, 0.0, 0.0, 0.0, 0.0, 0.0, 0.0, 0.0, 0.0, 0.0, 0.0, 0.0, 0.0]
[0.0, 0.0, 0.0, 0.0, 0.0, 0.0, 0.0, 0.0, 0.0, 0.0, 0.0, 0.0, 0.0, 0.0, 0.0, 0.0]
[0.0, 0.0, 0.0, 0.0, 0.0, 0.0, 0.0, 0.0, 0.0, 0.0, 0.0, 0.0, 0.0, 0.0, 0.0, 0.0]
[0.0, 0.0, 0.0, 0.0, 0.0, 0.0, 0.0, 0.0, 0.0, 0.0, 0.0, 0.0, 0.0, 0.0, 0.0, 0.0]
[0.0, 0.0, 0.0, 0.0, 0.0, 0.0, 0.0, 0.0, 0.0, 0.0, 0.0, 0.0, 0.0, 0.0, 0.0, 0.0]
[0.0, 0.0, 0.0, 0.0, 0.0, 0.0, 0.0, 0.0, 0.0, 0.0, 0.0, 0.0, 0.0, 0.0, 0.0, 0.0]
[0.0, 0.0, 0.0, 0.0, 0.0, 0.0, 0.0, 0.0, 0.0, 0.0, 0.0, 0.0, 0.0, 0.0, 0.0, 0.0]
[0.0, 0.0, 0.0, 0.0, 0.0, 0.0, 0.0, 0.0, 0.0, 0.0, 0.0, 0.0, 0.0, 0.0, 0.0, 0.0]
[0.0, 0.0, 0.0, 0.0, 0.0, 0.0, 0.0, 0.0, 0.0, 0.0, 0.0, 0.0, 0.0, 0.0, 0.0, 0.0]
[0.0, 0.0, 0.0, 0.0, 0.0, 0.0, 0.0, 0.0, 0.0, 0.0, 0.0, 0.0, 0.0, 0.0, 0.0, 0.0]
[0.0, 0.0, 0.0, 0.0, 0.0, 0.0, 0.0, 0.0, 0.0, 0.0, 0.0, 0.0, 0.0, 0.0, 0.0, 0.0]
[0.0, 0.0, 0.0, 0.0, 0.0, 0.0, 0.0, 0.0, 0.0, 0.0, 0.0, 0.0, 0.0, 0.0, 0.0, 0.0]
[0.0, 0.0, 0.0, 0.0, 0.0, 0.0, 0.0, 0.0, 0.0, 0.0, 0.0, 0.0, 0.0, 0.0, 0.0, 0.0]
[0.0, 0.0, 0.0, 0.0, 0.0, 0.0, 0.0, 0.0, 0.0, 0.0, 0.0, 0.0, 0.0, 0.0, 0.0, 0.0]
[0.0, 0.0, 0.0, 0.0, 0.0, 0.0, 0.0, 0.0, 0.0, 0.0, 0.0, 0.0, 0.0, 0.0, 0.0, 0.0]
[0.0, 0.0, 0.0, 0.0, 0.0, 0.0, 0.0, 0.0, 0.0, 0.0, 0.0, 0.0, 0.0, 0.0, 0.0, 0.0]
[0.0, 0.0, 0.0, 0.0, 0.0, 0.0, 0.0, 0.0, 0.0, 0.0, 0.0, 0.0, 0.0, 0.0, 0.0, 0.0]
[0.0, 0.0, 0.0, 0.0, 0.0, 0.0, 0.0, 0.0, 0.0, 0.0, 0.0, 0.0, 0.0, 0.0, 0.0, 0.0]
[0.0, 0.0, 0.0, 0.0, 0.0, 0.0, 0.0, 0.0, 0.0, 0.0, 0.0, 0.0, 0.0, 0.0, 0.0, 0.0]
[0.0, 0.0, 0.0, 0.0, 0.0, 0.0, 0.0, 0.0, 0.0, 0.0, 0.0, 0.0, 0.0, 0.0, 0.0, 0.0]
[0.0, 0.0, 0.0, 0.0, 0.0, 0.0, 0.0, 0.0, 0.0, 0.0, 0.0, 0.0, 0.0, 0.0, 0.0, 0.0]
[0.0, 0.0, 0.0, 0.0, 0.0, 0.0, 0.0, 0.0, 0.0, 0.0, 0.0, 0.0, 0.0, 0.0, 0.0, 0.0]
[0.0, 0.0, 0.0, 0.0, 0.0, 0.0, 0.0, 0.0, 0.0, 0.0, 0.0, 0.0, 0.0, 0.0, 0.0, 0.0]
[0.0, 0.0, 0.0, 0.0, 0.0, 0.0, 0.0, 0.0, 0.0, 0.0, 0.0, 0.0, 0.0, 0.0, 0.0, 0.0]
[0.0, 0.0, 0.0, 0.0, 0.0, 0.0, 0.0, 0.0, 0.0, 0.0, 0.0, 0.0, 0.0, 0.0, 0.0, 0.0]
[0.0, 0.0, 0.0, 0.0, 0.0, 0.0, 0.0, 0.0, 0.0, 0.0, 0.0, 0.0, 0.0, 0.0, 0.0, 0.0]
[0.0, 0.0, 0.0, 0.0, 0.0, 0.0, 0.0, 0.0, 0.0, 0.0, 0.0, 0.0, 0.0, 0.0, 0.0, 0.0]
[0.0, 0.0, 0.0, 0.0, 0.0, 0.0, 0.0, 0.0, 0.0, 0.0, 0.0, 0.0, 0.0, 0.0, 0.0, 0.0]
[0.0, 0.0, 0.0, 0.0, 0.0, 0.0, 0.0, 0.0, 0.0, 0.0, 0.0, 0.0, 0.0, 0.0, 0.0, 0.0]
[0.0, 0.0, 0.0, 0.0, 0.0, 0.0, 0.0, 0.0, 0.0, 0.0, 0.0, 0.0, 0.0, 0.0, 0.0, 0.0]
[0.0, 0.0, 0.0, 0.0, 0.0, 0.0, 0.0, 0.0, 0.0, 0.0, 0.0, 0.0, 0.0, 0.0, 0.0, 0.0]
[0.0, 0.0, 0.0, 0.0, 0.0, 0.0, 0.0, 0.0, 0.0, 0.0, 0.0, 0.0, 0.0, 0.0, 0.0, 0.0]
[0.0, 0.0, 0.0, 0.0, 0.0, 0.0, 0.0, 0.0, 0.0, 0.0, 0.0, 0.0, 0.0, 0.0, 0.0, 0.0]
[0.0, 0.0, 0.0, 0.0, 0.0, 0.0, 0.0, 0.0, 0.0, 0.0, 0.0, 0.0, 0.0, 0.0, 0.0, 0.0]
[0.0, 0.0, 0.0, 0.0, 0.0, 0.0, 0.0, 0.0, 0.0, 0.0, 0.0, 0.0, 0.0, 0.0, 0.0, 0.0]
[0.0, 0.0, 0.0, 0.0, 0.0, 0.0, 0.0, 0.0, 0.0, 0.0, 0.0, 0.0, 0.0, 0.0, 0.0, 0.0]
[0.0, 0.0, 0.0, 0.0, 0.0, 0.0, 0.0, 0.0, 0.0, 0.0, 0.0, 0.0, 0.0, 0.0, 0.0, 0.0]
[0.0, 0.0, 0.0, 0.0, 0.0, 0.0, 0.0, 0.0, 0.0, 0.0, 0.0, 0.0, 0.0, 0.0, 0.0, 0.0]
[0.0, 0.0, 0.0, 0.0, 0.0, 0.0, 0.0, 0.0, 0.0, 0.0, 0.0, 0.0, 0.0, 0.0, 0.0, 0.0]
[0.0, 0.0, 0.0, 0.0, 0.0, 0.0, 0.0, 0.0, 0.0, 0.0, 0.0, 0.0, 0.0, 0.0, 0.0, 0.0]
[0.0, 0.0, 0.0, 0.0, 0.0, 0.0, 0.0, 0.0, 0.0, 0.0, 0.0, 0.0, 0.0, 0.0, 0.0, 0.0]
[0.0, 0.0, 0.0, 0.0, 0.0, 0.0, 0.0, 0.0, 0.0, 0.0, 0.0, 0.0, 0.0, 0.0, 0.0, 0.0]
[0.0, 0.0, 0.0, 0.0, 0.0, 0.0, 0.0, 0.0, 0.0, 0.0, 0.0, 0.0, 0.0, 0.0, 0.0, 0.0]
[0.0, 0.0, 0.0, 0.0, 0.0, 0.0, 0.0, 0.0, 0.0, 0.0, 0.0, 0.0, 0.0, 0.0, 0.0, 0.0]
[0.0, 0.0, 0.0, 0.0, 0.0, 0.0, 0.0, 0.0, 0.0, 0.0, 0.0, 0.0, 0.0, 0.0, 0.0, 0.0]
[0.0, 0.0, 0.0, 0.0, 0.0, 0.0, 0.0, 0.0, 0.0, 0.0, 0.0, 0.0, 0.0, 0.0, 0.0, 0.0]
[0.0, 0.0, 0.0, 0.0, 0.0, 0.0, 0.0, 0.0, 0.0, 0.0, 0.0, 0.0, 0.0, 0.0, 0.0, 0.0]
[0.0, 0.0, 0.0, 0.0, 0.0, 0.0, 0.0, 0.0, 0.0, 0.0, 0.0, 0.0, 0.0, 0.0, 0.0, 0.0]
[0.0, 0.0, 0.0, 0.0, 0.0, 0.0, 0.0, 0.0, 0.0, 0.0, 0.0, 0.0, 0.0, 0.0, 0.0, 0.0]
[0.0, 0.0, 0.0, 0.0, 0.0, 0.0, 0.0, 0.0, 0.0, 0.0, 0.0, 0.0, 0.0, 0.0, 0.0, 0.0]
[0.0, 0.0, 0.0, 0.0, 0.0, 0.0, 0.0, 0.0, 0.0, 0.0, 0.0, 0.0, 0.0, 0.0, 0.0, 0.0]
[0.0, 0.0, 0.0, 0.0, 0.0, 0.0, 0.0, 0.0, 0.0, 0.0, 0.0, 0.0, 0.0, 0.0, 0.0, 0.0]
[0.0, 0.0, 0.0, 0.0, 0.0, 0.0, 0.0, 0.0, 0.0, 0.0, 0.0, 0.0, 0.0, 0.0, 0.0, 0.0]
[0.0, 0.0, 0.0, 0.0, 0.0, 0.0, 0.0, 0.0, 0.0, 0.0, 0.0, 0.0, 0.0, 0.0, 0.0, 0.0]
[0.0, 0.0, 0.0, 0.0, 0.0, 0.0, 0.0, 0.0, 0.0, 0.0, 0.0, 0.0, 0.0, 0.0, 0.0, 0.0]
[0.0, 0.0, 0.0, 0.0, 0.0, 0.0, 0.0, 0.0, 0.0, 0.0, 0.0, 0.0, 0.0, 0.0, 0.0, 0.0]
[0.0, 0.0, 0.0, 0.0, 0.0, 0.0, 0.0, 0.0, 0.0, 0.0, 0.0, 0.0, 0.0, 0.0, 0.0, 0.0]
[0.0, 0.0, 0.0, 0.0, 0.0, 0.0, 0.0, 0.0, 0.0, 0.0, 0.0, 0.0, 0.0, 0.0, 0.0, 0.0]
[0.0, 0.0, 0.0, 0.0, 0.0, 0.0, 0.0, 0.0, 0.0, 0.0, 0.0, 0.0, 0.0, 0.0, 0.0, 0.0]
[0.0, 0.0, 0.0, 0.0, 0.0, 0.0, 0.0, 0.0, 0.0, 0.0, 0.0, 0.0, 0.0, 0.0, 0.0, 0.0]
[0.0, 0.0, 0.0, 0.0, 0.0, 0.0, 0.0, 0.0, 0.0, 0.0, 0.0, 0.0, 0.0, 0.0, 0.0, 0.0]
[0.0, 0.0, 0.0, 0.0, 0.0, 0.0, 0.0, 0.0, 0.0, 0.0, 0.0, 0.0, 0.0, 0.0, 0.0, 0.0]
[0.0, 0.0, 0.0, 0.0, 0.0, 0.0, 0.0, 0.0, 0.0, 0.0, 0.0, 0.0, 0.0, 0.0, 0.0, 0.0]
[0.0, 0.0, 0.0, 0.0, 0.0, 0.0, 0.0, 0.0, 0.0, 0.0, 0.0, 0.0, 0.0, 0.0, 0.0, 0.0]
[0.0, 0.0, 0.0, 0.0, 0.0, 0.0, 0.0, 0.0, 0.0, 0.0, 0.0, 0.0, 0.0, 0.0, 0.0, 0.0]
[0.0, 0.0, 0.0, 0.0, 0.0, 0.0, 0.0, 0.0, 0.0, 0.0, 0.0, 0.0, 0.0, 0.0, 0.0, 0.0]
[0.0, 0.0, 0.0, 0.0, 0.0, 0.0, 0.0, 0.0, 0.0, 0.0, 0.0, 0.0, 0.0, 0.0, 0.0, 0.0]
[0.0, 0.0, 0.0, 0.0, 0.0, 0.0, 0.0, 0.0, 0.0, 0.0, 0.0, 0.0, 0.0, 0.0, 0.0, 0.0]
[0.0, 0.0, 0.0, 0.0, 0.0, 0.0, 0.0, 0.0, 0.0, 0.0, 0.0, 0.0, 0.0, 0.0, 0.0, 0.0]
[0.0, 0.0, 0.0, 0.0, 0.0, 0.0, 0.0, 0.0, 0.0, 0.0, 0.0, 0.0, 0.0, 0.0, 0.0, 0.0]
[0.0, 0.0, 0.0, 0.0, 0.0, 0.0, 0.0, 0.0, 0.0, 0.0, 0.0, 0.0, 0.0, 0.0, 0.0, 0.0]
[0.0, 0.0, 0.0, 0.0, 0.0, 0.0, 0.0, 0.0, 0.0, 0.0, 0.0, 0.0, 0.0, 0.0, 0.0, 0.0]
[0.0, 0.0, 0.0, 0.0, 0.0, 0.0, 0.0, 0.0, 0.0, 0.0, 0.0, 0.0, 0.0, 0.0, 0.0, 0.0]
[0.0, 0.0, 0.0, 0.0, 0.0, 0.0, 0.0, 0.0, 0.0, 0.0, 0.0, 0.0, 0.0, 0.0, 0.0, 0.0]
[0.0, 0.0, 0.0, 0.0, 0.0, 0.0, 0.0, 0.0, 0.0, 0.0, 0.0, 0.0, 0.0, 0.0, 0.0, 0.0]
[0.0, 0.0, 0.0, 0.0, 0.0, 0.0, 0.0, 0.0, 0.0, 0.0, 0.0, 0.0, 0.0, 0.0, 0.0, 0.0]
[0.0, 0.0, 0.0, 0.0, 0.0, 0.0, 0.0, 0.0, 0.0, 0.0, 0.0, 0.0, 0.0, 0.0, 0.0, 0.0]
[0.0, 0.0, 0.0, 0.0, 0.0, 0.0, 0.0, 0.0, 0.0, 0.0, 0.0, 0.0, 0.0, 0.0, 0.0, 0.0]
[0.0, 0.0, 0.0, 0.0, 0.0, 0.0, 0.0, 0.0, 0.0, 0.0, 0.0, 0.0, 0.0, 0.0, 0.0, 0.0]
[0.0, 0.0, 0.0, 0.0, 0.0, 0.0, 0.0, 0.0, 0.0, 0.0, 0.0, 0.0, 0.0, 0.0, 0.0, 0.0]
[0.0, 0.0, 0.0, 0.0, 0.0, 0.0, 0.0, 0.0, 0.0, 0.0, 0.0, 0.0, 0.0, 0.0, 0.0, 0.0]
[0.0, 0.0, 0.0, 0.0, 0.0, 0.0, 0.0, 0.0, 0.0, 0.0, 0.0, 0.0, 0.0, 0.0, 0.0, 0.0]
[0.0, 0.0, 0.0, 0.0, 0.0, 0.0, 0.0, 0.0, 0.0, 0.0, 0.0, 0.0, 0.0, 0.0, 0.0, 0.0]
[0.0, 0.0, 0.0, 0.0, 0.0, 0.0, 0.0, 0.0, 0.0, 0.0, 0.0, 0.0, 0.0, 0.0, 0.0, 0.0]
[0.0, 0.0, 0.0, 0.0, 0.0, 0.0, 0.0, 0.0, 0.0, 0.0, 0.0, 0.0, 0.0, 0.0, 0.0, 0.0]
[0.0, 0.0, 0.0, 0.0, 0.0, 0.0, 0.0, 0.0, 0.0, 0.0, 0.0, 0.0, 0.0, 0.0, 0.0, 0.0]
[0.0, 0.0, 0.0, 0.0, 0.0, 0.0, 0.0, 0.0, 0.0, 0.0, 0.0, 0.0, 0.0, 0.0, 0.0, 0.0]
[0.0, 0.0, 0.0, 0.0, 0.0, 0.0, 0.0, 0.0, 0.0, 0.0, 0.0, 0.0, 0.0, 0.0, 0.0, 0.0]
[0.0, 0.0, 0.0, 0.0, 0.0, 0.0, 0.0, 0.0, 0.0, 0.0, 0.0, 0.0, 0.0, 0.0, 0.0, 0.0]
[0.0, 0.0, 0.0, 0.0, 0.0, 0.0, 0.0, 0.0, 0.0, 0.0, 0.0, 0.0, 0.0, 0.0, 0.0, 0.0]
[0.0, 0.0, 0.0, 0.0, 0.0, 0.0, 0.0, 0.0, 0.0, 0.0, 0.0, 0.0, 0.0, 0.0, 0.0, 0.0]
[0.0, 0.0, 0.0, 0.0, 0.0, 0.0, 0.0, 0.0, 0.0, 0.0, 0.0, 0.0, 0.0, 0.0, 0.0, 0.0]
[0.0, 0.0, 0.0, 0.0, 0.0, 0.0, 0.0, 0.0, 0.0, 0.0, 0.0, 0.0, 0.0, 0.0, 0.0, 0.0]
[0.0, 0.0, 0.0, 0.0, 0.0, 0.0, 0.0, 0.0, 0.0, 0.0, 0.0, 0.0, 0.0, 0.0, 0.0, 0.0]
[0.0, 0.0, 0.0, 0.0, 0.0, 0.0, 0.0, 0.0, 0.0, 0.0, 0.0, 0.0, 0.0, 0.0, 0.0, 0.0]
[0.0, 0.0, 0.0, 0.0, 0.0, 0.0, 0.0, 0.0, 0.0, 0.0, 0.0, 0.0, 0.0, 0.0, 0.0, 0.0]
[0.0, 0.0, 0.0, 0.0, 0.0, 0.0, 0.0, 0.0, 0.0, 0.0, 0.0, 0.0, 0.0, 0.0, 0.0, 0.0]
[0.0, 0.0, 0.0, 0.0, 0.0, 0.0, 0.0, 0.0, 0.0, 0.0, 0.0, 0.0, 0.0, 0.0, 0.0, 0.0]
[0.0, 0.0, 0.0, 0.0, 0.0, 0.0, 0.0, 0.0, 0.0, 0.0, 0.0, 0.0, 0.0, 0.0, 0.0, 0.0]
[0.0, 0.0, 0.0, 0.0, 0.0, 0.0, 0.0, 0.0, 0.0, 0.0, 0.0, 0.0, 0.0, 0.0, 0.0, 0.0]
[0.0, 0.0, 0.0, 0.0, 0.0, 0.0, 0.0, 0.0, 0.0, 0.0, 0.0, 0.0, 0.0, 0.0, 0.0, 0.0]
[0.0, 0.0, 0.0, 0.0, 0.0, 0.0, 0.0, 0.0, 0.0, 0.0, 0.0, 0.0, 0.0, 0.0, 0.0, 0.0]
[0.0, 0.0, 0.0, 0.0, 0.0, 0.0, 0.0, 0.0, 0.0, 0.0, 0.0, 0.0, 0.0, 0.0, 0.0, 0.0]
[0.0, 0.0, 0.0, 0.0, 0.0, 0.0, 0.0, 0.0, 0.0, 0.0, 0.0, 0.0, 0.0, 0.0, 0.0, 0.0]
[0.0, 0.0, 0.0, 0.0, 0.0, 0.0, 0.0, 0.0, 0.0, 0.0, 0.0, 0.0, 0.0, 0.0, 0.0, 0.0]
[0.0, 0.0, 0.0, 0.0, 0.0, 0.0, 0.0, 0.0, 0.0, 0.0, 0.0, 0.0, 0.0, 0.0, 0.0, 0.0]
[0.0, 0.0, 0.0, 0.0, 0.0, 0.0, 0.0, 0.0, 0.0, 0.0, 0.0, 0.0, 0.0, 0.0, 0.0, 0.0]
[0.0, 0.0, 0.0, 0.0, 0.0, 0.0, 0.0, 0.0, 0.0, 0.0, 0.0, 0.0, 0.0, 0.0, 0.0, 0.0]
[0.0, 0.0, 0.0, 0.0, 0.0, 0.0, 0.0, 0.0, 0.0, 0.0, 0.0, 0.0, 0.0, 0.0, 0.0, 0.0]
[0.0, 0.0, 0.0, 0.0, 0.0, 0.0, 0.0, 0.0, 0.0, 0.0, 0.0, 0.0, 0.0, 0.0, 0.0, 0.0]
[0.0, 0.0, 0.0, 0.0, 0.0, 0.0, 0.0, 0.0, 0.0, 0.0, 0.0, 0.0, 0.0, 0.0, 0.0, 0.0]
[0.0, 0.0, 0.0, 0.0, 0.0, 0.0, 0.0, 0.0, 0.0, 0.0, 0.0, 0.0, 0.0, 0.0, 0.0, 0.0]
[0.0, 0.0, 0.0, 0.0, 0.0, 0.0, 0.0, 0.0, 0.0, 0.0, 0.0, 0.0, 0.0, 0.0, 0.0, 0.0]
[0.0, 0.0, 0.0, 0.0, 0.0, 0.0, 0.0, 0.0, 0.0, 0.0, 0.0, 0.0, 0.0, 0.0, 0.0, 0.0]
[0.0, 0.0, 0.0, 0.0, 0.0, 0.0, 0.0, 0.0, 0.0, 0.0, 0.0, 0.0, 0.0, 0.0, 0.0, 0.0]
[0.0, 0.0, 0.0, 0.0, 0.0, 0.0, 0.0, 0.0, 0.0, 0.0, 0.0, 0.0, 0.0, 0.0, 0.0, 0.0]
[0.0, 0.0, 0.0, 0.0, 0.0, 0.0, 0.0, 0.0, 0.0, 0.0, 0.0, 0.0, 0.0, 0.0, 0.0, 0.0]
[0.0, 0.0, 0.0, 0.0, 0.0, 0.0, 0.0, 0.0, 0.0, 0.0, 0.0, 0.0, 0.0, 0.0, 0.0, 0.0]
[0.0, 0.0, 0.0, 0.0, 0.0, 0.0, 0.0, 0.0, 0.0, 0.0, 0.0, 0.0, 0.0, 0.0, 0.0, 0.0]
[0.0, 0.0, 0.0, 0.0, 0.0, 0.0, 0.0, 0.0, 0.0, 0.0, 0.0, 0.0, 0.0, 0.0, 0.0, 0.0]
[0.0, 0.0, 0.0, 0.0, 0.0, 0.0, 0.0, 0.0, 0.0, 0.0, 0.0, 0.0, 0.0, 0.0, 0.0, 0.0]
[0.0, 0.0, 0.0, 0.0, 0.0, 0.0, 0.0, 0.0, 0.0, 0.0, 0.0, 0.0, 0.0, 0.0, 0.0, 0.0]
[0.0, 0.0, 0.0, 0.0, 0.0, 0.0, 0.0, 0.0, 0.0, 0.0, 0.0, 0.0, 0.0, 0.0, 0.0, 0.0]
[0.0, 0.0, 0.0, 0.0, 0.0, 0.0, 0.0, 0.0, 0.0, 0.0, 0.0, 0.0, 0.0, 0.0, 0.0, 0.0]
[-2.744760513305664, -4.018907070159912, 35.9964599609375, 84.50973510742188, 92.9880599975586, 41.032249450683594, -33.970760345458984, 13.27880573272705, 118.39212036132812, 209.14874267578125, 211.83370971679688, 68.83203887939453, -164.77206420898438, 42.98308563232422, 319.54791259765625, 802.3128051757812]
[-1.3869404792785645, -4.17662239074707, 20.902769088745117, 82.39031982421875, 113.57041931152344, 109.38553619384766, 16.45779800415039, -10.821074485778809, 7.678926944732666, 120.50148010253906, 298.1536560058594, 202.56924438476562, 147.8301544189453, -69.19981384277344, -52.210357666015625, 89.4545669555664]
[-1.0633862018585205, -10.061243057250977, 7.116446495056152, 53.03211212158203, 96.7692642211914, 127.76758575439453, 109.6786117553711, 27.475887298583984, -15.977494239807129, -2.334932804107666, 85.9353256225586, 225.90565490722656, 294.3450012207031, 277.6934509277344, 362.9183349609375, -0.7523397207260132]
[0.7304989099502563, -6.154983043670654, -9.269258499145508, 24.75881576538086, 85.18518829345703, 119.8402328491211, 133.27072143554688, 152.852783203125, 76.16484069824219, 10.124850273132324, 21.38718605041504, 14.019136428833008, 80.03963470458984, 294.56671142578125, 762.6511840820312, 535.46142578125]
[1.6771471500396729, -8.129451751708984, -6.746316432952881, 0.6216986775398254, 36.94776153564453, 97.09579467773438, 176.7769012451172, 223.06419372558594, 158.07276916503906, 369.9940490722656, 79.49503326416016, 67.81171417236328, 4.761266231536865, -26.312944412231445, 1.1391594409942627, 143.6377410888672]
[3.142425298690796, -5.088921070098877, -15.0927734375, -18.490283966064453, -1.336356520652771, 21.673587799072266, 77.09803771972656, 159.0812225341797, 160.98545837402344, 423.10791015625, 193.4146270751953, 186.10415649414062, 193.0215301513672, 223.1147918701172, 96.05033874511719, -85.67211151123047]
[5.046851634979248, 0.14364871382713318, -6.8898725509643555, -10.009718894958496, -7.7921342849731445, -22.054664611816406, 21.31090545654297, 28.811864852905273, 64.03494262695312, 135.17652893066406, 144.21939086914062, 238.39173889160156, 197.7552032470703, 655.3571166992188, 235.76284790039062, 304.45452880859375]
[6.571155071258545, 8.640270233154297, 6.81548547744751, 0.8259241580963135, -3.607743978500366, -4.49767541885376, -30.12026596069336, -68.66248321533203, -94.98368835449219, -38.5157356262207, 39.841331481933594, 48.49803161621094, 26.413949966430664, 118.96158599853516, 138.80502319335938, 184.32452392578125]
[8.216522216796875, 14.042546272277832, 17.353429794311523, 23.323747634887695, 26.446388244628906, 25.00869369506836, 31.202043533325195, 20.897974014282227, 26.477413177490234, -6.4290971755981445, 2.9127254486083984, -82.42630004882812, -24.79054832458496, -38.95484924316406, 20.54010772705078, -59.608116149902344]
[10.0, 21.336956024169922, 33.64033126831055, 49.15564727783203, 64.65855407714844, 80.16439056396484, 93.78974151611328, 121.58527374267578, 288.0215759277344, 155.77365112304688, 178.3704833984375, 178.9262237548828, 300.1736755371094, 343.02276611328125, 272.2252197265625, 237.06851196289062]
[11.757447242736816, 28.51976776123047, 52.376991271972656, 76.23541259765625, 92.1980209350586, 133.26300048828125, 174.93289184570312, 158.98397827148438, 215.6057891845703, 299.6653747558594, 179.7301788330078, 221.49778747558594, 576.5703125, 342.8052978515625, 189.07064819335938, 218.99276733398438]
[13.611854553222656, 34.69070816040039, 57.399169921875, 89.87983703613281, 130.0885009765625, 123.03822326660156, 158.60081481933594, 173.1502227783203, 134.0162811279297, 126.33699035644531, 97.5969467163086, 70.4253158569336, -48.878700256347656, 84.23992919921875, -182.04598999023438, -56.39387512207031]
[15.458534240722656, 40.44892883300781, 64.60358428955078, 92.34272766113281, 123.39269256591797, 98.5562973022461, 87.03045654296875, 56.4800910949707, -5.881614685058594, -34.24443817138672, -110.97886657714844, -32.407997131347656, 40.74817657470703, 103.22901153564453, 168.37916564941406, 242.7603302001953]
[16.72955322265625, 43.65327072143555, 66.77615356445312, 93.0710678100586, 83.44205474853516, 50.68953323364258, 28.753999710083008, -13.616476058959961, -20.46428871154785, 15.18165397644043, 78.3245849609375, 374.2872619628906, 265.8942565917969, 299.8643798828125, 367.5413513183594, 590.9735107421875]
[18.386241912841797, 49.99678421020508, 66.5767822265625, 67.252685546875, 35.23434829711914, 10.126008033752441, -33.63862228393555, -12.298356056213379, 67.81196594238281, 179.8823699951172, 232.85629272460938, 571.977294921875, 207.45188903808594, 134.55581665039062, 85.32981872558594, -69.1417007446289]
[19.308551788330078, 48.62752914428711, 57.18756103515625, 38.806854248046875, -3.195241928100586, -40.297637939453125, 10.974411010742188, 191.79730224609375, 194.50852966308594, 223.4335479736328, 221.6068115234375, 163.6251983642578, -100.9248275756836, -135.31912231445312, -32.042850494384766, 401.12030029296875]
[20.81081771850586, 47.57110595703125, 48.82698440551758, 10.892712593078613, -25.815750122070312, -12.906404495239258, 83.40927124023438, 372.21343994140625, 200.72926330566406, 121.68538665771484, -32.130577087402344, -36.42750549316406, 14.965002059936523, 216.6896209716797, 413.4790344238281, 466.62115478515625]
[21.95779037475586, 46.80888748168945, 31.193233489990234, -13.21495246887207, -23.188831329345703, 59.87240219116211, 183.08340454101562, 364.1080017089844, 87.77655029296875, 34.17743682861328, -61.06084060668945, 127.00670623779297, 225.53526306152344, 277.30767822265625, 242.34368896484375, 110.25563049316406]
[23.36414337158203, 42.687294006347656, 17.23154067993164, -6.763990879058838, 15.82610034942627, 116.3433609008789, 147.0780029296875, 82.0903091430664, -11.81096076965332, 3.3778324127197266, 139.33267211914062, 319.12615966796875, 236.2281494140625, -73.15576171875, -24.838214874267578, 158.92367553710938]
[23.30173683166504, 35.83588790893555, -1.0794237852096558, -9.799701690673828, 63.97425842285156, 136.82485961914062, 109.42357635498047, -5.498944282531738, -45.67160415649414, 149.5043487548828, 527.1235961914062, 126.20384979248047, -71.35236358642578, -11.673158645629883, 480.3337097167969, 268.3802795410156]
[23.25853729248047, 29.1411190032959, -8.322691917419434, 9.814248085021973, 106.97251892089844, 132.97129821777344, 26.59121322631836, -48.6660041809082, 124.64571380615234, 174.327392578125, 209.90980529785156, 2.8928396701812744, 91.52520751953125, 210.97572326660156, 341.2173767089844, -11.264233589172363]
[24.475425720214844, 22.101150512695312, -13.608585357666016, 34.895206451416016, 111.30496215820312, 69.05229187011719, -48.47896957397461, 57.35603332519531, 234.1297149658203, 126.74979400634766, -115.42806243896484, 70.66387939453125, 355.0559997558594, 332.568603515625, 45.82331848144531, 109.41019439697266]
[23.637222290039062, 15.214822769165039, -5.325077533721924, 61.50673294067383, 103.7757568359375, 2.1242949962615967, -26.968053817749023, 145.56314086914062, 183.00587463378906, -32.70222091674805, 36.25748062133789, 211.39144897460938, 148.49281311035156, -1.6787482500076294, 168.4364776611328, 323.4750671386719]
[23.585241317749023, 7.18364143371582, -3.9513819217681885, 84.91128540039062, 77.78398895263672, -11.271997451782227, 157.53292846679688, 151.28822326660156, 29.76577377319336, -44.58307647705078, 302.5258483886719, 184.77789306640625, -48.74984359741211, 347.767578125, 343.8444519042969, -17.62504005432129]
[24.019319534301758, 2.088806629180908, 9.043584823608398, 93.29963684082031, 38.990875244140625, -0.21874450147151947, 257.09185791015625, 110.3648910522461, -64.19052124023438, 146.64813232421875, 162.37477111816406, 8.085210800170898, 121.41887664794922, 211.852783203125, 80.00944519042969, 30.94972038269043]
[22.887056350708008, -0.8251452445983887, 24.466415405273438, 85.59988403320312, -14.843643188476562, 35.291378021240234, 316.18463134765625, -6.583235263824463, 65.3423843383789, 268.53192138671875, 57.135223388671875, 67.21167755126953, 361.81219482421875, 80.08247375488281, 99.96097564697266, 428.6707458496094]
[21.91655921936035, -8.503046989440918, 39.38369369506836, 73.58808898925781, -10.077733993530273, 97.05308532714844, 100.13167572021484, -20.314050674438477, 199.90765380859375, 120.43630981445312, -36.54556655883789, 307.6911926269531, 119.55105590820312, 8.926535606384277, 207.6316680908203, 138.2465362548828]
[21.4206600189209, -5.712702751159668, 52.71912384033203, 52.962955474853516, -14.121052742004395, 147.3542022705078, 40.23188018798828, 20.82337760925293, 235.22930908203125, 18.358928680419922, 137.22381591796875, 208.52854919433594, -126.41558837890625, 354.9482727050781, 143.2707977294922, -52.59539031982422]
[19.6357479095459, -5.727167129516602, 60.75993728637695, 24.17198371887207, 23.70383644104004, 156.1869659423828, -23.775314331054688, 143.88592529296875, 99.52876281738281, 44.60708236694336, 332.05474853515625, -5.319296836853027, 148.90281677246094, 269.5841064453125, -39.72163772583008, 760.7091064453125]
[18.1445369720459, -6.197474479675293, 72.21644592285156, -7.626468658447266, 61.62340545654297, 93.79869079589844, -12.903300285339355, 157.22145080566406, 17.367565155029297, 318.97198486328125, 131.88108825683594, 9.172269821166992, 715.2035522460938, -131.51611328125, 315.74114990234375, 265.192138671875]
[16.899995803833008, -3.1601386070251465, 76.65274810791016, -24.422574996948242, 100.57447814941406, 24.931167602539062, 60.53261184692383, 158.5106201171875, 18.253082275390625, 492.8916015625, -3.153674364089966, 255.64944458007812, 159.60879516601562, 120.72381591796875, 298.4818420410156, -68.6441421508789]
[15.075943946838379, 0.968926727771759, 64.10295104980469, -17.043601989746094, 118.50994110107422, -22.57219696044922, 117.83041381835938, 27.983516693115234, 103.08892822265625, 129.91761779785156, 34.543575286865234, 236.12356567382812, -23.412418365478516, 417.0516357421875, -196.14047241210938, 241.5916290283203]
[13.558612823486328, 7.382747650146484, 56.86160659790039, 4.063313961029053, 121.3489761352539, -17.579334259033203, 149.47967529296875, -20.03594970703125, 164.04461669921875, -81.83419799804688, 176.39346313476562, -27.336273193359375, 206.05789184570312, 68.88959503173828, 168.1902313232422, 194.68870544433594]
[11.8216552734375, 13.89146900177002, 39.8948860168457, 21.224037170410156, 80.25032806396484, 11.962449073791504, 110.81102752685547, -1.8811862468719482, 161.2333984375, -19.384323120117188, 185.1092529296875, -90.00328063964844, 380.2749328613281, 76.55661010742188, 629.0026245117188, 13.783031463623047]
[10.0, 21.31233787536621, 26.015979766845703, 48.11115646362305, 35.8271369934082, 75.18138122558594, 33.10411071777344, 124.00581359863281, 80.6876449584961, 157.00253295898438, 44.91853713989258, 460.4983825683594, -0.40196165442466736, 279.2887268066406, 124.00499725341797, 290.6692810058594]
[8.27298641204834, 28.463851928710938, 10.293603897094727, 80.89469146728516, -12.282071113586426, 117.09932708740234, -29.7148494720459, 165.94253540039062, -41.339019775390625, 172.86590576171875, 38.2366943359375, 600.6513061523438, -38.816123962402344, 206.01129150390625, 93.30775451660156, 223.8143310546875]
[6.399541854858398, 35.556976318359375, 1.62583327293396, 82.25568389892578, -4.798624515533447, 164.54681396484375, -29.460586547851562, 187.1874542236328, 59.25137710571289, 124.13164520263672, 139.0166473388672, 61.115501403808594, 252.6456298828125, -82.49504089355469, 454.5745544433594, 32.99564743041992]
[4.81373929977417, 38.86210632324219, -8.552226066589355, 88.5091323852539, -13.935761451721191, 97.79536437988281, 55.2838134765625, 44.88693618774414, 143.28146362304688, 1.2779978513717651, 229.82252502441406, -132.0018768310547, 210.3971710205078, 77.20352172851562, 145.9507598876953, 354.1685791015625]
[3.3438565731048584, 43.85224533081055, -18.486703872680664, 80.69856262207031, 14.817877769470215, 51.51601028442383, 147.51942443847656, -65.39007568359375, 249.2831573486328, 38.119842529296875, 163.12879943847656, 141.23422241210938, 44.69856643676758, 600.5257568359375, -166.85162353515625, 345.1982116699219]
[1.7560045719146729, 49.88134765625, -9.845491409301758, 64.21723937988281, 64.80782318115234, 0.08773158490657806, 186.209716796875, -23.951684951782227, 108.99744415283203, 167.27401733398438, 34.58290100097656, 300.47247314453125, -4.295299530029297, 268.5292053222656, 332.9103698730469, -214.2323760986328]
[-0.13486887514591217, 47.15629577636719, -3.2551429271698, 38.77362823486328, 97.44383239746094, -1.498429298400879, 155.90682983398438, 92.79060363769531, 29.24442481994629, 298.3665466308594, 21.9466552734375, 87.86284637451172, 238.4596405029297, -108.40189361572266, 190.76499938964844, 250.77264404296875]
[-1.3041309118270874, 45.784759521484375, 13.462725639343262, 16.412586212158203, 102.715087890625, -6.975807189941406, 51.284027099609375, 163.16903686523438, -57.37391662597656, 129.8771209716797, 389.92913818359375, -74.35250091552734, 247.82313537597656, 187.32058715820312, -197.66876220703125, 365.4125061035156]
[-1.8941501379013062, 42.9222526550293, 28.844011306762695, -12.471471786499023, 120.6093521118164, 59.89427947998047, -16.59906578063965, 155.85411071777344, 92.04782104492188, -31.165355682373047, 475.1300048828125, 126.18350219726562, -86.15009307861328, 190.5563201904297, 172.17254638671875, -71.21721649169922]
[-2.3207805156707764, 40.346622467041016, 45.00041961669922, -23.082239151000977, 79.14807891845703, 105.03617858886719, -16.285114288330078, 82.0703353881836, 165.9606170654297, 41.18669128417969, 98.06975555419922, 373.9221496582031, 23.00275421142578, 76.1689453125, 401.0106201171875, 316.6751403808594]
[-3.7604610919952393, 36.958656311035156, 58.72075271606445, -16.026920318603516, 36.09064483642578, 130.23052978515625, 28.7164363861084, -0.6965203881263733, 227.15725708007812, 158.94073486328125, 38.621978759765625, 132.31153869628906, 223.65858459472656, 33.31892776489258, 67.16419219970703, 578.7743530273438]
[-3.3283157348632812, 29.936792373657227, 66.49300384521484, 11.904559135437012, -0.8439950942993164, 110.8796157836914, 112.34505462646484, 8.947680473327637, 62.90810775756836, 223.3497314453125, 109.37712860107422, 19.347414016723633, 163.12002563476562, 314.2088317871094, 106.3399429321289, -29.730850219726562]
[-4.5647873878479, 22.147193908691406, 72.47187042236328, 33.217403411865234, -30.37921714782715, 73.22566223144531, 193.30807495117188, 117.90060424804688, -10.441303253173828, 119.39028930664062, 321.7371826171875, 76.4333724975586, -154.88134765625, 182.83694458007812, 358.55889892578125, 131.3854522705078]
[-4.244091033935547, 15.307918548583984, 71.77395629882812, 65.92630004882812, -13.658024787902832, 3.2501065731048584, 150.6156463623047, 351.67926025390625, -14.897701263427734, 21.266605377197266, 194.23719787597656, 277.76849365234375, 94.68548583984375, 26.032432556152344, 129.2830047607422, 351.3275146484375]
[-3.3585364818573, 9.416116714477539, 68.1780014038086, 83.34712219238281, 17.796432495117188, -27.109128952026367, 63.98891830444336, 373.4467468261719, 157.5957794189453, -9.805451393127441, 46.9075813293457, 154.23361206054688, 511.1056823730469, 148.93995666503906, -54.39940643310547, 24.73685073852539]
[-3.244054079055786, 0.9122217893600464, 50.251991271972656, 101.50884246826172, 67.18171691894531, -5.03994607925415, 11.832850456237793, 123.2370834350586, 246.96693420410156, 184.1494903564453, 8.285004615783691, -102.79110717773438, 292.9671936035156, 281.1792297363281, 532.086669921875, 23.016056060791016]
[-2.504772186279297, -3.5504846572875977, 36.22903823852539, 92.39715576171875, 110.06094360351562, 37.86649703979492, -20.809356689453125, 32.38338851928711, 131.18267822265625, 235.1485595703125, 174.30392456054688, 40.460426330566406, -192.74061584472656, 34.133243560791016, 536.7401733398438, 541.7838134765625]
[-1.632737159729004, -7.669732570648193, 20.41777229309082, 82.93881225585938, 120.59064483642578, 93.11370086669922, 25.36513328552246, -41.23079299926758, 40.64841079711914, 118.57565307617188, 288.619140625, 237.74087524414062, 154.4781036376953, -104.11797332763672, -30.97763442993164, 104.28382110595703]
[-1.318975806236267, -8.128185272216797, 9.178715705871582, 52.74982452392578, 105.79188537597656, 136.96847534179688, 112.9156265258789, 42.093162536621094, -82.52323913574219, 27.32767105102539, 78.09080505371094, 249.848876953125, 398.46539306640625, 283.84039306640625, 169.2149658203125, 91.17092895507812]
[0.7463589310646057, -8.432393074035645, -4.849637031555176, 26.315513610839844, 75.71480560302734, 120.33928680419922, 150.78343200683594, 156.10488891601562, 76.45277404785156, -18.294296264648438, -113.49205017089844, 28.659908294677734, 88.94566345214844, 273.00494384765625, 441.582763671875, 294.390380859375]
[1.431398630142212, -5.553045749664307, -12.165246963500977, -1.179334044456482, 36.114662170410156, 87.58322143554688, 171.30926513671875, 172.41221618652344, 198.10752868652344, 302.13568115234375, 95.74121856689453, 33.816429138183594, -4.925289154052734, -5.8465752601623535, 67.64990997314453, 147.29660034179688]
[3.095679998397827, -2.1419641971588135, -15.59511661529541, -15.951619148254395, -0.2361600697040558, 35.01841354370117, 79.06970977783203, 132.86727905273438, 154.29417419433594, 489.0185546875, 327.1862487792969, 436.96002197265625, 170.87393188476562, 235.31149291992188, 40.821903228759766, -51.420433044433594]
[4.742249965667725, 2.558936357498169, -1.1608564853668213, -15.444287300109863, -19.61052894592285, -12.485060691833496, 6.3376593589782715, 29.477216720581055, 65.88532257080078, 133.18553161621094, 209.2559051513672, 274.4832458496094, 403.2809143066406, 631.7005004882812, 335.8708801269531, 297.2994079589844]
[6.473508834838867, 7.5601911544799805, 4.663158416748047, -7.369981288909912, -11.223366737365723, -37.67127227783203, -23.674943923950195, -15.072074890136719, 18.74290657043457, 3.384819746017456, -12.73513412475586, -24.76751136779785, 8.554651260375977, 177.14804077148438, 136.4342498779297, 200.9861602783203]
[8.221426010131836, 14.247957229614258, 19.164352416992188, 18.739208221435547, 27.082290649414062, 30.40407943725586, 30.477840423583984, 4.157065391540527, 14.566439628601074, -38.033294677734375, -55.54282760620117, 50.97256851196289, 24.283832550048828, -134.32423400878906, 70.18462371826172, -259.20916748046875]
[10.0, 21.347829818725586, 34.5510368347168, 46.806129455566406, 66.51168823242188, 76.95365142822266, 180.34286499023438, 129.90626525878906, 159.05368041992188, 188.627685546875, 187.2544403076172, 172.25930786132812, 234.55862426757812, 296.288818359375, 342.07904052734375, 565.3536376953125]
[11.754343032836914, 28.636817932128906, 50.58810043334961, 69.59581756591797, 94.27625274658203, 135.75210571289062, 341.3465270996094, 153.01608276367188, 249.4010009765625, 194.27723693847656, 257.7543029785156, 253.29598999023438, 315.4290771484375, 190.2903289794922, 279.7579345703125, 500.13751220703125]
[13.46229362487793, 34.932838439941406, 63.20400619506836, 86.19231414794922, 111.18433380126953, 148.2261199951172, 170.42401123046875, 178.2900848388672, 282.95526123046875, 128.79360961914062, 88.5971908569336, 81.57047271728516, 82.3421401977539, -4.975653648376465, -116.43310546875, -192.4624481201172]
[15.114916801452637, 40.75265121459961, 73.82442474365234, 99.45782470703125, 106.73946380615234, 98.02513122558594, 93.46784973144531, 57.3420295715332, 0.5927501916885376, -26.392974853515625, 6.792882442474365, -15.240039825439453, 11.905892372131348, 69.64952850341797, 161.391357421875, 327.126953125]
[16.516796112060547, 46.34465789794922, 75.9949951171875, 94.79586029052734, 80.31349182128906, 51.24848556518555, 26.026731491088867, -68.43631744384766, -33.265995025634766, -46.195438385009766, 121.7149887084961, 183.1623077392578, 259.3883972167969, 383.44879150390625, 250.5924835205078, 326.2747802734375]
[18.099384307861328, 45.763946533203125, 69.7122802734375, 63.74125671386719, 38.185546875, -8.718412399291992, -51.812625885009766, -32.18959045410156, 63.03809356689453, 185.29074096679688, 538.17333984375, 369.060791015625, 247.3146209716797, 138.0358428955078, 27.2762451171875, -227.92041015625]
[19.832426071166992, 46.33597183227539, 59.5518913269043, 38.70425796508789, -6.038536548614502, -19.606719970703125, 1.3480937480926514, 88.72021484375, 232.2820587158203, 229.6259002685547, 408.5830078125, 86.091064453125, 30.982698440551758, 77.53980255126953, 49.203365325927734, 184.177001953125]
[21.052141189575195, 44.95022964477539, 44.90498352050781, 5.960469722747803, -20.630008697509766, 14.108430862426758, 86.60022735595703, 202.20245361328125, 204.5216522216797, 135.9969482421875, 39.60383987426758, -14.321000099182129, 74.89228820800781, 198.8340301513672, 638.9000244140625, 260.8305358886719]
[21.96444320678711, 45.437950134277344, 30.956865310668945, -6.226907253265381, -26.805477142333984, 59.914241790771484, 168.734619140625, 202.97280883789062, 88.32315826416016, -25.8096923828125, -38.5836067199707, 129.6537628173828, 486.8326110839844, 324.1125793457031, 275.95379638671875, -72.49072265625]
[22.991395950317383, 38.95893859863281, 17.023643493652344, -19.35770606994629, 16.1397647857666, 110.03591918945312, 147.89463806152344, 84.2395248413086, -66.57221221923828, -24.346614837646484, 194.5417022705078, 390.2453308105469, 409.24957275390625, -93.87837219238281, -4.718705654144287, 159.4361114501953]
[22.99127960205078, 36.181854248046875, -0.18944433331489563, -7.0516557693481445, 65.27007293701172, 155.3733673095703, 94.15361022949219, -13.919580459594727, -38.573463439941406, 130.8515625, 303.7813720703125, 129.78602600097656, -197.87722778320312, 100.90750122070312, 380.9839782714844, 339.0624084472656]
[23.577024459838867, 29.548233032226562, -5.383701324462891, 10.106195449829102, 106.68562316894531, 137.57723999023438, 20.85849380493164, -55.140018463134766, 132.62071228027344, 218.23321533203125, 110.39263153076172, -54.36895751953125, 99.02204895019531, 208.74754333496094, 210.90367126464844, 98.01203155517578]
[24.624513626098633, 22.338275909423828, -6.7685160636901855, 33.48860168457031, 109.05305480957031, 72.25556945800781, -4.630300521850586, 68.82085418701172, 249.5531463623047, 133.67947387695312, -122.14460754394531, 83.89429473876953, 227.7569580078125, 175.6968536376953, -82.62422943115234, 95.51673889160156]
[23.698028564453125, 14.675142288208008, -11.409234046936035, 59.035186767578125, 104.7507553100586, -0.973608672618866, 8.888895034790039, 171.1981964111328, 188.63638305664062, 33.010841369628906, 47.89175796508789, 381.7657775878906, 148.2844696044922, -168.91363525390625, 167.77886962890625, 373.90399169921875]
[23.69306182861328, 7.63129186630249, 0.2894464433193207, 92.65889739990234, 73.0351791381836, -33.219383239746094, 75.87269592285156, 180.683837890625, 30.918188095092773, -14.525079727172852, 280.3500061035156, 369.1138916015625, -61.84012222290039, 329.6243591308594, 435.08941650390625, 67.14469909667969]
[22.908245086669922, 2.0644125938415527, 5.702673435211182, 91.6424560546875, 36.53621292114258, 3.8187954425811768, 128.53121948242188, 121.03699493408203, -39.63117980957031, 185.34683227539062, 174.71070861816406, -89.60881805419922, 122.14808654785156, 716.9290771484375, -28.7672176361084, 29.51129913330078]
[22.238773345947266, -3.7563254833221436, 24.373931884765625, 97.90737915039062, -13.584596633911133, 35.05724334716797, 133.43499755859375, -4.336599826812744, 38.635894775390625, 284.96923828125, -27.47063636779785, 132.04171752929688, 381.0877380371094, 86.65457916259766, 83.0721664428711, 878.0852661132812]
[21.503910064697266, -4.4897260665893555, 40.03221130371094, 71.02247619628906, -11.267801284790039, 96.42594146728516, 106.0911636352539, 4.495206356048584, 214.2310028076172, 130.04177856445312, -5.607100009918213, 309.6255798339844, 123.41288757324219, 85.46007537841797, 301.6199035644531, 83.16334533691406]
[20.436830520629883, -8.798689842224121, 52.46242904663086, 53.70020294189453, -2.9644088745117188, 141.31991577148438, 25.625673294067383, 64.67156219482422, 163.87991333007812, -78.68376922607422, 134.0508270263672, 207.58392333984375, -87.34427642822266, 395.88885498046875, 141.2244110107422, 17.6142578125]
[19.24557876586914, -6.753101348876953, 60.048770904541016, 26.253795623779297, 14.683758735656738, 119.47300720214844, -31.9008846282959, 252.47792053222656, 99.34097290039062, 26.641511917114258, 194.80075073242188, -27.307300567626953, 155.70994567871094, 244.92205810546875, -132.60292053222656, 264.536376953125]
[18.583099365234375, -5.414108753204346, 76.22960662841797, -7.613469123840332, 61.22003173828125, 83.10134887695312, -20.167613983154297, 396.88372802734375, -65.30181884765625, 310.21722412109375, 119.38345336914062, -0.20764955878257751, 314.97491455078125, -99.05353546142578, 262.1806945800781, 149.1062469482422]
[16.911596298217773, -0.9496269226074219, 75.87513732910156, -19.567235946655273, 92.20960235595703, 20.94446563720703, 63.95950698852539, 150.8628387451172, 29.956592559814453, 457.7161865234375, -51.69701385498047, 287.8525390625, 71.71063995361328, 106.547607421875, 182.3950653076172, 70.61498260498047]
[15.10057544708252, 1.4543293714523315, 66.72280883789062, -5.885236740112305, 121.34298706054688, -13.62209415435791, 161.9973907470703, 20.799720764160156, 100.46638488769531, 126.67164611816406, 19.70359992980957, 255.7610321044922, -15.994196891784668, 326.5455017089844, -79.58000946044922, 480.7310791015625]
[13.634581565856934, 7.182727813720703, 57.77203369140625, -3.42148494720459, 124.77672576904297, -29.04706382751465, 179.76222229003906, -40.43461227416992, 260.29986572265625, 26.174152374267578, 266.17523193359375, -11.091142654418945, 222.18814086914062, 88.39805603027344, 346.4698181152344, 179.2068634033203]
[11.840913772583008, 14.079672813415527, 39.89081573486328, 18.030744552612305, 81.13101959228516, 16.671157836914062, 124.67665100097656, 13.48862361907959, 151.2820587158203, 23.61046028137207, 217.92237854003906, -5.8385186195373535, 382.30450439453125, -97.00931549072266, 714.2365112304688, -222.55287170410156]
[10.0, 21.27743911743164, 25.425071716308594, 46.76424026489258, 34.25276184082031, 84.09965515136719, 44.43608474731445, 106.7973403930664, 58.395599365234375, 161.18280029296875, -3.900517225265503, 214.98731994628906, -9.802937507629395, 327.802734375, 109.63286590576172, 248.08111572265625]
[8.144264221191406, 27.649572372436523, 8.952296257019043, 78.81779479980469, 7.09704065322876, 131.9433135986328, 1.7288841009140015, 216.4700164794922, -27.446449279785156, 173.88401794433594, -121.78141021728516, 354.8994445800781, -22.438169479370117, 302.3397521972656, 17.51226043701172, 243.05055236816406]
[6.346227645874023, 34.46148681640625, -3.1436288356781006, 82.80679321289062, -17.493013381958008, 143.51687622070312, 8.885177612304688, 145.68487548828125, 56.24250030517578, 126.92665100097656, 245.12069702148438, 14.323150634765625, 555.63671875, 46.39273452758789, 510.00213623046875, 109.98622131347656]
[4.812344551086426, 39.187747955322266, -15.361859321594238, 96.31895446777344, -15.58512020111084, 115.80184173583984, 49.560428619384766, 56.30778121948242, 142.57504272460938, -27.71068000793457, 640.0145263671875, -109.39270782470703, 469.6637268066406, 51.763668060302734, 123.68466186523438, 192.75625610351562]
[3.19354510307312, 43.92708969116211, -6.729586124420166, 84.33094787597656, 15.06373119354248, 51.65221405029297, 123.9610366821289, -35.5085563659668, 490.63519287109375, -49.205528259277344, 132.20028686523438, 148.920166015625, 46.66459655761719, 242.7545623779297, 29.613895416259766, 589.0308837890625]
[1.7730904817581177, 46.420143127441406, -13.834755897521973, 71.07876586914062, 65.28057098388672, 6.190871715545654, 156.28253173828125, -36.4691162109375, 259.44769287109375, 183.890380859375, 22.87813377380371, 238.80490112304688, 46.81147384643555, 268.8680725097656, 274.8008728027344, -11.59019660949707]
[-0.0013208023738116026, 47.31318664550781, 2.7218565940856934, 38.65149688720703, 109.47506713867188, -15.714860916137695, 125.650634765625, 89.96849060058594, -43.53932189941406, 215.3776397705078, 20.589710235595703, 95.86385345458984, 270.4306640625, -118.89727783203125, 292.770751953125, 360.4603576660156]
[-0.7877339720726013, 48.12702941894531, 12.150899887084961, 12.195113182067871, 110.43733978271484, -1.2167259454727173, 52.77350616455078, 149.11622619628906, -1.859988808631897, 135.21742248535156, 167.4352264404297, -140.60443115234375, 237.15512084960938, 437.117919921875, -0.6273388266563416, 263.8702087402344]
[-2.523193120956421, 45.34595489501953, 28.852210998535156, -2.3415133953094482, 100.83625030517578, 59.86061096191406, -45.25838088989258, 214.4287872314453, 93.91326904296875, 9.21961784362793, 172.40000915527344, 131.17828369140625, 62.40166091918945, 252.977783203125, 175.95465087890625, -19.527149200439453]
[-2.9038403034210205, 41.90365219116211, 43.9145393371582, -8.394732475280762, 83.0208740234375, 126.19700622558594, -65.59518432617188, 82.06208038330078, 225.45950317382812, -43.8780517578125, 68.87266540527344, 716.1865234375, 30.571487426757812, -27.570301055908203, 424.7776794433594, 159.8182830810547]
[-3.431655168533325, 34.378814697265625, 55.243896484375, -11.360136985778809, 38.85847854614258, 128.3846893310547, 88.66820526123047, -31.447219848632812, 169.45126342773438, 164.82046508789062, -71.99069213867188, 252.03627014160156, 389.484375, 90.08259582519531, -33.82645797729492, 276.29541015625]
[-4.50667142868042, 28.671018600463867, 70.93954467773438, 3.7446799278259277, -11.950714111328125, 106.98905944824219, 246.59445190429688, -48.62040328979492, 57.469993591308594, 229.0481414794922, 109.68534088134766, -14.548431396484375, 151.8390350341797, 195.20802307128906, 118.28230285644531, 49.79460906982422]
[-4.333798408508301, 21.9443302154541, 76.6413345336914, 34.561519622802734, -22.524913787841797, 68.3701400756836, 159.80172729492188, 61.69019317626953, -74.7165298461914, 126.71183013916016, 291.7361145019531, 98.17639923095703, -25.533390045166016, 199.94947814941406, 355.460205078125, 102.73433685302734]
[-4.5522541999816895, 14.74988079071045, 71.18133544921875, 58.608116149902344, -8.724239349365234, 13.20179271697998, 150.77114868164062, 152.70620727539062, -10.362527847290039, -18.593950271606445, 193.81088256835938, 297.4537353515625, 88.39732360839844, -161.0221405029297, 272.4445495605469, 413.88458251953125]
[-4.387936115264893, 9.329598426818848, 61.07350158691406, 90.92019653320312, 20.578943252563477, -20.23131561279297, 66.37699127197266, 213.80186462402344, 139.50697326660156, 6.018047332763672, -27.797693252563477, 150.2728729248047, 205.74835205078125, 155.57322692871094, -94.11944580078125, 76.36341094970703]
[-3.6965389251708984, 0.7226808071136475, 49.24717712402344, 92.81620788574219, 63.47211837768555, -22.196521759033203, -29.426050186157227, 108.33451843261719, 186.02951049804688, 178.0279083251953, 20.51378631591797, 33.57297897338867, 133.38323974609375, 453.75274658203125, 506.3849182128906, -27.880172729492188]
[-2.2419333457946777, -0.7319421768188477, 36.06599044799805, 84.799072265625, 107.62047576904297, 32.678138732910156, 0.08397071808576584, 0.9892635941505432, 143.58016967773438, 231.4423828125, 208.38580322265625, 45.27090072631836, -160.92568969726562, 105.70081329345703, 283.1937561035156, 514.7363891601562]
[-1.8989613056182861, -4.289248943328857, 19.12085723876953, 79.79069519042969, 120.94342803955078, 102.48580169677734, 17.704120635986328, -34.82008361816406, -31.967971801757812, 128.19192504882812, 305.02984619140625, 191.87802124023438, 157.0873260498047, -93.28600311279297, 15.067033767700195, 78.77632141113281]
[-1.0392701625823975, -9.264756202697754, 5.046234130859375, 52.4481086730957, 118.64701843261719, 162.09349060058594, 98.11248016357422, 45.978179931640625, -29.875974655151367, -82.18573760986328, 76.37313842773438, 202.8651123046875, 282.8027648925781, 233.33465576171875, 168.1424102783203, -50.910030364990234]
[-0.0466325543820858, -5.426188945770264, -6.241537570953369, 25.319473266601562, 78.37733459472656, 124.48631286621094, 170.3151397705078, 128.56260681152344, 79.74925994873047, -26.10789680480957, -3.2311925888061523, -13.02053165435791, 76.11812591552734, 225.09329223632812, 237.7985076904297, 727.0523681640625]
[1.3913674354553223, -3.8637325763702393, -9.897092819213867, 1.8757047653198242, 38.879852294921875, 95.5639419555664, 171.64012145996094, 171.6520538330078, 189.94461059570312, 342.0817565917969, 86.66832733154297, 49.13252639770508, -141.0031280517578, -101.7431411743164, 43.21554183959961, 287.8663024902344]
[3.336508274078369, -2.1349985599517822, -16.29047203063965, -7.086174011230469, -9.606804847717285, 24.74813461303711, 75.37544250488281, 132.1542205810547, 192.43359375, 436.9433898925781, 252.9165496826172, 220.32293701171875, 385.34332275390625, 110.3717269897461, -14.960015296936035, 30.297266006469727]
[4.788074016571045, 0.733237624168396, -1.1508995294570923, -11.02728271484375, -3.83406138420105, 2.1329710483551025, -18.640409469604492, 10.16996955871582, 75.06201934814453, 119.46707153320312, 146.1099395751953, 222.53599548339844, 456.54486083984375, 524.059814453125, 477.21807861328125, 254.0923309326172]
[6.339808464050293, 7.071797847747803, 5.976731777191162, -2.6220571994781494, 2.040062665939331, -37.96073532104492, -51.6705207824707, -41.590335845947266, -64.02725982666016, 15.349980354309082, -35.348934173583984, -21.03862190246582, 46.2101936340332, 197.29434204101562, 130.67311096191406, 205.8489532470703]
[8.273580551147461, 14.050592422485352, 19.528390884399414, 18.62960433959961, 16.0103816986084, 23.8928279876709, 10.21144962310791, 4.761561870574951, 13.529678344726562, -38.3543815612793, -37.50736999511719, -51.767616271972656, 28.58123779296875, -92.82540893554688, -76.37101745605469, 14.87436294555664]
[10.0, 21.450838088989258, 34.48274230957031, 49.24421691894531, 64.83312225341797, 75.11713409423828, 103.8404769897461, 227.6544952392578, 129.33900451660156, 131.5540008544922, 354.5915832519531, 235.27427673339844, 229.93496704101562, 264.0830383300781, 309.1915283203125, 418.0119323730469]
[11.8010892868042, 27.963726043701172, 50.562564849853516, 70.43988800048828, 94.32371520996094, 142.57760620117188, 140.6794891357422, 336.53948974609375, 206.2631378173828, 196.766357421875, 254.0082550048828, 249.0636749267578, 214.5052947998047, 323.7453308105469, 187.93896484375, 254.14703369140625]
[13.371769905090332, 33.96101760864258, 57.790157318115234, 86.70294952392578, 121.9945297241211, 140.92544555664062, 144.5752410888672, 165.52603149414062, 131.68409729003906, 134.6450958251953, 82.59278106689453, 19.978483200073242, -44.385826110839844, -24.546812057495117, -170.94320678710938, -160.02130126953125]
[15.311747550964355, 39.951087951660156, 69.61561584472656, 89.3087158203125, 121.97022247314453, 111.80155944824219, 84.75167846679688, 53.825218200683594, -19.4261474609375, -18.977399826049805, -32.96675491333008, 51.47737121582031, -63.988739013671875, 68.708251953125, 161.2888641357422, 286.84124755859375]
[16.5571346282959, 46.996883392333984, 68.19766998291016, 83.63301086425781, 75.48038482666016, 48.62775421142578, -11.571037292480469, -61.205963134765625, -40.872066497802734, 6.610605716705322, 76.39151763916016, 333.4380187988281, 208.8434295654297, 248.62283325195312, 768.4548950195312, 309.379638671875]
[18.351316452026367, 44.86481857299805, 74.04298400878906, 62.65998077392578, 32.73981857299805, -16.96175765991211, 4.158313274383545, 10.496697425842285, 49.37872314453125, 162.50782775878906, 319.2240295410156, 538.0347900390625, 174.50567626953125, 135.52166748046875, 78.18079376220703, -136.91598510742188]
[19.73053550720215, 46.73932647705078, 63.61820602416992, 38.5549430847168, 9.270730018615723, -18.419565200805664, -0.8847965598106384, 94.27748107910156, 399.80950927734375, 226.55337524414062, 151.3252410888672, 180.56381225585938, -41.870361328125, -26.2923583984375, 67.4014892578125, 210.1738739013672]
[20.380138397216797, 49.67900085449219, 44.184814453125, 8.22880744934082, -29.46163558959961, -13.26826286315918, 89.4540786743164, 166.09353637695312, 412.6343994140625, 123.46155548095703, 28.76969337463379, 48.84465789794922, 91.20953369140625, 227.2129364013672, 416.9286804199219, 378.8267822265625]
[21.646223068237305, 45.56327438354492, 31.183841705322266, -13.030352592468262, -12.62914752960205, 59.88665771484375, 177.28271484375, 208.08175659179688, 179.43994140625, -9.840010643005371, 46.15752410888672, 127.94239807128906, 300.2942199707031, 321.3944091796875, 128.1310577392578, -69.30260467529297]
[23.209918975830078, 41.9139404296875, 16.176794052124023, -23.944053649902344, 20.23057746887207, 106.63650512695312, 130.84083557128906, 82.8326187133789, -67.29837036132812, -5.408115386962891, 195.20494079589844, 315.5753173828125, 165.72232055664062, -86.7584228515625, -135.6402587890625, 295.9380798339844]
[23.97823715209961, 35.87455749511719, 2.1832361221313477, -3.6745800971984863, 61.17471694946289, 165.57655334472656, 100.28492736816406, -45.4750862121582, 16.507644653320312, 132.108642578125, 325.9815673828125, 126.29169464111328, 2.9150519371032715, 95.9598617553711, 291.5969543457031, 727.0339965820312]
[23.301677703857422, 28.986879348754883, -11.014559745788574, 6.358520030975342, 114.1093521118164, 140.54754638671875, 10.658227920532227, 4.8969855308532715, 136.03623962402344, 290.7782287597656, 110.47563934326172, -95.17227935791016, 57.071250915527344, 364.6851501464844, 238.17723083496094, 72.65634155273438]
[24.207260131835938, 22.075298309326172, -7.470987319946289, 34.21992111206055, 107.09210968017578, 73.6241226196289, -10.118793487548828, 58.63056182861328, 177.76153564453125, 135.03378295898438, 15.816704750061035, 101.73129272460938, 257.9715881347656, 179.55007934570312, -7.277759075164795, 112.33416748046875]
[24.36221694946289, 15.170676231384277, -11.373469352722168, 63.85944747924805, 117.67185974121094, 6.838713645935059, -26.494279861450195, 160.40133666992188, 178.30105590820312, -74.15999603271484, 81.33251953125, 366.2803039550781, 165.98414611816406, -103.7464370727539, 170.6894073486328, 325.43292236328125]
[24.259057998657227, 7.926789283752441, -0.9003193378448486, 87.59563446044922, 77.21554565429688, -45.258880615234375, 74.2970962524414, 168.313720703125, 40.24549865722656, -20.01727867126465, 184.1643524169922, 159.66690063476562, -78.89606475830078, 324.4659118652344, 469.2742919921875, -29.30718231201172]
[23.540668487548828, 2.979337215423584, 5.988483428955078, 98.20326232910156, 37.30741882324219, -15.815569877624512, 162.79689025878906, 122.24385070800781, -46.460914611816406, 172.0373077392578, 193.97401428222656, -38.4752311706543, 244.74441528320312, 759.1795654296875, 105.19331359863281, 4.307551383972168]
[22.614978790283203, -2.619551181793213, 24.08043670654297, 93.48841094970703, 2.945436716079712, 34.880794525146484, 198.4420166015625, 29.875896453857422, 36.827457427978516, 216.33497619628906, 55.7477912902832, 49.90117263793945, 685.5422973632812, 122.19351196289062, 82.3196792602539, 555.4647216796875]
[21.447856903076172, -7.295373916625977, 39.792633056640625, 71.46532440185547, -9.924549102783203, 111.78252410888672, 104.97862243652344, -16.00911521911621, 198.90597534179688, 129.39768981933594, 12.184466361999512, 281.78594970703125, 248.1492919921875, -39.148719787597656, 329.6169738769531, 25.89537239074707]
[20.99677085876465, -6.796679973602295, 50.76016616821289, 53.87350845336914, -11.539451599121094, 143.5698699951172, 33.66675567626953, 37.224613189697266, 223.5144500732422, -3.1578640937805176, 147.01983642578125, 214.86595153808594, -56.041927337646484, 350.1529541015625, 134.35064697265625, 117.47758483886719]
[19.68328285217285, -8.228864669799805, 64.3010025024414, 25.0926570892334, 18.315902709960938, 155.2989501953125, -29.260513305664062, 136.17433166503906, 108.81304931640625, -1.75480055809021, 350.35260009765625, 28.00462532043457, 149.9136505126953, 270.33221435546875, -112.63766479492188, 432.34576416015625]
[18.352516174316406, -5.580187797546387, 67.51416778564453, -1.524087905883789, 64.52302551269531, 100.73909759521484, -27.77275848388672, 221.85194396972656, 9.989624977111816, 310.2904968261719, 270.4480285644531, 62.03421401977539, 193.9705352783203, -106.66989135742188, 492.5828857421875, 110.64320373535156]
[16.790943145751953, -2.8794572353363037, 69.49508666992188, -12.5274658203125, 99.39079284667969, 24.981006622314453, 139.25393676757812, 119.296630859375, -5.560876846313477, 530.392333984375, -45.25493240356445, 215.94125366210938, 84.45160675048828, 118.3322982788086, 510.41925048828125, 77.44303894042969]
[15.122678756713867, 2.911787509918213, 63.7497444152832, -23.62078094482422, 127.68983459472656, 4.758288860321045, 133.15476989746094, 32.664485931396484, 103.44258880615234, 124.84153747558594, 107.49626159667969, 224.92578125, 16.753631591796875, 208.8754425048828, -152.15579223632812, 391.80816650390625]
[13.432860374450684, 8.457568168640137, 55.163978576660156, -5.13578987121582, 109.51161193847656, -37.53544616699219, 182.5996856689453, -28.781232833862305, 247.33888244628906, -83.84791564941406, 216.68299865722656, -28.24249839782715, 168.68821716308594, 53.38600540161133, 154.28831481933594, 166.80377197265625]
[11.768299102783203, 14.801880836486816, 41.130462646484375, 17.724843978881836, 86.36688232421875, 24.855655670166016, 109.70677947998047, 20.1907958984375, 139.05918884277344, -28.592721939086914, 222.64442443847656, -92.15594482421875, 295.31585693359375, -102.7943115234375, 471.134765625, -24.834962844848633]
[10.0, 21.311359405517578, 25.287860870361328, 48.66919708251953, 37.81711196899414, 84.84142303466797, 43.282108306884766, 112.91337585449219, 22.713817596435547, 191.0029754638672, 50.053680419921875, 422.1026916503906, 5.437994003295898, 202.3484344482422, 78.31505584716797, 612.017578125]
[8.196830749511719, 28.849756240844727, 10.218055725097656, 79.09854125976562, 8.5242919921875, 151.04013061523438, -16.953929901123047, 178.0565185546875, -2.0021755695343018, 199.19509887695312, 21.400390625, 460.3680114746094, -50.37971878051758, 260.5408630371094, 14.242323875427246, 503.0606689453125]
[6.6169514656066895, 34.68105697631836, -0.6187241673469543, 94.02690124511719, -18.64674186706543, 152.7732696533203, -13.375336647033691, 173.81842041015625, 31.15255355834961, 123.97994232177734, 127.91126251220703, 28.772974014282227, 191.16622924804688, -134.6725616455078, 451.1864318847656, -71.3948745727539]
[4.596800327301025, 39.44923400878906, -10.600064277648926, 91.81669616699219, -26.23200035095215, 122.21604919433594, 46.62740707397461, 48.623512268066406, 136.32151794433594, -70.6003646850586, 186.67083740234375, -55.76165008544922, 246.5201416015625, 66.1134262084961, 134.60635375976562, 260.0877990722656]
[3.4246506690979004, 46.1387825012207, -18.245397567749023, 83.38725280761719, 18.298864364624023, 50.02305603027344, 143.7293243408203, -9.95167350769043, 181.89834594726562, -5.6412739753723145, 127.74252319335938, 190.6024627685547, -22.735200881958008, 428.46453857421875, -51.31241989135742, 211.6036376953125]
[1.6945604085922241, 48.02524185180664, -5.310455322265625, 65.11204528808594, 63.90951919555664, 2.7154531478881836, 137.1141815185547, -12.857168197631836, 131.35972595214844, 173.4286346435547, -61.922935485839844, 329.81927490234375, -38.077213287353516, 137.7534637451172, 379.4104309082031, -229.2594757080078]
[0.3968900740146637, 46.84281921386719, 0.45799532532691956, 38.360958099365234, 104.45709228515625, -26.197233200073242, 143.13336181640625, 178.0284881591797, -9.559871673583984, 222.9881134033203, -24.06536293029785, 102.02264404296875, 352.0386657714844, -200.5107879638672, 213.510498046875, 175.38536071777344]
[-0.7840206623077393, 46.10165023803711, 12.323453903198242, 6.816381931304932, 112.68138885498047, -4.053248882293701, 48.279266357421875, 301.84796142578125, -18.254735946655273, 114.29621124267578, 164.04676818847656, -38.806427001953125, 252.3820343017578, 471.20330810546875, -198.7345733642578, 315.7967834472656]
[-1.3626331090927124, 46.72279739379883, 29.0697021484375, -5.6334991455078125, 102.22693634033203, 59.916629791259766, -6.369664192199707, 150.8633575439453, 192.23931884765625, -24.165321350097656, 283.3567810058594, 125.39091491699219, -97.01085662841797, 663.7050170898438, 171.89500427246094, -4.369241714477539]
[-2.4985718727111816, 41.26789855957031, 45.04518508911133, -14.153493881225586, 74.05233001708984, 116.51338195800781, -10.621363639831543, 83.02557373046875, 438.359619140625, -25.33795928955078, 66.13162231445312, 260.2637634277344, 100.22034454345703, -29.492233276367188, 346.6307373046875, 159.4698486328125]
[-3.3200266361236572, 35.46493148803711, 56.1348876953125, -10.557905197143555, 34.79581832885742, 121.86250305175781, 41.84089279174805, -12.548036575317383, 357.5523376464844, 151.29385375976562, -118.54548645019531, 127.57862091064453, 646.8826904296875, 60.737510681152344, -12.934553146362305, 286.824951171875]
[-4.409482479095459, 29.763986587524414, 73.49533081054688, 10.848414421081543, -12.97999095916748, 113.27771759033203, 131.56361389160156, -28.628128051757812, 52.22291946411133, 290.1266784667969, 109.62825775146484, 18.591068267822266, 326.0194396972656, 392.1073913574219, 27.8689022064209, -13.62378978729248]
[-3.5954654216766357, 22.12380027770996, 66.84593963623047, 33.38414764404297, -21.548389434814453, 68.40884399414062, 170.6757049560547, 69.07440185546875, 2.9643752574920654, 134.9345703125, 241.7275848388672, 103.52478790283203, 3.5783534049987793, 201.30726623535156, 789.7081298828125, 82.01514434814453]
[-3.5152645111083984, 15.509565353393555, 71.07890319824219, 65.60444641113281, -15.14723014831543, 8.241607666015625, 128.2285614013672, 194.64488220214844, 47.18913650512695, -69.0276870727539, 190.0048065185547, 286.5997314453125, 87.28243255615234, 1.0926789045333862, 288.9422302246094, 545.8737182617188]
[-3.9412577152252197, 8.459259033203125, 63.45476150512695, 79.3299331665039, 13.81048583984375, -44.604915618896484, 65.33183288574219, 205.1577911376953, 152.39295959472656, -46.36219024658203, -74.01348876953125, 142.92144775390625, 323.9645690917969, 157.00704956054688, -100.8497314453125, 123.86953735351562]
[-3.728025436401367, 2.6096572875976562, 50.291221618652344, 91.12825012207031, 66.0582504272461, -26.05769920349121, -23.072294235229492, 101.70763397216797, 257.6305236816406, 170.18321228027344, -29.87881088256836, -124.21015930175781, 134.59524536132812, 262.27642822265625, 369.7191467285156, 102.98687744140625]
[-2.838623523712158, -2.545117139816284, 36.05584716796875, 92.95073699951172, 106.44312286376953, 36.35975646972656, -24.145000457763672, -8.50503921508789, 137.50062561035156, 283.2850646972656, 235.40740966796875, 86.90831756591797, -47.780155181884766, 68.70572662353516, 240.0210418701172, 945.3081665039062]
[-1.466822624206543, -8.764877319335938, 20.159215927124023, 71.98078155517578, 116.37332153320312, 96.67124938964844, 31.874473571777344, -31.975357055664062, 38.56786346435547, 128.84425354003906, 499.18914794921875, 198.452880859375, 152.43594360351562, 24.352739334106445, -197.3290557861328, 119.87421417236328]
[-0.4027561545372009, -5.796622276306152, 5.316468715667725, 53.602413177490234, 105.75821685791016, 151.8511962890625, 96.71247863769531, 37.48440933227539, 12.617769241333008, -73.60848999023438, 176.44618225097656, 207.69154357910156, 262.8421936035156, 316.91314697265625, 175.15179443359375, 40.671199798583984]
[0.7075341939926147, -7.0059051513671875, -2.6793453693389893, 23.368494033813477, 74.8094253540039, 131.24630737304688, 197.1669464111328, 121.03223419189453, 82.7093505859375, -23.38446617126465, -21.027984619140625, -39.59843826293945, 86.05135345458984, 244.4619903564453, 418.3962707519531, 527.8971557617188]
[1.6072096824645996, -8.22201919555664, -13.335367202758789, 4.811188697814941, 32.504661560058594, 87.30839538574219, 160.61317443847656, 234.11117553710938, 173.6312713623047, 349.8856201171875, 97.64741516113281, 2.437108278274536, -134.19667053222656, 41.0932731628418, 58.20783233642578, 112.42536926269531]
[3.1029584407806396, -3.3820602893829346, -9.259129524230957, -4.953536033630371, -0.06580913066864014, 22.451988220214844, 76.37677001953125, 133.08779907226562, 210.09828186035156, 496.93701171875, 277.49359130859375, 505.3448181152344, 187.71328735351562, 118.54426574707031, 78.2027816772461, -24.148786544799805]
[4.6312665939331055, 0.7607033252716064, -5.038305282592773, -6.404362678527832, -34.22434616088867, -6.377914905548096, -15.134675979614258, 19.372739791870117, 65.58663177490234, 124.84932708740234, 157.5523223876953, 170.51193237304688, 268.19244384765625, 453.78106689453125, 444.0478820800781, 454.6432800292969]
[6.325456142425537, 8.543645858764648, 1.6002517938613892, -0.08779675513505936, -16.6812744140625, -33.34317398071289, -55.23984909057617, -53.148189544677734, -62.214900970458984, -12.872124671936035, -45.964439392089844, 54.013031005859375, 2.28574800491333, 180.0789337158203, 143.4356689453125, 208.1611328125]
[8.154245376586914, 14.288494110107422, 18.990238189697266, 17.548999786376953, 17.52014923095703, 11.575719833374023, 15.910530090332031, 6.7664618492126465, -7.754997253417969, 20.876928329467773, 29.359628677368164, -91.24127960205078, -63.49992370605469, -183.6284637451172, 25.840492248535156, -112.54286193847656]
[10.0, 21.52825927734375, 34.046634674072266, 47.063148498535156, 63.40235137939453, 77.77552032470703, 97.03604125976562, 115.51200103759766, 124.4994125366211, 190.51588439941406, 150.27969360351562, 158.3269805908203, 269.59930419921875, 547.9512939453125, 322.9656982421875, 399.6558532714844]
[11.825121879577637, 28.20085334777832, 50.01670455932617, 68.93928527832031, 97.68379974365234, 147.13082885742188, 180.18016052246094, 184.64218139648438, 243.95120239257812, 271.32611083984375, 314.6954345703125, 190.3394317626953, 352.1419372558594, 311.62884521484375, 336.1584167480469, 306.4111633300781]
[13.369298934936523, 36.14665222167969, 63.735843658447266, 89.77335357666016, 115.35922241210938, 119.62439727783203, 176.206298828125, 146.28298950195312, 143.87522888183594, 134.7218475341797, 98.83618927001953, 53.22305679321289, -42.73963928222656, 88.3601303100586, -131.8135223388672, -35.736820220947266]
[15.025321006774902, 42.375633239746094, 73.61273193359375, 98.92822265625, 117.14618682861328, 95.73274230957031, 89.24565887451172, 51.13835144042969, -19.020973205566406, -10.84164810180664, 37.952701568603516, -105.0042495727539, 70.3209457397461, 51.86845016479492, 325.1055908203125, 310.60675048828125]
[16.51300811767578, 43.11042022705078, 69.05567169189453, 86.39191436767578, 75.29134368896484, 50.02677536010742, 29.2321834564209, -62.566043853759766, -41.8404426574707, -11.01141357421875, 61.237056732177734, 175.73129272460938, 524.5020141601562, 238.1947784423828, 558.2813110351562, 635.5521850585938]
[18.490339279174805, 47.04975891113281, 72.08692932128906, 61.6640625, 35.80634689331055, -11.795332908630371, -43.83943176269531, -42.64775466918945, 68.059814453125, 175.59371948242188, 299.30987548828125, 280.5968322753906, 515.8152465820312, 136.30885314941406, 52.466339111328125, -44.13249206542969]
[20.02564239501953, 46.26512908935547, 60.46097183227539, 38.69737243652344, 0.5140223503112793, -18.87581443786621, 20.207334518432617, 92.19220733642578, 209.8531951904297, 198.8882598876953, 193.1795654296875, 76.05811309814453, 68.94568634033203, 17.439542770385742, 96.15135192871094, 464.99493408203125]
[20.356311798095703, 48.70370864868164, 45.69694900512695, 10.702929496765137, -20.06205177307129, 8.002355575561523, 90.91574096679688, 171.2029266357422, 227.4017333984375, 133.61924743652344, -13.622252464294434, -36.71952819824219, 28.19767951965332, 257.8432312011719, 499.1439514160156, 386.3908386230469]
[21.801300048828125, 46.88741683959961, 31.13038444519043, -1.494179368019104, -1.6122760772705078, 59.885986328125, 126.25724029541016, 210.36956787109375, 87.11221313476562, -62.244632720947266, -75.42129516601562, 130.66468811035156, 386.4134826660156, 415.4371337890625, 127.2638931274414, -149.0361785888672]
[23.348831176757812, 41.744789123535156, 14.994843482971191, -6.197173595428467, 23.208328247070312, 104.9742660522461, 140.39280700683594, 82.2592544555664, 11.792071342468262, -32.96963119506836, 194.13063049316406, 217.1485137939453, 226.77102661132812, -81.95471954345703, 0.702133297920227, 159.81385803222656]
[24.087682723999023, 34.08192825317383, -0.43430814146995544, -18.728370666503906, 65.3917465209961, 141.16128540039062, 93.38765716552734, -23.20283317565918, -39.55729675292969, 173.75975036621094, 222.25521850585938, 138.16384887695312, 38.305931091308594, 54.579490661621094, 321.1669006347656, 460.1141662597656]
[23.304044723510742, 28.20375633239746, -3.1056480407714844, 7.784734725952148, 91.07889556884766, 144.32366943359375, 36.08354568481445, -79.6030044555664, 224.35777282714844, 174.00997924804688, 110.49783325195312, 14.448963165283203, 57.135231018066406, 224.79393005371094, 215.6846923828125, 38.88264083862305]
[24.39743423461914, 21.9831485748291, -17.822917938232422, 34.85977554321289, 132.52944946289062, 73.35581970214844, -6.57351541519165, 139.7197265625, 427.1855773925781, 116.98107147216797, -13.767632484436035, 93.29283142089844, 240.62680053710938, 155.9945831298828, 64.51486206054688, 133.52120971679688]
[24.636018753051758, 14.752099990844727, -14.857671737670898, 66.34512329101562, 123.05467224121094, -1.6765222549438477, -18.500635147094727, 376.1483459472656, 151.6170196533203, -39.594757080078125, 51.15756607055664, 368.16839599609375, 149.10232543945312, -195.50592041015625, 154.59425354003906, 529.13427734375]
[23.450075149536133, 8.511980056762695, -2.3467795848846436, 89.4842758178711, 74.3741683959961, -31.737812042236328, 73.708984375, 194.78102111816406, 13.392910957336426, -43.9658317565918, 488.035400390625, 360.2254943847656, -9.185271263122559, 176.49937438964844, 274.7941589355469, 14.598400115966797]
[23.263395309448242, 2.70790433883667, 7.291844367980957, 85.90029907226562, 38.5674934387207, -20.2137393951416, 162.53695678710938, 105.73651885986328, -66.21745300292969, 172.74667358398438, 419.03997802734375, -116.50624084472656, 122.53453063964844, 687.3121337890625, 20.70043182373047, -27.24484634399414]
[22.60413932800293, -2.272080421447754, 24.492223739624023, 99.16332244873047, -3.7566165924072266, 42.03895568847656, 189.33938598632812, 5.207015514373779, 34.39738082885742, 196.6184844970703, 77.82416534423828, 131.65728759765625, 260.15631103515625, 97.50299072265625, 57.19780731201172, 453.6437683105469]
[21.920114517211914, -3.6741652488708496, 38.63922882080078, 73.39039611816406, -6.360528945922852, 89.7980728149414, 121.76663208007812, 0.7664563655853271, 158.8610076904297, 130.8087615966797, -49.2781867980957, 307.9429016113281, 109.73837280273438, 19.843862533569336, 222.84068298339844, 82.46694946289062]
[21.404878616333008, -9.890156745910645, 56.27561950683594, 51.401100158691406, -5.94187068939209, 132.0138702392578, 41.30448532104492, 51.535030364990234, 189.08773803710938, -2.8734188079833984, 143.8783416748047, 187.652099609375, -101.578369140625, 330.6422424316406, 264.9069519042969, -95.75679779052734]
[19.359529495239258, -9.550432205200195, 68.22283172607422, 27.328115463256836, 26.397544860839844, 121.05050659179688, 2.2770285606384277, 145.12648010253906, 107.0140380859375, 8.112552642822266, 268.17779541015625, -33.400550842285156, 182.17074584960938, 230.68484497070312, -138.38314819335938, 778.7369384765625]
[18.05586051940918, -8.51987361907959, 69.53870391845703, -4.731565952301025, 61.850372314453125, 91.04918670654297, -3.3809072971343994, 179.88951110839844, 9.757185935974121, 334.4173583984375, 133.36363220214844, -9.689870834350586, 308.2340393066406, -12.912460327148438, 443.9283142089844, 258.4769287109375]
[16.658069610595703, -3.91878604888916, 70.951904296875, -20.567462921142578, 99.03528594970703, 21.733551025390625, 62.503265380859375, 128.317138671875, -60.860565185546875, 529.0148315429688, -38.51826477050781, 179.43089294433594, 96.2314453125, 126.07923889160156, 262.2445068359375, -41.870479583740234]
[14.952807426452637, 2.6707763671875, 69.28651428222656, -17.92103385925293, 129.19760131835938, -23.068208694458008, 150.76766967773438, 42.241294860839844, 114.77601623535156, 125.50813293457031, 62.912723541259766, 211.0394744873047, 26.575048446655273, 234.75421142578125, -117.66918182373047, 287.018798828125]
[13.402924537658691, 8.006608009338379, 54.511905670166016, -6.4547505378723145, 115.75712585449219, -42.1828727722168, 162.12835693359375, -50.18843078613281, 220.3169708251953, -14.317508697509766, 188.55996704101562, -7.152514934539795, 430.6022033691406, 80.98067474365234, 164.49411010742188, 182.4612579345703]
[11.70212459564209, 14.418319702148438, 42.05086898803711, 22.492700576782227, 83.90726470947266, 19.395490646362305, 140.30458068847656, -1.2021918296813965, 212.41529846191406, -18.704397201538086, 233.81057739257812, 28.90714454650879, 611.730224609375, -108.8529281616211, 421.6728820800781, -131.27713012695312]
[10.0, 21.492502212524414, 25.699220657348633, 47.616607666015625, 34.2248649597168, 74.73506164550781, 46.1063117980957, 123.61697387695312, 32.3167839050293, 157.64727783203125, 2.3434853553771973, 235.56935119628906, 72.6519546508789, 318.8205261230469, 71.96444702148438, 311.2870178222656]
[8.277948379516602, 27.56935691833496, 10.827469825744629, 77.09831237792969, 5.886044979095459, 139.90553283691406, 1.050961971282959, 148.19863891601562, -11.2875337600708, 179.29119873046875, -46.491783142089844, 359.7254638671875, -40.07969284057617, 247.78012084960938, -7.318853378295898, 224.45840454101562]
[6.353728771209717, 35.70638656616211, 2.550377368927002, 89.17366790771484, -10.327207565307617, 152.7478485107422, 12.660846710205078, 190.3893280029297, 23.30817222595215, 124.87358856201172, 128.24916076660156, 70.44951629638672, 204.9237518310547, -133.95645141601562, 468.4852294921875, -228.0840301513672]
[4.560999393463135, 39.744300842285156, -4.731924533843994, 99.88418579101562, -19.104511260986328, 110.53550720214844, 56.4583854675293, 59.09467315673828, 139.45382690429688, -16.498409271240234, 256.6240539550781, 8.258670806884766, 236.34629821777344, 89.57554626464844, 139.82994079589844, 289.4646911621094]
[3.460496664047241, 42.422454833984375, -15.370140075683594, 82.80081939697266, 25.660842895507812, 46.96239471435547, 119.79117584228516, 13.096158981323242, 159.65151977539062, -43.806312561035156, 154.18051147460938, 185.12265014648438, 57.251766204833984, 351.4849548339844, -44.09972381591797, 337.8229064941406]
[1.909399390220642, 48.4319953918457, -13.776697158813477, 67.42340850830078, 61.55895233154297, -9.246807098388672, 136.2440948486328, -27.491539001464844, 109.38272094726562, 169.48573303222656, -28.089824676513672, 189.44546508789062, -25.255205154418945, 135.67234802246094, 322.2122497558594, -220.37916564941406]
[0.6243066787719727, 49.443485260009766, -1.815276861190796, 38.50126647949219, 95.35021209716797, -26.562793731689453, 132.22402954101562, 91.20613098144531, -9.703980445861816, 200.05612182617188, 62.50044250488281, 105.2177734375, 331.38177490234375, -3.3856699466705322, 280.768798828125, 186.1136932373047]
[-0.7346780896186829, 45.19327163696289, 13.67121696472168, 15.213651657104492, 129.24005126953125, 2.545006036758423, 53.30638885498047, 193.40560913085938, -51.84282684326172, 133.2728271484375, 256.13262939453125, -132.82066345214844, 266.7772521972656, 421.6506652832031, 77.71021270751953, 195.017578125]
[-2.1280670166015625, 46.60723114013672, 28.856674194335938, -1.2176423072814941, 112.62340545654297, 59.88468551635742, 8.848584175109863, 141.9335479736328, 92.71012115478516, -42.072357177734375, 190.66050720214844, 131.4165802001953, -107.00958251953125, 750.3737182617188, 162.50326538085938, 40.36826705932617]
[-2.9243204593658447, 41.149681091308594, 46.34747314453125, -25.440868377685547, 85.49227905273438, 112.01500701904297, -15.48729419708252, 83.5274429321289, 245.30039978027344, 26.554861068725586, 61.33943557739258, 537.7603759765625, 15.754904747009277, -13.14167594909668, 703.077392578125, 327.51068115234375]
[-3.1386101245880127, 34.68410873413086, 61.81477737426758, -5.241061687469482, 39.06809616088867, 127.94928741455078, 44.61964416503906, -9.466914176940918, 205.93650817871094, 131.42593383789062, -44.70378494262695, 279.3865966796875, 200.64260864257812, 82.03512573242188, 4.636673927307129, 650.0844116210938]
[-3.893798589706421, 28.32373809814453, 66.41926574707031, 4.692848205566406, -2.5468945503234863, 139.70989990234375, 125.19135284423828, -12.858460426330566, 66.89875030517578, 200.63949584960938, 203.0787811279297, -91.6753921508789, 158.3934326171875, 266.4169616699219, -7.665957450866699, -156.7777099609375]
[-3.615926742553711, 22.234905242919922, 73.49526977539062, 33.200523376464844, -27.83310317993164, 69.8747329711914, 172.65452575683594, 57.00766372680664, -44.03947448730469, 114.32676696777344, 469.00244140625, 65.0335922241211, -104.40208435058594, 202.79673767089844, 208.28944396972656, 60.50876235961914]
[-3.6120474338531494, 14.596979141235352, 70.27445983886719, 63.21063232421875, -8.714886665344238, 3.2403316497802734, 146.96156311035156, 154.38543701171875, 27.514942169189453, -48.9234733581543, 353.8158874511719, 191.6786346435547, 113.13714599609375, -184.6949462890625, 139.05560302734375, 278.8919982910156]
[-3.887051820755005, 8.992554664611816, 59.061798095703125, 75.7968521118164, 24.366683959960938, -46.6745491027832, 120.50780487060547, 230.7386016845703, 334.21075439453125, 39.81367874145508, -10.872435569763184, 151.7253875732422, 246.06214904785156, 186.81875610351562, -189.03565979003906, 78.13993835449219]
[-3.4971444606781006, 3.360313892364502, 50.30710983276367, 99.83544158935547, 61.67472457885742, -27.26957893371582, -0.8086900115013123, 122.74065399169922, 232.53199768066406, 160.3921661376953, -33.78831481933594, 32.05760192871094, 135.13787841796875, 363.7103271484375, 373.69842529296875, 80.01761627197266]
[-2.665736675262451, -3.5578765869140625, 36.054744720458984, 102.31957244873047, 107.23810577392578, 40.606712341308594, -36.30311965942383, -14.328229904174805, 152.2449188232422, 301.5128479003906, 223.9840850830078, 22.76661491394043, -219.9347381591797, 44.98341369628906, 202.37144470214844, 554.2770385742188]
[-2.069279670715332, -5.560336589813232, 20.953371047973633, 78.24530792236328, 126.725830078125, 99.02088165283203, 26.419761657714844, -15.650012016296387, 24.02967071533203, 112.56478118896484, 310.64892578125, 199.19525146484375, 309.78204345703125, -28.474313735961914, 67.25032043457031, 60.195587158203125]
[-0.967656672000885, -6.433548927307129, 8.819038391113281, 55.160125732421875, 116.15425109863281, 148.33860778808594, 120.69535827636719, 72.10476684570312, -82.95130157470703, -74.71575927734375, 57.277740478515625, 163.3761444091797, 628.6361694335938, 348.36639404296875, 158.46595764160156, 61.58722686767578]
[-0.06630834192037582, -8.356412887573242, -4.714653015136719, 25.47576904296875, 84.11238861083984, 142.21334838867188, 196.56597900390625, 263.5295104980469, 73.76212310791016, -17.56226348876953, -101.45465087890625, 1.376609206199646, 98.95945739746094, 255.2667236328125, 224.43115234375, 393.9764709472656]
[1.6624068021774292, -7.760438919067383, -11.82861042022705, -0.8296301960945129, 32.9449348449707, 97.7835464477539, 148.74737548828125, 203.849853515625, 216.640625, 354.0689697265625, 90.27498626708984, -46.81410598754883, 14.2845458984375, -51.02168273925781, 8.755126953125, 153.60389709472656]
[3.505370616912842, -3.318904161453247, -14.074980735778809, -4.584812641143799, -11.205039978027344, 27.14009666442871, 78.33985900878906, 148.37435913085938, 208.3257293701172, 406.3046875, 211.0416259765625, 172.87283325195312, 230.50929260253906, 125.92000579833984, 81.7550277709961, 90.16568756103516]
[4.623594760894775, 0.5595402717590332, -10.541727066040039, -12.97708511352539, -27.979177474975586, -36.48772430419922, -24.052385330200195, 26.846399307250977, 75.18645477294922, 126.8220443725586, 221.79483032226562, 258.6259460449219, 396.04669189453125, 299.64678955078125, 336.08294677734375, 291.0841064453125]
[6.606025218963623, 7.370169162750244, 6.6083855628967285, -7.108971118927002, -20.218852996826172, -1.8346951007843018, -61.470237731933594, 6.910378456115723, -52.615604400634766, 2.0530593395233154, -55.61790466308594, -10.192001342773438, 4.380859851837158, 104.39588165283203, 137.82455444335938, 190.08135986328125]
[8.14391803741455, 14.085153579711914, 18.026132583618164, 22.977819442749023, 17.578014373779297, 19.10226058959961, -2.528049945831299, 14.833932876586914, 27.325180053710938, 39.37746810913086, 17.512815475463867, -32.428001403808594, 14.14307975769043, -151.2931365966797, 14.44175910949707, -229.56849670410156]
[10.0, 21.513526916503906, 34.20820236206055, 49.19810104370117, 65.72852325439453, 81.61711120605469, 107.44034576416016, 133.9287872314453, 134.19541931152344, 176.978271484375, 148.87158203125, 247.5281524658203, 194.3704833984375, 540.5008544921875, 440.70465087890625, 689.590087890625]
[11.775650024414062, 28.533903121948242, 52.036041259765625, 77.94046020507812, 98.3609848022461, 121.38321685791016, 303.0692138671875, 413.2433166503906, 457.4925842285156, 544.3809204101562, 481.67254638671875, 486.71588134765625, 524.702392578125, 449.6941833496094, 459.8504943847656, 520.8880615234375]
[13.344344139099121, 35.246341705322266, 57.73280334472656, 93.47997283935547, 119.20466613769531, 151.9365997314453, 346.0162353515625, 308.8249206542969, 308.4702453613281, 242.921875, 161.3911590576172, 106.4025650024414, 59.66475296020508, -35.70387649536133, -163.12110900878906, -194.59750366210938]
[15.452105522155762, 41.53185272216797, 66.64693450927734, 102.88742065429688, 102.3714370727539, 112.04988861083984, 85.25540161132812, 59.58740997314453, 38.578697204589844, 1.3767781257629395, -100.17888641357422, -26.45192527770996, -17.070571899414062, 90.96019744873047, 163.12632751464844, 203.0853729248047]
[17.083555221557617, 45.67228698730469, 70.77131652832031, 96.01805114746094, 75.2475814819336, 49.09267044067383, 9.171770095825195, 10.394881248474121, -52.57570266723633, -24.22817611694336, 67.36009216308594, 169.9862060546875, 295.6141357421875, 282.8790588378906, 460.87030029296875, 204.29476928710938]
[18.702468872070312, 45.16767883300781, 74.2524185180664, 61.32292938232422, 36.29126739501953, -14.092588424682617, -14.46802806854248, -5.176651477813721, 49.62546157836914, 172.80198669433594, 269.72900390625, 276.6756896972656, 224.98326110839844, 135.49168395996094, 52.032039642333984, -131.60256958007812]
[19.9282283782959, 48.645904541015625, 56.988792419433594, 38.88258743286133, 6.146538734436035, -35.281097412109375, 27.896827697753906, 95.5803451538086, 186.74343872070312, 223.12765502929688, 184.97531127929688, 90.82070922851562, 22.085857391357422, -149.66531372070312, 26.562183380126953, 193.51239013671875]
[20.852773666381836, 47.087398529052734, 45.274044036865234, 17.09404945373535, -7.80544376373291, -5.558475971221924, 92.48429870605469, 158.4147491455078, 185.3771514892578, 124.61521911621094, -24.538164138793945, -103.9279556274414, 88.0195083618164, 223.91758728027344, 239.1856231689453, 237.30130004882812]
[22.010255813598633, 42.845279693603516, 30.973154067993164, -8.317092895507812, -10.561708450317383, 59.85496139526367, 177.94984436035156, 167.80543518066406, 87.68630981445312, -31.798973083496094, -61.43526077270508, 128.39889526367188, 369.2060241699219, 406.74456787109375, 133.75131225585938, -195.5643310546875]
[23.140701293945312, 41.694122314453125, 16.881717681884766, -15.907651901245117, 26.372907638549805, 123.59962463378906, 136.7384033203125, 81.91152954101562, -41.523887634277344, -49.519287109375, 157.38430786132812, 239.0095977783203, 232.92141723632812, -11.688056945800781, -149.89869689941406, 159.78500366210938]
[23.16179847717285, 36.03717803955078, 2.6203343868255615, -3.4909250736236572, 63.87712860107422, 130.6763916015625, 109.7499771118164, -22.51013946533203, -48.11552047729492, 160.85009765625, 268.86395263671875, 137.6040496826172, 50.67213821411133, 38.8036994934082, 268.1944274902344, 253.7163848876953]
[23.352331161499023, 29.47161102294922, -7.014535903930664, 2.585285186767578, 102.8599853515625, 130.0885772705078, 21.74724578857422, 16.095670700073242, 138.17225646972656, 217.4268798828125, 110.47657012939453, -138.29856872558594, 47.742515563964844, 424.04376220703125, 188.34512329101562, -107.17970275878906]
[24.273651123046875, 22.172523498535156, -15.536096572875977, 33.94998550415039, 133.10916137695312, 72.42273712158203, -7.205764293670654, 61.93259811401367, 167.4008026123047, 118.64518737792969, 7.264520168304443, 87.92830657958984, 309.1259460449219, 188.02212524414062, 15.951942443847656, 146.6393280029297]
[24.032949447631836, 14.701471328735352, -6.195476055145264, 58.72044372558594, 124.7445297241211, 24.980579376220703, -10.671716690063477, 178.90162658691406, 188.37615966796875, -73.65372467041016, 24.375194549560547, 324.76666259765625, 171.41867065429688, 58.84805679321289, 154.69097900390625, 253.46670532226562]
[23.203857421875, 7.31441068649292, 1.192176103591919, 88.09934997558594, 80.83784484863281, -3.290231704711914, 74.06776428222656, 217.07266235351562, 37.82497787475586, 26.055908203125, 280.4834899902344, 143.747314453125, 29.544626235961914, 156.78106689453125, 493.0975341796875, -28.48225975036621]
[23.12238883972168, 3.9483602046966553, 9.4146089553833, 86.71479797363281, 33.382049560546875, -3.5089480876922607, 150.355224609375, 103.74149322509766, -36.50151443481445, 148.99398803710938, 201.71482849121094, -90.76775360107422, 125.22140502929688, 306.07720947265625, -48.51075744628906, 73.2135238647461]
[22.18963050842285, -1.8828905820846558, 23.888748168945312, 96.54498291015625, -13.605926513671875, 34.905391693115234, 136.18634033203125, 22.056358337402344, 63.33104705810547, 210.04083251953125, -10.279780387878418, 42.39891052246094, 227.71365356445312, 45.630279541015625, 23.15465545654297, 928.6246337890625]
[22.132169723510742, -6.243403911590576, 38.426605224609375, 71.29015350341797, -17.963937759399414, 92.70694732666016, 105.6418228149414, -68.38480377197266, 170.50479125976562, 123.29046630859375, -13.161733627319336, 262.4520568847656, 103.97711944580078, -57.46394729614258, 804.194580078125, 132.4454803466797]
[20.4146728515625, -8.35060977935791, 56.14424514770508, 52.911094665527344, 0.12892501056194305, 119.58497619628906, 31.009971618652344, 46.001060485839844, 196.33779907226562, -6.0798234939575195, 146.62152099609375, 158.88038635253906, -70.4169692993164, 708.9810180664062, 268.15631103515625, 98.91783142089844]
[19.242931365966797, -6.414184093475342, 69.73725891113281, 22.518545150756836, 19.240917205810547, 121.22554016113281, -43.5643196105957, 134.38661193847656, 102.2853775024414, -50.69922637939453, 196.3996124267578, -51.206207275390625, 371.4169616699219, 385.685546875, -82.87826538085938, 472.7213134765625]
[18.550559997558594, -5.602692604064941, 66.77459716796875, 1.2218308448791504, 64.51595306396484, 84.33281707763672, -37.70051193237305, 188.52830505371094, 24.291296005249023, 185.84730529785156, 138.46066284179688, 40.35389709472656, 577.2080078125, -60.71885681152344, 199.98121643066406, 129.6855010986328]
[16.808589935302734, -4.803256034851074, 67.17867279052734, -14.162803649902344, 94.22806549072266, 19.9304141998291, 59.92859649658203, 146.7065887451172, 19.100557327270508, 272.0122985839844, -34.547332763671875, 466.3835754394531, 147.51312255859375, 110.60054016113281, 242.44203186035156, -66.85897827148438]
[15.364709854125977, 0.30450430512428284, 61.38019561767578, -24.82013702392578, 112.0400161743164, -8.066370010375977, 160.76573181152344, 47.7391242980957, 115.15034484863281, 113.049072265625, 55.9329719543457, 384.7405090332031, -130.688720703125, 255.27407836914062, -178.97311401367188, 503.01275634765625]
[13.586235046386719, 6.763487815856934, 54.26262664794922, -9.174429893493652, 96.5846939086914, -18.878393173217773, 138.7833251953125, -25.055795669555664, 203.35995483398438, 11.157427787780762, 531.4133911132812, -12.075067520141602, 191.94456481933594, 72.39959716796875, 169.06097412109375, 192.36801147460938]
[11.772897720336914, 14.427190780639648, 40.47483825683594, 24.134939193725586, 84.19319915771484, 23.668270111083984, 117.72335815429688, 6.601735591888428, 164.18072509765625, -38.78729248046875, 497.7901611328125, 59.93431854248047, 380.12811279296875, 29.2586727142334, 355.9175109863281, -46.222347259521484]
[10.0, 21.52384376525879, 26.346904754638672, 49.383506774902344, 33.084510803222656, 81.56013488769531, 37.12496566772461, 128.87271118164062, 25.17986297607422, 327.37451171875, 71.91222381591797, 181.07582092285156, -38.821109771728516, 264.8733215332031, 3.823329448699951, 398.4704284667969]
[8.153291702270508, 28.232324600219727, 11.454054832458496, 72.71189880371094, 3.3895816802978516, 146.38999938964844, -2.8516440391540527, 151.9816131591797, -89.8915023803711, 383.34564208984375, -41.93550109863281, 276.0741271972656, -49.276607513427734, 225.06463623046875, 95.69584655761719, 240.9625244140625]
[6.548183917999268, 36.140403747558594, -1.6629081964492798, 94.0870361328125, -35.277801513671875, 126.3469467163086, -44.8662109375, 144.37203979492188, 44.736228942871094, 281.29052734375, 124.7330093383789, 24.182584762573242, 256.0661926269531, 80.12271881103516, 334.3482971191406, -38.927452087402344]
[4.852478504180908, 40.20146560668945, -11.121866226196289, 98.74608612060547, -13.853353500366211, 112.9778060913086, 43.610321044921875, 60.51163864135742, 326.2453308105469, -55.03341293334961, 224.1206817626953, -99.175537109375, 239.46585083007812, 66.60857391357422, 128.12240600585938, 278.43353271484375]
[3.1483213901519775, 46.37530517578125, -16.104034423828125, 88.80308532714844, 26.068471908569336, 48.726749420166016, 130.3903350830078, 12.857266426086426, 440.2632751464844, -13.277582168579102, 134.14590454101562, 169.06190490722656, 55.69588851928711, 348.4976501464844, 54.03807067871094, 349.6814270019531]
[1.9402838945388794, 45.30154800415039, -3.7197394371032715, 66.46016693115234, 63.22894287109375, -20.888425827026367, 176.12103271484375, -3.6806182861328125, 115.271240234375, 186.13095092773438, -66.285400390625, 372.8892822265625, 13.6026611328125, 134.15013122558594, 226.2349853515625, -144.10220336914062]
[0.2494056671857834, 48.57370376586914, 0.8708566427230835, 38.644287109375, 98.18502044677734, -16.60857582092285, 121.87252044677734, 199.05235290527344, 33.40825653076172, 232.5657958984375, -14.423929214477539, 94.6557388305664, 201.0149688720703, -30.700754165649414, 247.67774963378906, 438.4479675292969]
[-1.0949925184249878, 48.82590103149414, 14.881819725036621, 16.678009033203125, 134.25247192382812, -15.505046844482422, 54.60698699951172, 356.3907775878906, -64.23036193847656, 118.08648681640625, 258.5636291503906, -108.2835922241211, 193.36489868164062, 181.8167724609375, -185.80062866210938, 706.8402709960938]
[-2.1002731323242188, 46.27866744995117, 28.774938583374023, -10.000199317932129, 112.94440460205078, 59.87527847290039, -20.529516220092773, 356.72509765625, 94.20783233642578, -53.643226623535156, 275.0416259765625, 125.521728515625, -9.932963371276855, 194.49676513671875, 349.13726806640625, 5.388287544250488]
[-2.515909194946289, 39.620304107666016, 44.190670013427734, -19.8812313079834, 79.95296478271484, 131.41311645507812, -13.633407592773438, 84.27020263671875, 156.66482543945312, 20.400108337402344, 22.032804489135742, 215.12396240234375, 60.26763153076172, -69.83621215820312, 770.6590576171875, 159.01629638671875]
[-3.265316963195801, 36.41759490966797, 60.961666107177734, -4.007480144500732, 33.35346984863281, 126.95067596435547, 81.72480010986328, 17.67044448852539, 162.96749877929688, 187.6875762939453, -17.149606704711914, 133.95387268066406, 192.54324340820312, 98.06719207763672, -70.61257934570312, 347.5926818847656]
[-3.637303113937378, 28.830774307250977, 68.9383773803711, 10.376248359680176, -5.788374423980713, 118.08457946777344, 249.89080810546875, -24.157785415649414, 57.357662200927734, 249.70730590820312, 109.4380874633789, -99.93516540527344, 186.06219482421875, 667.1431884765625, 69.8040542602539, -20.985116958618164]
[-3.7105796337127686, 22.15699577331543, 67.08087921142578, 34.96050262451172, -11.552081108093262, 69.37846374511719, 336.38311767578125, 62.347930908203125, 15.380295753479004, 128.06419372558594, 193.20010375976562, 77.33810424804688, -75.55789947509766, 179.42935180664062, 324.4350891113281, 130.09512329101562]
[-4.588768005371094, 14.932238578796387, 67.1668701171875, 63.590187072753906, -22.091426849365234, -4.710792541503906, 145.55247497558594, 154.36183166503906, -1.036496877670288, -56.54612350463867, 176.1995391845703, 381.25384521484375, 195.12779235839844, -178.70033264160156, 130.89076232910156, 217.07522583007812]
[-4.010715961456299, 7.554443359375, 60.25108337402344, 90.35293579101562, 16.215679168701172, -41.74430847167969, 64.03915405273438, 190.62319946289062, 157.92770385742188, -44.6530647277832, 47.94318771362305, 199.29930114746094, 620.7924194335938, 184.62232971191406, -87.12494659423828, -69.27552032470703]
[-3.148313522338867, 1.3797849416732788, 51.86940002441406, 100.4676513671875, 60.77330017089844, -15.910743713378906, 4.159355640411377, 114.6540756225586, 240.16079711914062, 161.657958984375, -45.72997283935547, -92.86931610107422, 261.6376037597656, 332.576416015625, 346.75518798828125, 112.61249542236328]
[-3.2050557136535645, -2.0953359603881836, 36.17109298706055, 101.15962982177734, 113.39066314697266, 36.9240608215332, -57.69230270385742, 18.52395248413086, 144.20460510253906, 281.0523376464844, 172.55857849121094, 102.63209533691406, -103.08673095703125, -4.559527397155762, 292.91693115234375, 405.982666015625]
[-1.3741704225540161, -4.5925798416137695, 20.67448616027832, 82.09912109375, 116.78276824951172, 90.73889923095703, 32.907470703125, 2.417576313018799, 9.612136840820312, 116.0289306640625, 176.16456604003906, 654.81298828125, 148.3418426513672, -84.85846710205078, -198.53878784179688, 111.9401626586914]
[-0.6514053344726562, -10.046111106872559, 7.10796594619751, 53.59843063354492, 104.16790771484375, 125.12206268310547, 115.1206283569336, 40.80539321899414, -69.81262969970703, -4.772030353546143, 83.21337890625, 188.08241271972656, 405.02850341796875, 236.08596801757812, 162.72280883789062, 88.94976043701172]
[0.05835016444325447, -9.934115409851074, -9.916015625, 27.620790481567383, 74.41268920898438, 116.00782775878906, 185.33250427246094, 145.1710968017578, 78.58069610595703, 10.193014144897461, -64.7459945678711, 46.91691589355469, 95.21240997314453, 169.0395050048828, 354.4757995605469, 261.5038146972656]
[1.4462475776672363, -8.295761108398438, -16.430089950561523, 2.4270384311676025, 33.13350296020508, 88.05039978027344, 164.22174072265625, 227.7462615966797, 150.69383239746094, 164.4496307373047, 176.30059814453125, 29.390151977539062, 1.105581521987915, -26.895132064819336, -21.85909652709961, 286.12615966796875]
[3.1821553707122803, -1.2918392419815063, -7.291090488433838, -11.055871963500977, -12.032718658447266, 36.913387298583984, 77.18782043457031, 123.82752227783203, 157.63973999023438, 303.8602600097656, 578.940185546875, 265.4755554199219, 213.2283935546875, 118.4037094116211, 87.26725006103516, 23.407337188720703]
[4.717453956604004, 0.001956135733053088, -10.03458023071289, -14.270610809326172, -31.889781951904297, -10.13158893585205, 10.838879585266113, 16.827611923217773, 66.04470825195312, 116.79012298583984, 222.3477783203125, 221.90472412109375, 398.811279296875, 240.68585205078125, 478.487548828125, 648.8873291015625]
[6.341455936431885, 7.328152179718018, 7.7891716957092285, -0.007102515082806349, 1.7265918254852295, -27.633651733398438, -60.681148529052734, -51.79001998901367, -58.630409240722656, 18.64731216430664, -4.338741302490234, 63.68336486816406, 8.244994163513184, 105.87174987792969, 268.7911376953125, 177.56959533691406]
[8.219358444213867, 14.566611289978027, 18.604318618774414, 18.46346664428711, 17.036304473876953, 21.63155174255371, 29.99544906616211, 19.310794830322266, 29.73052406311035, 38.040977478027344, 45.744834899902344, 14.67597484588623, 67.13858032226562, -52.10844421386719, -183.06919860839844, -147.1835174560547]
[10.0, 21.342388153076172, 34.4036979675293, 48.156639099121094, 60.607452392578125, 74.96761322021484, 102.82337188720703, 114.59123229980469, 160.1210174560547, 333.4004821777344, 218.34376525878906, 184.41343688964844, 281.52337646484375, 184.11558532714844, 504.6663818359375, 418.3643798828125]
[11.696725845336914, 28.358121871948242, 46.6473274230957, 79.64503479003906, 94.6911392211914, 120.56529235839844, 138.1766815185547, 162.49122619628906, 205.9453125, 493.9559020996094, 330.37188720703125, 209.1512451171875, 201.42465209960938, 593.5753784179688, 213.67161560058594, 259.0342712402344]
[13.616971969604492, 33.825584411621094, 63.304744720458984, 95.29034423828125, 127.55802154541016, 164.89308166503906, 152.3572235107422, 189.45684814453125, 130.35142517089844, 244.28001403808594, 100.66863250732422, 73.99349975585938, -28.440656661987305, -50.07874298095703, -81.39026641845703, -207.336669921875]
[15.456387519836426, 38.35426330566406, 75.16921997070312, 93.3814926147461, 98.66090393066406, 115.33303833007812, 83.50914764404297, 54.57010269165039, 3.435175657272339, -6.893542289733887, -89.05611419677734, -100.9054183959961, -9.756158828735352, 191.3433837890625, 154.7686309814453, 246.4480743408203]
[16.500720977783203, 44.88981628417969, 73.87925720214844, 84.14476776123047, 86.55850982666016, 50.89364242553711, 25.76568603515625, 5.612322807312012, -58.632904052734375, 26.270801544189453, 52.660736083984375, 176.6129150390625, 182.29559326171875, 218.6639404296875, 341.1535949707031, 271.04534912109375]
[18.563278198242188, 45.48573684692383, 63.73415756225586, 70.25634002685547, 36.249698638916016, -1.2884807586669922, -24.39103126525879, -34.55056381225586, 140.43714904785156, 148.07229614257812, 244.8597869873047, 200.4839630126953, 284.3011169433594, 134.40875244140625, 58.257869720458984, -89.2143783569336]
[19.478639602661133, 46.19550323486328, 64.22006225585938, 38.369197845458984, 2.9805610179901123, -17.77994155883789, -5.1108927726745605, 93.12962341308594, 402.95697021484375, 223.0312042236328, 212.17185974121094, 93.94279479980469, 25.08734893798828, -146.59686279296875, 103.9540023803711, 186.96287536621094]
[20.37112045288086, 44.87030029296875, 45.163848876953125, 7.665177822113037, -33.00754165649414, 3.663754940032959, 81.28363037109375, 211.56759643554688, 173.28614807128906, 124.48542785644531, -30.729923248291016, 28.408912658691406, 58.790382385253906, 261.7818908691406, 445.2601013183594, 313.56915283203125]
[21.502784729003906, 46.94478988647461, 30.952205657958984, -10.57617473602295, -23.858976364135742, 59.907737731933594, 167.49525451660156, 185.72935485839844, 87.3445053100586, -72.93665313720703, 29.981903076171875, 125.09547424316406, 663.3400268554688, 313.84747314453125, 143.5751953125, -57.548065185546875]
[23.081159591674805, 38.77888107299805, 16.539499282836914, -27.425016403198242, 13.977999687194824, 131.04998779296875, 172.8966522216797, 83.05408477783203, 2.7347347736358643, -47.90372085571289, 183.64205932617188, 246.99449157714844, 414.9490661621094, 56.15937423706055, -128.03163146972656, 158.891845703125]
[24.012784957885742, 35.65034103393555, 1.481074333190918, -12.517731666564941, 63.859161376953125, 124.46622467041016, 108.94286346435547, -27.320011138916016, -14.225419998168945, 154.7056884765625, 345.5899963378906, 261.59747314453125, -117.63648986816406, 70.41188049316406, 204.48680114746094, 821.2676391601562]
[23.985977172851562, 28.523412704467773, -5.1472296714782715, 13.203292846679688, 100.18413543701172, 132.2921600341797, 24.477069854736328, -27.638010025024414, 119.19499206542969, 180.43528747558594, 110.2931900024414, -14.06960678100586, 55.24800491333008, 285.0921630859375, 276.9891662597656, 41.939022064208984]
[24.04931640625, 22.024864196777344, -17.701915740966797, 33.45008850097656, 117.77526092529297, 71.52183532714844, -46.72755813598633, 124.75240325927734, 244.55686950683594, 136.89089965820312, -75.6650619506836, 165.13568115234375, 269.89288330078125, 168.31175231933594, 72.1102294921875, 192.1674346923828]
[24.0089168548584, 14.730062484741211, -16.161640167236328, 63.58008575439453, 101.68697357177734, 14.694148063659668, -22.95632553100586, 314.0183410644531, 180.7823944091797, 34.38597106933594, 32.331634521484375, 289.0762023925781, 167.61807250976562, -172.654541015625, 165.01239013671875, 560.270263671875]
[24.068790435791016, 7.623061180114746, -6.872588634490967, 92.44583892822266, 78.8529052734375, -29.684919357299805, 76.14954376220703, 413.1097717285156, 2.9360191822052, 11.278946876525879, 189.119140625, 180.92721557617188, 61.52180862426758, 184.38539123535156, 651.1964721679688, -52.999046325683594]
[23.720605850219727, 3.0182881355285645, 8.884443283081055, 100.80026245117188, 38.317718505859375, 3.4365222454071045, 154.3184814453125, 112.34217071533203, -46.49202346801758, 140.60411071777344, 249.85812377929688, 22.592145919799805, 127.92788696289062, 248.24737548828125, -37.78863525390625, 4.825611591339111]
[22.844974517822266, -4.412123680114746, 23.25693130493164, 94.1074447631836, 5.864180088043213, 38.217105865478516, 162.43711853027344, -12.557477951049805, 39.07880783081055, 200.5383758544922, 22.85261344909668, 78.86616516113281, 215.79067993164062, 25.054468154907227, 19.754451751708984, 356.0498046875]
[21.66747283935547, -7.7554402351379395, 38.7212028503418, 75.91358184814453, -19.139545440673828, 101.4151611328125, 104.10111236572266, -41.585147857666016, 187.25607299804688, 135.36936950683594, -113.692138671875, 293.7416076660156, 107.79710388183594, -61.12965393066406, 392.3957214355469, 63.29471206665039]
[20.957775115966797, -5.651855945587158, 52.00890350341797, 53.38312530517578, -9.009729385375977, 131.6139373779297, 41.414974212646484, 22.76279640197754, 263.6956481933594, 16.561458587646484, 278.6241455078125, 193.3971710205078, -43.2178840637207, 563.8961181640625, 124.5932846069336, 10.22757339477539]
[19.75422477722168, -10.379780769348145, 68.09410095214844, 22.392532348632812, 14.847142219543457, 118.21194458007812, -4.990930080413818, 126.84078979492188, 105.07172393798828, 44.863609313964844, 186.98052978515625, -64.82493591308594, 188.0540771484375, 444.4678039550781, -184.8014678955078, 329.5250549316406]
[18.11672592163086, -5.096888542175293, 76.8609848022461, -3.5087883472442627, 62.93224334716797, 93.83665466308594, -37.221107482910156, 183.54541015625, 13.706472396850586, 178.57156372070312, 138.61734008789062, -35.01633071899414, 263.7261047363281, -46.656185150146484, 255.51219177246094, 152.46087646484375]
[16.519559860229492, -4.281937122344971, 77.77484893798828, -17.16276741027832, 109.60102844238281, 36.00894546508789, 109.94090270996094, 121.36494445800781, 0.8834197521209717, 234.82249450683594, 41.862632751464844, 258.60894775390625, 99.10932159423828, 122.72692108154297, 200.21060180664062, -65.64788818359375]
[15.224940299987793, 2.4623055458068848, 65.04966735839844, -9.385622024536133, 124.66248321533203, 5.926445960998535, 321.60009765625, 7.631356239318848, 102.91870880126953, 126.95388793945312, 66.19058990478516, 305.49114990234375, -66.30705261230469, 262.3210754394531, -65.84278106689453, 296.54425048828125]
[13.688827514648438, 8.610878944396973, 58.35707473754883, 0.609322726726532, 96.81571197509766, -15.987236976623535, 195.2692413330078, -39.872337341308594, 212.54934692382812, -5.9369072914123535, 198.25242614746094, 57.26968765258789, 203.85447692871094, 70.37994384765625, 170.7549591064453, 201.013671875]
[11.802562713623047, 14.034246444702148, 42.83622741699219, 20.093385696411133, 73.1914291381836, 26.06657600402832, 115.55863952636719, 28.75582504272461, 210.2176055908203, -39.2047233581543, 256.2906494140625, -16.065486907958984, 261.3133239746094, -53.16480255126953, 343.64794921875, 25.253437042236328]
[10.0, 21.37258529663086, 26.165117263793945, 50.107242584228516, 39.34244918823242, 75.97909545898438, 49.8790397644043, 132.03915405273438, 60.67555618286133, 330.87615966796875, 25.703493118286133, 256.1318054199219, 38.40729904174805, 337.9458312988281, -63.364749908447266, 576.3458862304688]
[8.227490425109863, 28.79003143310547, 8.323981285095215, 71.9012451171875, -9.494112014770508, 121.06861877441406, -32.58421325683594, 228.18800354003906, -86.13079071044922, 507.253662109375, -32.82317352294922, 186.00344848632812, -80.42236328125, 292.25775146484375, -26.20139503479004, 542.4301147460938]
[6.627537727355957, 34.801841735839844, 0.11358979344367981, 84.6266098022461, -6.6166558265686035, 123.48596954345703, -4.840090274810791, 179.68844604492188, 17.58974838256836, 239.44374084472656, 135.2323455810547, 61.224063873291016, 442.66424560546875, -59.86326599121094, 482.9958801269531, -54.73770523071289]
[4.721047401428223, 41.526668548583984, -11.200165748596191, 86.45568084716797, -12.826632499694824, 95.00597381591797, 51.57194900512695, 47.62092590332031, 148.74395751953125, -58.95635986328125, 240.16172790527344, -16.803834915161133, 496.75390625, 39.50306701660156, 128.5004119873047, 334.7112731933594]
[3.459378719329834, 44.98695755004883, -14.226652145385742, 89.9977035522461, 14.43004322052002, 47.00639724731445, 115.21864318847656, -56.47091293334961, 254.43649291992188, 20.083538055419922, 135.6226043701172, 197.9221954345703, -59.988197326660156, 403.0260925292969, -119.58914184570312, 277.8830261230469]
[1.8404103517532349, 48.01582717895508, -4.89787483215332, 66.4427490234375, 63.61994171142578, -1.8520103693008423, 137.32241821289062, -31.734357833862305, 117.47021484375, 178.04989624023438, -36.152565002441406, 553.6155395507812, -12.040021896362305, 133.8482208251953, 686.5618896484375, -168.54547119140625]
[0.5848706364631653, 48.092735290527344, 4.188963413238525, 38.85160446166992, 113.2951889038086, -2.3560118675231934, 152.88893127441406, 93.57479858398438, 19.213340759277344, 220.29994201660156, -19.473833084106445, 154.01107788085938, 337.39276123046875, -5.708906173706055, 445.40069580078125, 213.84869384765625]
[-1.240978479385376, 46.27842330932617, 14.356226921081543, 15.649238586425781, 117.09469604492188, -8.962525367736816, 52.182865142822266, 175.47732543945312, -63.29487609863281, 117.03975677490234, 241.64035034179688, -193.01133728027344, 165.00379943847656, 186.45925903320312, -128.7722930908203, 345.5628967285156]
[-2.193561553955078, 46.05447769165039, 28.996408462524414, -10.11912727355957, 109.93205261230469, 59.853763580322266, 4.53292989730835, 194.30935668945312, 195.8016815185547, -82.97684478759766, 210.23170471191406, 127.50724029541016, -50.43994140625, 269.0526123046875, 157.4755401611328, -154.06346130371094]
[-3.0719716548919678, 41.64306640625, 42.790771484375, -22.127660751342773, 80.95466613769531, 120.45072174072266, -3.7124440670013428, 81.91573333740234, 178.87841796875, 1.305668830871582, 49.49091720581055, 371.6254577636719, 49.0395393371582, 60.268184661865234, 395.0734558105469, 158.9736328125]
[-3.0536556243896484, 35.94441223144531, 57.793766021728516, -14.049118041992188, 39.2183952331543, 165.9569854736328, 28.171348571777344, -40.03841781616211, 203.61288452148438, 163.7222137451172, -42.49664306640625, 125.50028991699219, 310.7528381347656, 60.23370361328125, -70.06718444824219, 422.9263916015625]
[-3.4722161293029785, 29.062990188598633, 68.45603942871094, 8.21893310546875, -5.809905052185059, 129.1865234375, 137.7293243408203, -3.491273880004883, 45.55106735229492, 238.97653198242188, 109.50679016113281, -115.32284545898438, 168.0062713623047, 686.5729370117188, 112.10137176513672, 100.6732406616211]
[-3.697150230407715, 22.249618530273438, 65.98572540283203, 33.872108459472656, -3.9191017150878906, 72.33081817626953, 171.01820373535156, 57.658451080322266, 0.7718921899795532, 135.8154754638672, 311.774658203125, 86.29351806640625, -116.98263549804688, 356.2854919433594, 228.50668334960938, 76.86278533935547]
[-4.1265950202941895, 14.797863006591797, 72.85765838623047, 58.617393493652344, -0.6156172156333923, 3.112346887588501, 125.69953918457031, 190.33921813964844, 32.241729736328125, 6.368138313293457, 313.6047058105469, 310.4516906738281, 91.5335922241211, -138.7390899658203, 142.8113250732422, 464.8988342285156]
[-3.607187509536743, 8.243616104125977, 58.83220291137695, 84.35692596435547, 17.651945114135742, -35.51506805419922, 65.62623596191406, 197.88766479492188, 150.95750427246094, 9.72690486907959, -52.99482345581055, 178.53317260742188, 234.95867919921875, 150.1308135986328, 88.52734375, -13.855939865112305]
[-3.7832682132720947, 2.7881882190704346, 53.1491584777832, 106.55851745605469, 64.67732238769531, -27.267488479614258, -22.425052642822266, 114.11019897460938, 273.6347961425781, 150.7334747314453, 52.77802658081055, 56.37092971801758, 132.99307250976562, 200.68434143066406, 311.2035827636719, 81.90058898925781]
[-2.6903817653656006, -2.6861989498138428, 36.00661849975586, 93.1944808959961, 99.73453521728516, 36.38475036621094, -55.47438049316406, -11.481873512268066, 125.45210266113281, 245.67552185058594, 219.54440307617188, 2.258267402648926, -35.925716400146484, 103.47357177734375, 182.02430725097656, 807.0433349609375]
[-1.7645463943481445, -6.654600143432617, 21.37212562561035, 75.56996154785156, 132.43299865722656, 91.1561508178711, 30.84572982788086, -71.066162109375, 12.054211616516113, 116.06615447998047, 318.1062316894531, 215.2691650390625, 156.11448669433594, 70.80812072753906, -71.86125183105469, 186.9888153076172]
[-1.3933141231536865, -9.452652931213379, 6.872706413269043, 50.785057067871094, 121.44747924804688, 120.68594360351562, 121.92034912109375, 67.03787231445312, -21.99968719482422, -39.839630126953125, 82.7942123413086, 181.44732666015625, 278.47735595703125, 276.6007385253906, 170.4647674560547, 123.01548767089844]
[0.4517829716205597, -5.971750736236572, -6.571463584899902, 26.65111541748047, 81.72615051269531, 137.74241638183594, 186.24937438964844, 250.90721130371094, 81.61448669433594, 37.72941970825195, -45.7271614074707, 11.910218238830566, 98.68836212158203, 171.1732940673828, 214.6597137451172, 304.4468078613281]
[1.3536376953125, -7.3725457191467285, -17.350914001464844, -3.2528910636901855, 36.458839416503906, 88.86119079589844, 163.85594177246094, 331.0260314941406, 192.8719482421875, 146.0775604248047, 98.9045639038086, 72.87224578857422, -168.44483947753906, -158.00457763671875, 46.625362396240234, 117.7418441772461]
[3.0592310428619385, -4.493849277496338, -7.37604284286499, -9.724526405334473, 3.514652729034424, 22.08775520324707, 78.47940063476562, 153.13392639160156, 167.1950225830078, 269.29290771484375, 224.7722930908203, 173.87318420410156, 435.6804504394531, 130.5869598388672, 57.585693359375, -128.1605987548828]
[5.004827976226807, 1.4943878650665283, -3.56596040725708, -25.125385284423828, -19.606365203857422, -6.97668981552124, 12.904036521911621, 41.77835464477539, 76.93733978271484, 114.77864837646484, 218.6907196044922, 305.5023498535156, 551.5390014648438, 467.25787353515625, 534.1566162109375, 470.9209289550781]
[6.500092029571533, 8.679058074951172, 4.4251813888549805, -6.366693019866943, -11.085657119750977, -38.05575180053711, -57.448795318603516, -64.86456298828125, -85.49612426757812, -75.89349365234375, 32.89020919799805, 10.090888977050781, 76.78033447265625, 94.46627807617188, 234.25619506835938, 201.9005584716797]
[8.203498840332031, 14.066434860229492, 19.733720779418945, 23.805007934570312, 23.019201278686523, 19.281639099121094, 29.52553367614746, -14.162683486938477, 23.337120056152344, -6.9952521324157715, -32.45465087890625, -4.305227756500244, -50.01156234741211, -10.550039291381836, 30.19404411315918, -210.79983520507812]
[10.0, 21.546913146972656, 34.61348342895508, 48.892574310302734, 60.62671661376953, 81.41120147705078, 98.25601196289062, 121.10966491699219, 155.71949768066406, 329.7360534667969, 180.97894287109375, 375.78192138671875, 287.4219055175781, 247.34780883789062, 307.70556640625, 257.6006164550781]
[11.68619441986084, 27.838438034057617, 51.13982009887695, 76.52074432373047, 113.72809600830078, 136.14842224121094, 159.53578186035156, 148.8782196044922, 174.3231964111328, 401.54364013671875, 222.5111846923828, 513.2490234375, 210.9142608642578, 249.95462036132812, 344.973388671875, 237.45101928710938]
[13.606715202331543, 36.274044036865234, 64.22013854980469, 91.3473129272461, 113.08889770507812, 135.6044921875, 152.59121704101562, 185.96585083007812, 171.0496063232422, 275.2851257324219, 97.56932830810547, 80.27220153808594, -58.53648376464844, 24.867908477783203, 44.396785736083984, 29.277572631835938]
[15.244660377502441, 41.352718353271484, 67.40084838867188, 102.10096740722656, 112.34687042236328, 98.64808654785156, 89.70767211914062, 63.47575759887695, 44.44603729248047, 21.661401748657227, -69.48342895507812, 11.39596939086914, -50.06569290161133, 141.63375854492188, 155.38766479492188, 221.38922119140625]
[17.11408042907715, 46.30818176269531, 66.34127807617188, 79.0367660522461, 75.23627471923828, 46.34933090209961, 2.3998332023620605, -13.709240913391113, 0.9645623564720154, 9.859208106994629, 87.55374145507812, 176.7180633544922, 350.4106140136719, 737.280029296875, 340.3345947265625, 187.9114227294922]
[18.125686645507812, 48.304683685302734, 72.77161407470703, 62.2852668762207, 34.00977325439453, 14.135927200317383, -54.18541717529297, 17.93621253967285, 71.7737808227539, 137.40882873535156, 229.27317810058594, 379.3743591308594, 270.1274108886719, 136.561767578125, 13.000153541564941, -100.07591247558594]
[19.88690185546875, 46.71483612060547, 57.455482482910156, 38.855525970458984, -1.5370361804962158, -37.79663848876953, -7.0074334144592285, 94.32241821289062, 146.17124938964844, 230.38955688476562, 187.66461181640625, 104.705810546875, 73.05079650878906, -34.14921951293945, -17.51898193359375, 397.6728210449219]
[21.26215171813965, 46.981971740722656, 48.465118408203125, 12.240471839904785, -18.398635864257812, 3.8032915592193604, 178.25148010253906, 146.35665893554688, 212.6366424560547, 123.4166259765625, 29.492536544799805, -118.96931457519531, 29.156967163085938, 206.567626953125, 395.2395935058594, 826.4568481445312]
[21.680574417114258, 45.154075622558594, 31.109590530395508, -2.7577271461486816, -1.8703666925430298, 59.85961151123047, 150.3350830078125, 199.05787658691406, 182.9252166748047, -42.0969123840332, -40.942176818847656, 124.65320587158203, 212.66110229492188, 371.90167236328125, 144.1280059814453, 89.21437072753906]
[22.5266170501709, 41.101444244384766, 17.297794342041016, -20.997461318969727, 14.210511207580566, 116.04541778564453, 140.6053009033203, 83.33684539794922, -27.10182762145996, 44.122718811035156, 154.3241424560547, 307.3086853027344, 228.650634765625, -20.783525466918945, -114.25929260253906, 159.47076416015625]
[22.977697372436523, 36.654666900634766, 4.882506370544434, -19.748491287231445, 61.389835357666016, 136.73617553710938, 97.33465576171875, -6.161468505859375, -29.549623489379883, 138.19032287597656, 441.71026611328125, 125.80619049072266, -30.81155014038086, 99.23648071289062, 196.14346313476562, 256.3348083496094]
[23.822240829467773, 29.84733009338379, -5.993198871612549, 7.138997554779053, 93.89002227783203, 107.37651062011719, 26.7180118560791, -15.441571235656738, 132.92428588867188, 187.21429443359375, 204.35975646972656, -55.39706039428711, 87.85845184326172, 288.7400207519531, 184.44725036621094, 57.635902404785156]
[23.826454162597656, 21.990819931030273, -14.213382720947266, 34.931541442871094, 130.14199829101562, 72.69385528564453, -45.431495666503906, 57.42831802368164, 221.4017791748047, 116.97378540039062, -41.225101470947266, 104.74475860595703, 303.697265625, 189.6473846435547, 47.615257263183594, 90.65130615234375]
[23.66542625427246, 15.44969367980957, -10.883772850036621, 58.228675842285156, 103.26748657226562, 6.951761722564697, 5.813460350036621, 160.4481964111328, 161.37954711914062, -48.36045455932617, 79.25083923339844, 362.5466003417969, 150.61557006835938, -108.80596923828125, 349.7378845214844, 509.06805419921875]
[24.3679256439209, 8.98677921295166, -2.9914486408233643, 89.38662719726562, 77.39208984375, -30.737279891967773, 73.15418243408203, 183.00132751464844, 27.12661361694336, -20.35914421081543, 215.04971313476562, 205.9155731201172, -8.398465156555176, 156.4855499267578, 539.4611206054688, -33.421749114990234]
[23.025156021118164, 3.8705406188964844, 7.88726806640625, 106.43024444580078, 32.670101165771484, -2.213768243789673, 139.5844268798828, 102.32081604003906, -33.46418380737305, 149.54222106933594, 158.96029663085938, 31.54553985595703, 253.1607208251953, 431.6731262207031, 20.19052505493164, 1.151971697807312]
[22.993011474609375, -3.4457130432128906, 23.05112075805664, 99.42769622802734, -10.832385063171387, 39.64664077758789, 173.73779296875, 25.258718490600586, 31.266489028930664, 245.17103576660156, -19.740331649780273, 83.96644592285156, 531.7154541015625, 89.75979614257812, -14.022628784179688, 484.4891357421875]
[22.23870086669922, -5.41140079498291, 39.66584777832031, 84.18594360351562, -31.949613571166992, 98.58259582519531, 112.49575805664062, -21.938514709472656, 175.7412109375, 120.75007629394531, -8.729411125183105, 269.4463806152344, 111.16375732421875, 81.69159698486328, 376.8517150878906, 21.54518699645996]
[20.85097312927246, -5.22828483581543, 52.514137268066406, 50.56283950805664, -7.079532623291016, 141.82374572753906, 27.10078239440918, 42.40541076660156, 224.3524627685547, -56.723968505859375, 138.6947021484375, 206.93580627441406, -101.84297943115234, 356.1461486816406, 141.66799926757812, 65.4168930053711]
[19.242258071899414, -5.294820785522461, 64.0304946899414, 22.55002212524414, 18.462127685546875, 124.89472961425781, -52.49945068359375, 141.95921325683594, 108.16458129882812, 24.29596710205078, 296.06475830078125, -21.62297821044922, 176.28872680664062, 453.30047607421875, 85.56399536132812, 336.8135681152344]
[18.453418731689453, -3.911045551300049, 72.78726196289062, 5.190447807312012, 62.09976577758789, 83.77535247802734, -26.767086029052734, 167.30311584472656, 8.809452056884766, 154.67405700683594, 130.06741333007812, 30.405778884887695, 231.66465759277344, -123.61941528320312, 265.8250427246094, 300.0269470214844]
[16.540565490722656, -4.436034202575684, 73.29596710205078, -8.846558570861816, 92.49435424804688, 33.60411834716797, 62.28628158569336, 143.30877685546875, 25.79745101928711, 280.222412109375, -83.52792358398438, 415.9525451660156, 46.000545501708984, 221.2142333984375, 306.1968078613281, 25.136991500854492]
[15.287857055664062, 2.7753560543060303, 63.81255340576172, -5.660281658172607, 107.73681640625, 1.8995161056518555, 135.5860137939453, 20.9686222076416, 103.47005462646484, 118.01541137695312, 62.014312744140625, 458.1233825683594, -14.170889854431152, 371.22357177734375, 76.60928344726562, 622.5289306640625]
[13.551725387573242, 7.4875383377075195, 52.12187957763672, -0.6684587597846985, 118.86283111572266, -26.39657211303711, 177.21849060058594, -38.8248291015625, 220.01416015625, -31.540260314941406, 232.28912353515625, 36.77622604370117, 222.5261688232422, 61.597816467285156, 167.8719024658203, 199.8232879638672]
[11.802677154541016, 14.302353858947754, 40.068328857421875, 23.308561325073242, 85.82569122314453, 18.14715576171875, 134.95550537109375, 42.539615631103516, 144.04165649414062, 38.475135803222656, 275.73309326171875, -10.031527519226074, 369.5274658203125, -71.12760925292969, 452.78955078125, 98.67413330078125]
[10.0, 21.502227783203125, 25.243864059448242, 49.885826110839844, 34.44145202636719, 76.05519104003906, 32.824092864990234, 223.24281311035156, 18.42939567565918, 344.7944641113281, 37.923004150390625, 233.19334411621094, 92.17484283447266, 269.3389587402344, 92.52407836914062, 237.94122314453125]
[8.213709831237793, 28.251855850219727, 12.584081649780273, 79.07139587402344, 3.320892810821533, 116.65804290771484, 4.87071418762207, 380.557861328125, -33.25725173950195, 451.1361083984375, -9.588586807250977, 275.99603271484375, -13.71496295928955, 351.94757080078125, 5.395493030548096, 273.4172668457031]
[6.614342212677002, 34.451934814453125, -1.2272183895111084, 94.22589874267578, -19.831979751586914, 165.47865295410156, -4.697510719299316, 153.16064453125, 40.658470153808594, 250.3711700439453, 136.25001525878906, 24.4897403717041, 239.53236389160156, 12.714987754821777, 424.6634216308594, -222.24525451660156]
[4.742107391357422, 40.35718536376953, -7.887261867523193, 97.2030258178711, -14.043498992919922, 116.53810119628906, 48.022430419921875, 63.5420036315918, 133.0849609375, -44.23076629638672, 228.2353515625, 8.42248821258545, 328.06890869140625, 77.54914855957031, 295.603271484375, 250.2887420654297]
[3.4012224674224854, 42.99362564086914, -13.77344799041748, 96.2408447265625, 15.834240913391113, 48.81501388549805, 136.4253692626953, 6.925296783447266, 256.75537109375, -13.441743850708008, 137.58592224121094, 196.1634521484375, -1.5087240934371948, 369.85400390625, -211.28785705566406, 317.4115295410156]
[1.4748514890670776, 49.023380279541016, -13.13598918914795, 68.64462280273438, 62.103004455566406, -6.7228217124938965, 192.97874450683594, -26.96054458618164, 106.7876205444336, 148.75831604003906, 7.97017240524292, 209.10096740722656, 33.45155715942383, 133.22152709960938, 708.3968505859375, -174.31256103515625]
[0.7211684584617615, 50.392250061035156, 1.292496919631958, 38.60111618041992, 104.0021743774414, -32.42314910888672, 134.44630432128906, 91.87396240234375, -28.6264591217041, 274.0380554199219, 49.47154235839844, 94.98530578613281, 214.5603790283203, 47.91801452636719, 229.80319213867188, 215.7099151611328]
[-0.47812387347221375, 49.10550308227539, 11.210748672485352, 14.710302352905273, 110.98164367675781, -3.489257335662842, 47.01725387573242, 216.17315673828125, 7.742469310760498, 134.7347869873047, 478.021484375, 15.221504211425781, 173.7019805908203, 255.50225830078125, -108.9780502319336, 406.0258483886719]
[-1.7832098007202148, 45.70375442504883, 28.925853729248047, -13.124979019165039, 99.13639068603516, 59.9063720703125, 1.2031222581863403, 197.3536834716797, 92.25265502929688, -23.96637725830078, 597.7572631835938, 128.43380737304688, -107.01140594482422, 225.37506103515625, 167.17161560058594, -124.38957214355469]
[-3.3268184661865234, 40.70930862426758, 44.33938217163086, -14.753999710083008, 86.51513671875, 121.72946166992188, -7.700541019439697, 81.83987426757812, 234.8732147216797, -45.54661560058594, 126.98201751708984, 349.1923522949219, 79.3349380493164, -65.27411651611328, 199.9822540283203, 159.19566345214844]
[-3.524291515350342, 34.74843215942383, 57.1546516418457, -20.117111206054688, 38.932342529296875, 126.23368835449219, 43.79684829711914, -43.49127960205078, 414.4358215332031, 131.5718231201172, -60.92939376831055, 129.2193145751953, 640.6796875, 3.2965755462646484, 91.21379852294922, 623.8843383789062]
[-4.052360534667969, 29.215791702270508, 66.85676574707031, 8.013075828552246, -6.582622528076172, 125.59546661376953, 134.73660278320312, -7.08395528793335, 111.20901489257812, 172.41648864746094, 109.49483489990234, -77.07234954833984, 186.95460510253906, 577.40234375, 67.82608032226562, -149.4271697998047]
[-4.526906490325928, 22.260576248168945, 76.42806243896484, 34.645137786865234, -31.899505615234375, 72.00753021240234, 183.06130981445312, 64.5433349609375, -123.53388977050781, 129.63792419433594, 265.302978515625, 84.40469360351562, -124.26245880126953, 346.090576171875, 483.182373046875, 223.8101806640625]
[-4.3049702644348145, 14.88968563079834, 66.6666259765625, 60.08135986328125, -12.359173774719238, 18.660093307495117, 128.0879364013672, 198.6259307861328, -12.936978340148926, -49.75328826904297, 157.26882934570312, 268.9707336425781, 102.64002227783203, -0.7942171692848206, 142.09307861328125, 317.6517639160156]
[-4.530115604400635, 8.578298568725586, 60.927406311035156, 77.53620147705078, 26.085193634033203, -40.22434616088867, 65.48633575439453, 145.33062744140625, 136.76898193359375, 18.268451690673828, 28.76012420654297, 181.83871459960938, 284.9581298828125, 150.2033233642578, 58.62503433227539, -78.03439331054688]
[-3.8992810249328613, 2.478978157043457, 48.27207565307617, 86.3487777709961, 65.22781372070312, -29.51862335205078, -19.028663635253906, 108.41757202148438, 173.7865447998047, 169.78616333007812, 13.828990936279297, 12.751147270202637, 136.6165771484375, 336.2284240722656, 301.67169189453125, 28.267986297607422]
[-3.1922781467437744, -3.8093414306640625, 36.059932708740234, 90.49882507324219, 111.06793212890625, 39.78169250488281, -25.113004684448242, 4.829071998596191, 129.00405883789062, 249.44183349609375, 195.20628356933594, 102.33130645751953, -82.11506652832031, -15.083924293518066, 263.1953125, 416.2114562988281]
[-2.498359441757202, -3.974569797515869, 20.605709075927734, 75.95184326171875, 123.14837646484375, 100.85039520263672, 61.26649856567383, 6.2567620277404785, -29.924562454223633, 135.42584228515625, 221.33872985839844, 600.3794555664062, 146.12278747558594, -67.45193481445312, -20.277545928955078, 109.93465423583984]
[-0.885064959526062, -6.512385368347168, 6.1842360496521, 50.49637985229492, 122.2045669555664, 159.454833984375, 119.89204406738281, 34.994285583496094, -30.41591453552246, -18.239627838134766, 60.20145797729492, 196.9263458251953, 310.8403625488281, 278.9062805175781, 160.9093017578125, 68.5748519897461]
[0.6738059520721436, -7.91103982925415, -5.815713882446289, 25.841495513916016, 78.92323303222656, 130.55828857421875, 135.1798095703125, 129.81942749023438, 77.50739288330078, 37.82475280761719, -41.32506561279297, -86.57929229736328, 105.15216827392578, 290.6980895996094, 751.9116821289062, 378.658447265625]
[1.589496374130249, -3.854397773742676, -11.547347068786621, 3.6719839572906494, 36.122764587402344, 90.91400146484375, 138.392333984375, 220.52789306640625, 236.7825469970703, 159.55052185058594, 88.57258605957031, -42.16263198852539, 31.98189926147461, -19.689476013183594, 24.24704933166504, 119.07197570800781]
[3.1401309967041016, -4.579412937164307, -13.404659271240234, -15.056114196777344, 0.7866507768630981, 24.898530960083008, 79.49340057373047, 115.01195526123047, 232.7735137939453, 298.9908752441406, 319.54217529296875, 214.0995635986328, 186.3131561279297, 123.47550201416016, 28.04893684387207, -171.19015502929688]
[4.9468488693237305, 0.03880230709910393, -6.688882827758789, -5.571288108825684, -25.43046760559082, -32.908164978027344, 8.248976707458496, 37.07312774658203, 78.01067352294922, 132.9688720703125, 219.48248291015625, 302.0003967285156, 226.3140869140625, 313.5159912109375, 325.4982604980469, 384.9770812988281]
[6.528871059417725, 6.40640926361084, 2.9076597690582275, 5.306822299957275, -23.125974655151367, -7.176540374755859, -42.511390686035156, -25.796598434448242, -45.1179084777832, -65.085205078125, 22.653018951416016, 20.063549041748047, 14.764333724975586, 116.1440200805664, 135.5696563720703, 203.88189697265625]
[8.17689323425293, 14.237138748168945, 18.858627319335938, 20.02925682067871, 27.466684341430664, 20.002674102783203, 31.8981990814209, 21.654239654541016, 0.10738157480955124, 1.759489893913269, -40.39659118652344, 38.855133056640625, -33.30634689331055, -38.86398696899414, -157.33737182617188, -106.85032653808594]
[10.0, 21.48015022277832, 34.26887512207031, 47.18501281738281, 62.466758728027344, 87.01165008544922, 108.50701904296875, 126.6722183227539, 148.856689453125, 346.5263671875, 172.34437561035156, 235.41452026367188, 258.47076416015625, 254.39007568359375, 366.20660400390625, 599.6697998046875]
[11.838835716247559, 28.42382049560547, 49.23360824584961, 73.39529418945312, 112.9414291381836, 133.12583923339844, 170.5017852783203, 201.92861938476562, 186.13681030273438, 418.3292541503906, 235.5863037109375, 337.1126403808594, 223.96376037597656, 304.9822082519531, 324.6703796386719, 568.2477416992188]
[13.484030723571777, 34.090145111083984, 60.059818267822266, 95.28800201416016, 118.76292419433594, 165.80160522460938, 150.78982543945312, 185.7037353515625, 162.4221649169922, 262.2793884277344, 85.42726135253906, 14.744864463806152, -37.908485412597656, -37.1658821105957, -84.75758361816406, -171.05262756347656]
[15.427024841308594, 41.5404052734375, 72.55424499511719, 92.15235137939453, 106.77207946777344, 121.9349594116211, 84.36016082763672, 62.044410705566406, -7.150827884674072, -62.71186447143555, -101.49542999267578, -104.91889953613281, -77.77200317382812, 133.48141479492188, 156.85789489746094, 312.5382080078125]
[17.072002410888672, 45.145877838134766, 70.95405578613281, 78.28011322021484, 75.20033264160156, 50.2255859375, 13.743650436401367, -34.92494201660156, -44.020042419433594, 12.796723365783691, 159.7628173828125, 146.64744567871094, 549.7230834960938, 665.616943359375, 280.54534912109375, 314.9194641113281]
[18.00603485107422, 44.99385070800781, 73.94291687011719, 67.98887634277344, 33.66460418701172, -12.752328872680664, -47.88356399536133, -36.189266204833984, 60.20599365234375, 186.2019805908203, 546.0772094726562, 257.57647705078125, 246.210205078125, 286.9666442871094, 79.79872131347656, -65.34642791748047]
[19.468467712402344, 47.29381561279297, 56.98049545288086, 38.597042083740234, 0.29023608565330505, -8.179667472839355, 12.727994918823242, 202.37680053710938, 145.28758239746094, 237.4560546875, 417.98797607421875, 77.78836059570312, 26.761728286743164, -126.84537506103516, 102.50897979736328, 207.2405548095703]
[20.53569793701172, 48.86578369140625, 48.7940559387207, 11.557999610900879, -26.47482681274414, 3.6990675926208496, 90.92401885986328, 416.73675537109375, 211.81829833984375, 121.27513122558594, -47.52825164794922, -117.8646240234375, 2.0654656887054443, 191.64993286132812, 497.2038879394531, 315.349365234375]
[21.776737213134766, 43.354557037353516, 31.22503662109375, -3.9048500061035156, -0.9793071746826172, 59.89673614501953, 134.87289428710938, 215.52955627441406, 85.9184799194336, -54.13428497314453, 40.24052810668945, 132.16970825195312, 212.8144073486328, 412.7886047363281, 126.32967376708984, 78.61373901367188]
[23.128650665283203, 42.55439758300781, 16.872257232666016, -7.391971588134766, 14.71831226348877, 106.62852478027344, 138.25820922851562, 82.41512298583984, -17.53156089782715, -42.509002685546875, 181.37948608398438, 280.6315002441406, 163.06625366210938, -55.89027786254883, -66.17005157470703, 158.5679168701172]
[23.41275978088379, 35.64849090576172, 5.62786340713501, -6.007879257202148, 65.03404998779297, 123.90388488769531, 102.67404174804688, -2.210771322250366, -26.704843521118164, 134.37710571289062, 288.1692199707031, 281.93670654296875, -105.0264663696289, -31.01201057434082, 568.2440795898438, 310.62188720703125]
[24.04538345336914, 28.372621536254883, -13.119946479797363, 11.382390975952148, 96.29273986816406, 128.7091827392578, 7.283707618713379, -61.97734069824219, 128.55279541015625, 247.366455078125, 110.57117462158203, -184.63084411621094, 73.40947723388672, 291.28631591796875, 514.11181640625, -14.42111587524414]
[24.755693435668945, 22.25348472595215, -18.296104431152344, 33.99258804321289, 104.64855194091797, 73.16466522216797, -11.050504684448242, 60.623348236083984, 432.509033203125, 113.65900421142578, -104.14250946044922, 167.3525848388672, 234.67369079589844, 202.80299377441406, -250.63841247558594, 142.9544677734375]
[24.108083724975586, 15.197507858276367, -14.436009407043457, 60.41787338256836, 99.46047973632812, 17.778284072875977, -9.961889266967773, 156.03028869628906, 324.8445129394531, 36.04361343383789, 68.20779418945312, 278.6778564453125, 169.84011840820312, -107.77677154541016, 163.65335083007812, 317.0321960449219]
[23.197586059570312, 8.667551040649414, -4.146355628967285, 92.17935180664062, 81.2231216430664, -36.757293701171875, 74.37489318847656, 162.9554443359375, 68.61036682128906, 11.10257339477539, 194.08998107910156, 155.9501953125, -96.78489685058594, 178.15391540527344, 264.1153869628906, -48.402767181396484]
[23.08912467956543, 2.220933437347412, 11.267956733703613, 88.13836669921875, 35.82612991333008, 9.212343215942383, 123.56946563720703, 100.65495300292969, -29.66767692565918, 162.2327423095703, 224.9902801513672, 48.61741256713867, 123.51618194580078, 385.9316711425781, 94.54664611816406, 51.84849166870117]
[23.290531158447266, -2.228477954864502, 23.899015426635742, 99.25066375732422, -2.185452699661255, 39.25246047973633, 146.28250122070312, -5.273576259613037, 63.38374328613281, 180.4164276123047, -12.55064868927002, 46.26051330566406, 277.84661865234375, 43.746360778808594, 90.7208480834961, 805.06298828125]
[22.535160064697266, -6.619046688079834, 40.4779052734375, 79.8106918334961, -3.38175630569458, 102.76769256591797, 105.82048034667969, -41.916839599609375, 159.0016632080078, 119.27056121826172, -86.87171936035156, 208.64064025878906, 121.68804931640625, 42.757476806640625, 358.8779296875, 148.44834899902344]
[21.39659881591797, -7.198644161224365, 56.81428527832031, 54.40303421020508, -1.836356520652771, 128.13087463378906, 23.29612159729004, 44.7252311706543, 213.97421264648438, -44.27589416503906, 127.75372314453125, 200.0626678466797, -60.7591552734375, 309.5179443359375, 139.2679901123047, -42.82455825805664]
[19.360191345214844, -9.563337326049805, 67.93116760253906, 26.40319061279297, 22.21717071533203, 132.87844848632812, 6.375008583068848, 124.04846954345703, 101.53548431396484, -47.555755615234375, 266.1136169433594, 11.146159172058105, 169.22520446777344, 182.20399475097656, -58.198543548583984, 315.51593017578125]
[18.289379119873047, -6.867952346801758, 68.36834716796875, -5.392074108123779, 67.16031646728516, 98.29704284667969, -21.248695373535156, 162.15904235839844, -39.39486312866211, 165.60890197753906, 119.26048278808594, -46.397727966308594, 249.0841064453125, -167.02658081054688, 315.2304992675781, 147.76388549804688]
[16.540163040161133, -2.9865593910217285, 76.41805267333984, -18.050029754638672, 92.12049102783203, 28.890260696411133, 61.369720458984375, 148.7337646484375, -42.26884460449219, 241.55410766601562, -90.99172973632812, 215.4534149169922, 170.5729217529297, 246.9119415283203, 312.2528381347656, -139.27432250976562]
[15.134734153747559, 0.7245675921440125, 68.75554656982422, -19.60884666442871, 107.41853332519531, -31.538387298583984, 156.95364379882812, 25.375041961669922, 103.8797836303711, 119.6095962524414, 62.57933044433594, 176.38636779785156, 34.987396240234375, 697.9623413085938, -24.877099990844727, 342.0539855957031]
[13.518265724182129, 8.372123718261719, 58.97540283203125, -5.037479400634766, 106.25666046142578, -37.09873580932617, 154.49920654296875, 10.857247352600098, 220.5373077392578, -18.84681510925293, 207.13711547851562, 28.63686752319336, 482.708740234375, 77.34575653076172, 161.7462921142578, 170.12664794921875]
[11.845924377441406, 14.484660148620605, 40.39079284667969, 23.722055435180664, 79.54708099365234, 28.247053146362305, 125.30711364746094, -15.508502960205078, 181.67556762695312, -6.605780124664307, 287.33697509765625, -54.12194061279297, 203.61648559570312, -40.70246124267578, 275.86871337890625, -90.1064682006836]
[10.0, 21.415510177612305, 26.387210845947266, 48.17134475708008, 37.57900619506836, 74.93460083007812, 78.89793395996094, 132.31610107421875, 32.43531036376953, 367.4112854003906, 11.455567359924316, 213.09156799316406, 27.88487434387207, 323.5630187988281, -16.001909255981445, 360.91217041015625]
[8.242348670959473, 27.590229034423828, 7.865699768066406, 80.188720703125, -7.290186405181885, 130.6743927001953, -18.45384407043457, 148.2763671875, -40.5165901184082, 415.4346008300781, -105.60945129394531, 217.92391967773438, 45.87881851196289, 314.89495849609375, 141.49090576171875, 216.8963623046875]
[6.631333351135254, 33.94139099121094, 1.6198344230651855, 87.18328094482422, -30.65267562866211, 151.5665283203125, -14.946773529052734, 172.58262634277344, 46.2393684387207, 229.17095947265625, 245.53724670410156, 86.3599853515625, 281.9269104003906, 7.082168102264404, 744.2090454101562, -245.90924072265625]
[4.762421131134033, 41.05845642089844, -9.482312202453613, 100.33916473388672, -0.5062556862831116, 97.79258728027344, 50.80138397216797, 53.39069747924805, 171.64552307128906, -84.1093978881836, 525.3239135742188, -51.66841125488281, 308.76885986328125, 65.24288177490234, 285.3759460449219, 208.55755615234375]
[3.2721781730651855, 43.81694412231445, -8.655730247497559, 83.22481536865234, 22.852293014526367, 48.55890655517578, 149.16281127929688, -28.31618881225586, 165.01429748535156, 27.286584854125977, 153.71327209472656, 171.5791778564453, 29.09101676940918, 236.190673828125, -35.509944915771484, 265.0727844238281]
[1.447984218597412, 45.35074234008789, -13.337301254272461, 61.47416305541992, 66.71773529052734, -9.576659202575684, 137.31800842285156, -41.65835189819336, 128.62417602539062, 182.4307403564453, -90.24700164794922, 592.2079467773438, 43.471683502197266, 134.26219177246094, 386.4472961425781, -168.3248291015625]
[0.7204788327217102, 47.43344497680664, 0.8151147365570068, 38.4544563293457, 89.90447998046875, -44.59714889526367, 146.0251922607422, 90.10636901855469, 5.259195327758789, 281.1883239746094, 25.463502883911133, 183.50550842285156, 352.7934875488281, -3.214991569519043, 227.68531799316406, 453.52716064453125]
[-0.8916230201721191, 49.66706085205078, 12.575882911682129, 15.971872329711914, 115.7597885131836, -3.5086565017700195, 55.904388427734375, 180.0853271484375, -60.12842559814453, 126.04228210449219, 246.33428955078125, -160.459228515625, 193.67941284179688, 240.17959594726562, 35.75285339355469, 762.4473876953125]
[-2.4306092262268066, 43.691287994384766, 28.994882583618164, -13.876199722290039, 121.66407775878906, 59.88460159301758, -16.64740562438965, 190.3396759033203, 93.95211029052734, 29.603105545043945, 266.8330078125, 127.68866729736328, -39.54924011230469, 346.1430969238281, 174.3673553466797, -33.968971252441406]
[-3.164499044418335, 39.64488220214844, 45.42033386230469, -25.575931549072266, 86.30880737304688, 133.3138427734375, -21.27985954284668, 82.29048156738281, 235.15423583984375, 20.623645782470703, 30.0095272064209, 389.7282409667969, 96.87749481201172, -39.43540954589844, 253.63140869140625, 159.67416381835938]
[-3.521864414215088, 35.2248420715332, 62.03551483154297, -4.364398002624512, 35.45656967163086, 125.6052017211914, 39.454593658447266, -43.790706634521484, 158.984619140625, 144.62283325195312, -20.033830642700195, 135.10289001464844, 193.6470947265625, 90.65275573730469, 66.79234313964844, 243.95840454101562]
[-3.8774049282073975, 28.99382781982422, 67.27139282226562, 12.899889945983887, -3.9733965396881104, 117.1443099975586, 113.21282958984375, -46.63468551635742, 51.522220611572266, 297.3177185058594, 109.7208480834961, -6.7182111740112305, 155.94615173339844, 293.762939453125, 31.322309494018555, -25.785715103149414]
[-3.83426833152771, 21.9510555267334, 68.58582305908203, 34.412071228027344, -26.767494201660156, 72.69371032714844, 158.39356994628906, 131.09762573242188, -32.59874725341797, 136.7743377685547, 265.7754821777344, 70.92019653320312, -151.64993286132812, 373.0334167480469, 263.9368896484375, 87.06689453125]
[-4.031268119812012, 14.77855110168457, 65.82057189941406, 62.27402114868164, 2.6141533851623535, -4.601776123046875, 145.5849609375, 358.4735107421875, -14.394522666931152, -9.391144752502441, 179.78424072265625, 311.21319580078125, 102.65808868408203, -202.25064086914062, 145.01837158203125, 235.2587127685547]
[-4.463255882263184, 7.129351615905762, 58.57172393798828, 77.23251342773438, 17.209096908569336, -11.217194557189941, 64.56328582763672, 229.15065002441406, 304.2099914550781, 1.4296388626098633, -60.38449478149414, 181.1824188232422, 315.2340393066406, 348.00958251953125, -152.16201782226562, -40.732017517089844]
[-3.6620113849639893, 1.9493279457092285, 48.42844772338867, 95.82184600830078, 65.23877716064453, -22.72972297668457, -25.226234436035156, 122.5130386352539, 395.23797607421875, 164.32962036132812, 25.081003189086914, 11.260384559631348, 246.34298706054688, 266.0368347167969, 287.899658203125, 68.20818328857422]
[-2.507746934890747, -1.5000478029251099, 36.53313446044922, 88.912353515625, 90.96298217773438, 42.131771087646484, -23.168785095214844, -19.791292190551758, 274.18780517578125, 199.6072540283203, 156.3544158935547, 86.02581787109375, -24.33481788635254, 86.20156860351562, 258.5262451171875, 463.650634765625]
[-2.2566592693328857, -8.773720741271973, 21.162906646728516, 71.12828826904297, 116.37849426269531, 107.29374694824219, 33.75495529174805, -12.565998077392578, 35.86530303955078, 126.29540252685547, 239.0025177001953, 188.3528594970703, 324.7197570800781, 19.993144989013672, -68.56829071044922, 59.324424743652344]
[-0.9215098023414612, -8.818133354187012, 9.25592041015625, 53.54454040527344, 114.07664489746094, 119.82926940917969, 113.9669189453125, 27.3714542388916, -7.0977373123168945, -25.420257568359375, 68.64170837402344, 241.53744506835938, 326.3413391113281, 384.1256408691406, 372.2971496582031, -56.17190170288086]
[0.2716754972934723, -6.525724411010742, -7.205484867095947, 27.155517578125, 80.99653625488281, 133.89382934570312, 139.4141082763672, 168.70181274414062, 78.3189926147461, 11.255187034606934, -11.616254806518555, -77.27708435058594, 84.30818939208984, 190.64956665039062, 599.882080078125, 263.5597229003906]
[1.6077275276184082, -8.285442352294922, -7.632159233093262, -6.158665180206299, 34.542381286621094, 92.42842864990234, 171.36427307128906, 183.52525329589844, 225.57568359375, 167.3376007080078, 89.95991516113281, -16.254352569580078, -94.78395080566406, -55.347957611083984, -65.47689056396484, 289.73809814453125]
[2.9887938499450684, -3.5735363960266113, -16.197202682495117, -17.052013397216797, -0.8291575312614441, 37.34789276123047, 78.45764923095703, 115.18531799316406, 196.7703094482422, 273.5144958496094, 180.16526794433594, 295.892822265625, 177.01788330078125, 131.45416259765625, 43.77452087402344, 15.548859596252441]
[4.863439559936523, 0.13830482959747314, -7.111204624176025, -18.834749221801758, -9.884513854980469, -21.52621078491211, 7.8078508377075195, 23.727693557739258, 72.05355834960938, 129.14169311523438, 147.63784790039062, 250.86468505859375, 353.06793212890625, 460.2696533203125, 403.94683837890625, 732.4342041015625]
[6.555482864379883, 8.00414752960205, 5.0408735275268555, -7.8967742919921875, -2.319559097290039, -26.583051681518555, -16.15948486328125, -16.155986785888672, -78.8215103149414, 9.631077766418457, -29.34512710571289, 44.69080352783203, -2.7481439113616943, 70.88575744628906, 143.54432678222656, 186.68675231933594]
[8.139812469482422, 14.763738632202148, 19.466379165649414, 20.366270065307617, 21.361326217651367, 13.534346580505371, 28.90315055847168, 2.2644646167755127, 12.378254890441895, -13.361058235168457, -59.46990203857422, -99.74246215820312, -96.50091552734375, -2.5384418964385986, 80.60846710205078, 0.8580638766288757]
[10.0, 21.322418212890625, 34.31745147705078, 49.6320915222168, 63.70456314086914, 86.05602264404297, 99.47576141357422, 107.37989044189453, 142.3125762939453, 321.3083801269531, 383.2806091308594, 369.2897644042969, 245.1011199951172, 250.50531005859375, 381.0918884277344, 333.7941589355469]
[11.699640274047852, 28.820344924926758, 50.32624435424805, 75.6600341796875, 110.73151397705078, 131.9720458984375, 158.68856811523438, 200.30104064941406, 223.270263671875, 525.0420532226562, 204.5811004638672, 644.6661376953125, 331.4618835449219, 252.2994384765625, 194.24217224121094, 181.74502563476562]
[13.434395790100098, 33.42795944213867, 64.94903564453125, 85.75895690917969, 121.46615600585938, 119.31401824951172, 147.19041442871094, 142.24034118652344, 175.08721923828125, 260.4833984375, 83.26852416992188, 59.25725555419922, -31.19739532470703, -121.12709045410156, -1.5079699754714966, -9.65938663482666]
[15.337794303894043, 39.68935775756836, 67.43905639648438, 88.9049072265625, 115.83758544921875, 104.15917205810547, 85.6755599975586, 46.0771598815918, 4.373180389404297, 19.263586044311523, -84.57209777832031, -23.016210556030273, -45.98705291748047, 107.94979095458984, 154.89572143554688, 336.26177978515625]
[17.019657135009766, 43.258277893066406, 68.96411895751953, 84.47604370117188, 79.21947479248047, 47.795284271240234, 8.056396484375, -57.43058395385742, -4.854629039764404, -17.519601821899414, 83.90422058105469, 176.3844757080078, 264.3032531738281, 596.5187377929688, 272.5075378417969, 394.9120788574219]
[17.9908390045166, 46.731727600097656, 66.3277359008789, 67.47135162353516, 39.256622314453125, 12.91970157623291, -62.722660064697266, -13.59153938293457, 72.68327331542969, 186.2399139404297, 228.19430541992188, 275.5362854003906, 237.50680541992188, 291.5209655761719, 100.86273956298828, -113.9757080078125]
[19.263832092285156, 46.911014556884766, 56.370548248291016, 38.42214584350586, 10.202579498291016, -13.291083335876465, -3.2883429527282715, 92.97664642333984, 225.39418029785156, 305.7668151855469, 188.3262176513672, 90.10896301269531, 73.52369689941406, -180.50363159179688, 42.00142288208008, 207.4633331298828]
[20.398761749267578, 45.05426025390625, 45.01829528808594, 15.39488697052002, -7.862363338470459, -7.984340190887451, 85.18794250488281, 189.48489379882812, 202.9226837158203, 125.48919677734375, 42.04458999633789, -79.6494369506836, 87.74168395996094, 171.44602966308594, 475.2644958496094, 311.13885498046875]
[21.94628143310547, 43.133365631103516, 31.2056941986084, -17.05880355834961, -18.614990234375, 59.85466003417969, 127.24481201171875, 185.91830444335938, 87.52250671386719, -76.89702606201172, -7.662522792816162, 129.47386169433594, 192.8043670654297, 376.90985107421875, 246.6374969482422, -4.446603298187256]
[22.332643508911133, 40.7006950378418, 13.478731155395508, -9.499239921569824, 19.063329696655273, 123.20885467529297, 177.45025634765625, 82.13265991210938, -30.58942413330078, -14.680618286132812, 150.61203002929688, 269.0953674316406, 442.98626708984375, -10.080315589904785, 43.174560546875, 159.3380584716797]
[23.025724411010742, 35.28843688964844, 3.0576376914978027, -16.673391342163086, 60.82651901245117, 161.9956512451172, 219.12698364257812, -1.4354519844055176, -14.94830322265625, 179.10108947753906, 191.8326873779297, 133.89341735839844, -191.0274200439453, 63.02607727050781, 657.2796020507812, 570.8421630859375]
[24.095741271972656, 28.38862419128418, -11.822491645812988, 8.045090675354004, 100.73188781738281, 137.04998779296875, 40.41914749145508, -11.356258392333984, 126.55365753173828, 275.55255126953125, 110.35466003417969, -7.2945146560668945, 159.2401885986328, 313.4583435058594, 236.7541961669922, 25.63202476501465]
[24.665205001831055, 22.313793182373047, -11.71274471282959, 33.960819244384766, 117.52887725830078, 73.3619613647461, -82.51032257080078, 65.56822204589844, 249.68125915527344, 137.20680236816406, -120.44332122802734, 101.92194366455078, 289.125732421875, 211.87315368652344, 87.79840850830078, 227.02743530273438]
[24.67160415649414, 15.278426170349121, -5.274288654327393, 62.09143829345703, 97.40499877929688, 16.800384521484375, 9.502791404724121, 162.71664428710938, 158.64141845703125, -53.25819778442383, 45.54690170288086, 343.73052978515625, 152.92245483398438, -115.32862091064453, 175.44635009765625, 250.92486572265625]
[23.362808227539062, 7.7394633293151855, 0.9952791333198547, 91.90374755859375, 81.3664779663086, -11.997824668884277, 76.31552124023438, 154.71832275390625, 41.01868438720703, -31.16473960876465, 212.56698608398438, 196.62477111816406, 33.926029205322266, 174.42189025878906, 410.5029602050781, -59.632354736328125]
[23.106996536254883, 3.055828809738159, 10.775432586669922, 97.71537780761719, 34.87488555908203, -1.8443467617034912, 161.0181427001953, 118.312255859375, -49.3360710144043, 176.14373779296875, 163.57521057128906, 38.591182708740234, 127.22779083251953, 405.7248229980469, 91.4861831665039, 1.8171613216400146]
[22.918149948120117, -4.274423122406006, 24.41364860534668, 100.22993469238281, -9.146490097045898, 35.64462661743164, 178.83584594726562, 33.34641647338867, 106.44534301757812, 293.3399963378906, 35.66067886352539, 11.004556655883789, 250.67398071289062, 90.3916015625, 37.39817428588867, 309.216552734375]
[21.834444046020508, -7.595184326171875, 39.08203887939453, 70.43477630615234, -17.802011489868164, 99.58984375, 120.8687973022461, -39.74325942993164, 390.3636169433594, 126.41776275634766, -64.9724349975586, 331.9953308105469, 112.77954864501953, 78.27570343017578, 398.517822265625, 119.42253875732422]
[20.842548370361328, -6.1763715744018555, 53.54616928100586, 55.07309341430664, -25.060321807861328, 148.77337646484375, 29.943153381347656, 80.34675598144531, 413.53662109375, -56.448097229003906, 136.7605438232422, 247.70318603515625, -18.065959930419922, 287.3337707519531, 140.662109375, -28.432666778564453]
[19.980955123901367, -10.58957576751709, 63.66991424560547, 27.34701156616211, 22.842206954956055, 152.63241577148438, -39.443603515625, 278.77105712890625, 103.89693450927734, 6.586863040924072, 348.0232238769531, -65.90428161621094, 149.7570037841797, 270.0374450683594, -144.00558471679688, 203.44615173339844]
[18.087421417236328, -7.452639102935791, 65.90348815917969, 5.467376232147217, 67.55957794189453, 90.15478515625, -28.573808670043945, 222.40663146972656, -34.8250617980957, 161.43276977539062, 256.34716796875, 51.77069091796875, 272.115966796875, -119.64080810546875, 343.0771179199219, 144.36497497558594]
[17.076068878173828, -2.5659215450286865, 77.25627899169922, -10.82513427734375, 104.67626190185547, 25.043190002441406, 64.0767593383789, 126.44065856933594, -2.8575544357299805, 291.86016845703125, -117.28105926513672, 435.92059326171875, 55.92893600463867, 233.02859497070312, 328.5560302734375, -46.53461456298828]
[15.305181503295898, 2.5424230098724365, 68.7618179321289, -7.8804497718811035, 127.34561920166016, -22.03828239440918, 144.63388061523438, 17.60374641418457, 103.17908477783203, 120.7617416381836, 77.05382537841797, 425.85748291015625, 33.9016227722168, 745.557861328125, -44.77253341674805, 393.15032958984375]
[13.592397689819336, 7.094974994659424, 55.2597770690918, 4.196525573730469, 101.11339569091797, -24.222566604614258, 144.77549743652344, -0.8264985084533691, 234.54525756835938, -82.1348876953125, 257.49310302734375, -21.709564208984375, 180.4051971435547, 182.6815643310547, 156.94961547851562, 174.689208984375]
[11.77243423461914, 14.20854377746582, 42.27357482910156, 24.163883209228516, 75.34538269042969, 30.686107635498047, 108.2528076171875, -4.8852949142456055, 138.578125, -5.443711757659912, 219.49313354492188, -20.424144744873047, 223.97157287597656, -38.18339920043945, 769.5853271484375, -60.52901077270508]
[10.0, 21.295486450195312, 25.347047805786133, 48.35238265991211, 33.14817810058594, 84.52324676513672, 42.19161605834961, 106.1032485961914, 22.211389541625977, 334.7338562011719, 6.214741230010986, 171.58665466308594, 38.01432418823242, 315.0984191894531, -41.0521125793457, 499.98529052734375]
[8.186281204223633, 28.49458885192871, 11.516769409179688, 76.78585815429688, -1.9126358032226562, 111.22434997558594, 2.1037771701812744, 146.7816619873047, -8.308791160583496, 512.6470336914062, -9.120368957519531, 208.65786743164062, -5.884064197540283, 311.95635986328125, 32.681358337402344, 408.6623229980469]
[6.338204860687256, 34.70501708984375, -5.448323726654053, 84.83663177490234, -5.04987907409668, 143.3468017578125, -41.30644989013672, 165.4366455078125, 13.522636413574219, 249.01231384277344, 135.1891632080078, 28.837106704711914, 227.86508178710938, -132.97677612304688, 296.64898681640625, -267.11492919921875]
[4.866239547729492, 41.13920593261719, -15.876537322998047, 97.87035369873047, -20.85915756225586, 108.6344985961914, 48.644798278808594, 44.94489669799805, 170.26657104492188, -19.785852432250977, 314.5061340332031, 37.21182632446289, 498.84942626953125, 78.35474395751953, 132.15530395507812, 289.6923828125]
[3.032986879348755, 43.285579681396484, -16.110950469970703, 81.90064239501953, 15.11832046508789, 51.940223693847656, 122.35499572753906, 7.676698207855225, 207.15521240234375, -36.428199768066406, 168.11363220214844, 150.59230041503906, -50.16288375854492, 302.398193359375, 81.5211181640625, 361.0357360839844]
[1.3587896823883057, 45.977684020996094, -13.69033145904541, 68.53356170654297, 65.33943176269531, -0.5021259188652039, 159.29681396484375, 25.54991340637207, 115.8062515258789, 171.4298553466797, -12.46639633178711, 339.7442321777344, 80.46431732177734, 133.05430603027344, 227.40113830566406, -12.980324745178223]
[0.19494570791721344, 48.549861907958984, -4.193511486053467, 38.471309661865234, 114.97439575195312, -38.75566864013672, 139.91641235351562, 86.82624816894531, -22.971712112426758, 202.19854736328125, -1.517494559288025, 88.78292846679688, 234.7814483642578, 56.255149841308594, 224.62985229492188, 197.82046508789062]
[-0.7755544781684875, 47.2854118347168, 12.925315856933594, 10.52326774597168, 103.9744644165039, -12.016298294067383, 57.08675765991211, 163.29476928710938, 6.362650394439697, 128.19432067871094, 241.75201416015625, -42.8059196472168, 173.17994689941406, 208.91452026367188, -79.47759246826172, 375.76983642578125]
[-1.4857513904571533, 43.833499908447266, 29.01233673095703, -12.515776634216309, 113.63216400146484, 59.8838996887207, 1.2842556238174438, 154.46424865722656, 94.1214828491211, -48.596107482910156, 302.04254150390625, 128.70362854003906, 20.14594078063965, 352.6987609863281, 159.24169921875, -207.19915771484375]
[-3.0136237144470215, 39.726009368896484, 42.707637786865234, -6.910650253295898, 84.7253189086914, 115.09626007080078, -33.91511154174805, 82.77745819091797, 163.6818389892578, -28.452136993408203, 64.46226501464844, 201.1549835205078, 58.483890533447266, -32.9412727355957, 292.9917907714844, 158.5561981201172]
[-3.465514659881592, 35.50947570800781, 61.09491729736328, -1.6916142702102661, 39.33984375, 124.12861633300781, 39.27479553222656, -25.447343826293945, 146.04652404785156, 190.05885314941406, 1.7382557392120361, 137.21539306640625, 226.38523864746094, 42.00568771362305, 83.4289779663086, 467.0827331542969]
[-4.4805006980896, 29.571762084960938, 64.03276824951172, 9.799468994140625, -0.5565878748893738, 121.33535766601562, 106.60298919677734, -27.33074951171875, 56.495975494384766, 186.58160400390625, 109.37911224365234, -31.58902359008789, 198.22525024414062, 247.2967529296875, 103.59860229492188, 23.902172088623047]
[-3.790271520614624, 21.976804733276367, 78.37413024902344, 34.784542083740234, -8.352248191833496, 67.60450744628906, 168.5397186279297, 64.47148895263672, -84.16777801513672, 135.62332153320312, 289.4979553222656, 75.99327087402344, -88.16624450683594, 183.85032653808594, 486.83355712890625, 80.53044891357422]
[-4.731668949127197, 15.015995025634766, 75.418701171875, 65.60016632080078, -6.179284572601318, 7.919586181640625, 153.983642578125, 182.1007080078125, 34.482643127441406, 2.0659608840942383, 146.05227661132812, 241.2742919921875, 92.33114624023438, -210.4498291015625, 142.09286499023438, 416.3846130371094]
[-3.52701997756958, 8.089439392089844, 65.6109619140625, 89.63115692138672, 26.51959991455078, -26.913673400878906, 64.27726745605469, 216.45108032226562, 160.177001953125, 42.191131591796875, 30.0218505859375, 153.36326599121094, 369.4886779785156, 341.2485656738281, -1.5920053720474243, -9.056384086608887]
[-3.4807028770446777, 2.5174763202667236, 53.02069854736328, 97.70836639404297, 67.28864288330078, -9.995462417602539, 8.827567100524902, 107.8214111328125, 205.03753662109375, 170.9356231689453, -43.0807991027832, -114.70105743408203, 133.22511291503906, 579.5487060546875, 562.6971435546875, 179.16819763183594]
[-3.373095989227295, -2.277333974838257, 37.25132751464844, 103.32599639892578, 114.45262145996094, 36.11541748046875, -33.68418502807617, -21.632247924804688, 118.71173858642578, 308.9790954589844, 218.64788818359375, 92.36936950683594, 33.94819259643555, 17.81389045715332, 488.510986328125, 938.477294921875]
[-2.1916892528533936, -6.007890701293945, 19.449260711669922, 79.1166763305664, 136.281982421875, 91.46419525146484, 38.889102935791016, -58.429405212402344, 20.214523315429688, 115.70378112792969, 586.0711059570312, 473.1647644042969, 143.55316162109375, 39.07823181152344, -18.864116668701172, 117.17001342773438]
[-0.41142675280570984, -6.392040252685547, 7.934505462646484, 54.768333435058594, 119.55266571044922, 117.98192596435547, 113.8543472290039, 28.248079299926758, -86.65496063232422, 25.534486770629883, 150.1398468017578, 212.8853759765625, 416.4267578125, 315.26611328125, 164.5814971923828, 30.325397491455078]
[0.48683029413223267, -6.27459716796875, -8.804398536682129, 24.263341903686523, 74.7335433959961, 121.3178939819336, 166.30447387695312, 150.55514526367188, 171.99977111816406, 25.076990127563477, -54.94671630859375, -70.5979995727539, 96.35005187988281, 189.39068603515625, 356.6087951660156, 393.960693359375]
[1.5957539081573486, -5.357888221740723, -6.565699100494385, -6.185483455657959, 32.49867248535156, 96.21452331542969, 333.26153564453125, 180.76327514648438, 422.9769287109375, 179.312744140625, 96.17053985595703, 57.420753479003906, -6.481888294219971, 28.435791015625, 56.39371109008789, 148.2120361328125]
[3.0235161781311035, -2.693626642227173, -13.101792335510254, -6.00701379776001, -14.941761016845703, 34.78972244262695, 154.7117156982422, 158.01026916503906, 166.6483917236328, 256.82373046875, 254.5753631591797, 201.49607849121094, 218.47300720214844, 123.95227813720703, -34.19131088256836, 110.39549255371094]
[4.596527576446533, 2.483794927597046, -9.870553016662598, -10.100696563720703, -15.762123107910156, -15.886469841003418, -4.99899435043335, 7.698922634124756, 64.413818359375, 114.36236572265625, 167.69125366210938, 313.45220947265625, 551.798583984375, 288.8871765136719, 374.0607604980469, 384.0610656738281]
[6.553353786468506, 7.727198123931885, 3.0696983337402344, -5.230456829071045, -23.57967758178711, -40.13882827758789, -59.52396011352539, -57.854740142822266, -9.768867492675781, -39.4326057434082, -9.799288749694824, -9.578513145446777, 46.20394515991211, 113.21202850341797, 127.52690124511719, 178.26071166992188]
[8.22280216217041, 14.406745910644531, 18.122407913208008, 20.098278045654297, 23.703598022460938, 15.500581741333008, -2.3469908237457275, 11.154452323913574, -11.93626594543457, 4.816025733947754, -13.498771667480469, -48.434104919433594, -42.48130416870117, -55.282508850097656, -188.09767150878906, 73.52908325195312]
[10.0, 21.47265625, 34.278465270996094, 48.79515838623047, 61.82182312011719, 86.99525451660156, 99.51509094238281, 226.41744995117188, 150.8690185546875, 317.0344543457031, 165.4335174560547, 227.0494842529297, 280.7681579589844, 185.6343231201172, 371.48382568359375, 276.85137939453125]
[11.713068008422852, 28.597564697265625, 52.233272552490234, 72.00147247314453, 114.69414520263672, 149.77471923828125, 166.17672729492188, 175.8812255859375, 267.36199951171875, 583.7489624023438, 288.9416809082031, 186.3886260986328, 337.3174743652344, 284.58941650390625, 193.03663635253906, 298.7781982421875]
[13.673774719238281, 34.038875579833984, 65.80270385742188, 98.5710220336914, 135.3907928466797, 136.35699462890625, 161.64268493652344, 166.550537109375, 149.15325927734375, 251.51173400878906, 87.45889282226562, 54.62968444824219, 23.722801208496094, -53.31364822387695, -44.75083923339844, 34.28931427001953]
[15.258420944213867, 38.390140533447266, 75.8763656616211, 85.98672485351562, 99.35696411132812, 96.21353149414062, 85.2861557006836, 60.98012161254883, -21.40380859375, -18.153202056884766, 29.83438491821289, -101.17052459716797, 53.10858154296875, 76.44275665283203, 166.24826049804688, 239.84461975097656]
[16.708961486816406, 45.86051559448242, 67.97238159179688, 86.47987365722656, 85.39188385009766, 47.3939323425293, 18.61652946472168, -15.890674591064453, -67.06834411621094, 18.47646713256836, 69.84799194335938, 164.83836364746094, 336.7261047363281, 381.8708801269531, 424.6505126953125, 295.09912109375]
[18.68729591369629, 47.1708984375, 68.36766052246094, 65.68244934082031, 37.096866607666016, 11.651453018188477, -54.35594940185547, 15.662288665771484, 53.751644134521484, 171.65835571289062, 272.8630065917969, 274.136962890625, 306.84381103515625, 288.14849853515625, -40.042015075683594, -42.244693756103516]
[19.83686637878418, 48.898414611816406, 60.330078125, 38.3684196472168, 6.412710666656494, -35.167537689208984, 8.946283340454102, 89.19847106933594, 153.72337341308594, 247.1053924560547, 241.8231964111328, 96.05747985839844, 57.941680908203125, -132.6484375, 6.534210205078125, 434.2032165527344]
[21.407209396362305, 49.588035583496094, 46.443153381347656, 12.038689613342285, -37.125244140625, -5.2875657081604, 161.6775360107422, 379.6585693359375, 416.82958984375, 275.1595764160156, 9.807821273803711, -70.89031982421875, 122.72389221191406, 454.9139099121094, 703.3016967773438, 788.0364379882812]
[22.458730697631836, 44.144779205322266, 31.24532127380371, -12.419776916503906, -11.091904640197754, 59.908912658691406, 292.3461608886719, 316.9847412109375, 184.7694549560547, -99.24832916259766, -54.40325927734375, 271.9466552734375, 537.3436279296875, 580.367919921875, 284.5148620605469, -119.62779998779297]
[22.5377140045166, 39.098873138427734, 15.97421646118164, -17.236007690429688, 26.544897079467773, 104.52890014648438, 154.28465270996094, 82.55204010009766, -75.30392456054688, 32.121986389160156, 184.76617431640625, 250.64352416992188, 246.1839599609375, -68.33667755126953, -94.7423095703125, 159.31472778320312]
[23.54977035522461, 34.88750076293945, 0.8688338994979858, -8.25501537322998, 60.947208404541016, 157.6344451904297, 96.0871810913086, 23.081222534179688, 6.383490562438965, 149.9733123779297, 297.31158447265625, 131.3145751953125, -23.8007869720459, -51.73817443847656, 317.2008056640625, 288.4825744628906]
[23.967239379882812, 29.081972122192383, -12.854442596435547, 12.766578674316406, 109.09122467041016, 130.67662048339844, 17.690866470336914, -3.511045455932617, 137.6190643310547, 258.4317321777344, 110.37376403808594, -138.6778564453125, 92.65950012207031, 252.08250427246094, 209.01986694335938, 2.2264885902404785]
[24.343944549560547, 22.048564910888672, -6.29857063293457, 35.08774948120117, 131.6651611328125, 72.58319091796875, -37.248199462890625, 57.92449188232422, 187.48362731933594, 135.1197967529297, -50.8380241394043, 105.24307250976562, 210.8299560546875, 174.5559844970703, -176.5180206298828, 96.61174774169922]
[23.713455200195312, 14.672789573669434, -5.454384803771973, 62.76360321044922, 119.00144958496094, 8.411437034606934, -7.302504062652588, 162.435791015625, 144.4654998779297, -78.19537353515625, 69.71224975585938, 205.31881713867188, 160.7806396484375, 47.125186920166016, 172.79962158203125, 525.4578857421875]
[24.016338348388672, 8.391321182250977, -1.2540621757507324, 90.98967742919922, 73.90501403808594, -14.288269996643066, 73.76985931396484, 227.34617614746094, 10.95427417755127, -7.887721538543701, 215.9353790283203, 201.4446258544922, -68.37789154052734, 181.15243530273438, 213.86358642578125, 118.20124053955078]
[24.01219940185547, 0.6894319653511047, 8.073897361755371, 99.94410705566406, 37.464385986328125, -24.716537475585938, 176.6890411376953, 103.6701431274414, -24.163578033447266, 145.12490844726562, 167.94398498535156, 31.87054443359375, 124.9878158569336, 406.531005859375, -44.9007453918457, -21.458419799804688]
[22.415401458740234, -0.7628404498100281, 24.562002182006836, 93.88886260986328, -0.556092381477356, 36.25567626953125, 147.892333984375, 1.447092890739441, 54.0075798034668, 270.34381103515625, 68.08609771728516, 52.585086822509766, 389.33978271484375, -26.97462272644043, 121.28363037109375, 313.5096130371094]
[22.25956916809082, -3.908003330230713, 40.36748504638672, 79.21327209472656, -21.298011779785156, 108.46502685546875, 123.0689926147461, -42.36851119995117, 178.02732849121094, 114.6257553100586, -84.53868103027344, 346.511962890625, 104.0913314819336, 78.8536605834961, 245.8136444091797, 55.19987869262695]
[21.215484619140625, -6.45376443862915, 53.638648986816406, 54.684844970703125, -26.466964721679688, 152.14340209960938, 27.859453201293945, 34.80105972290039, 245.38497924804688, -10.61994743347168, 143.7056427001953, 226.55577087402344, -17.61419105529785, 283.7568359375, 140.55575561523438, 7.831982135772705]
[19.567049026489258, -5.645066261291504, 63.01357650756836, 24.14724349975586, 14.79843521118164, 116.35675048828125, 6.219081878662109, 164.33531188964844, 98.58656311035156, -37.25027084350586, 204.89450073242188, -62.79379653930664, 161.7571258544922, 239.09332275390625, -104.25949096679688, 289.86981201171875]
[18.50484848022461, -4.708312511444092, 74.10714721679688, 5.335165500640869, 60.87472152709961, 83.34123992919922, 17.382843017578125, 170.2912139892578, 21.66512107849121, 131.57891845703125, 135.56822204589844, 0.7065516114234924, 217.4104461669922, 28.163936614990234, 245.65870666503906, 120.41869354248047]
[16.625226974487305, -3.605431318283081, 73.10801696777344, -23.37660789489746, 96.75533294677734, 24.621170043945312, 61.64889144897461, 120.3728256225586, -20.466196060180664, 230.48374938964844, -118.25588989257812, 299.3270568847656, 78.23943328857422, 107.99070739746094, 188.81744384765625, -156.3632354736328]
[15.251686096191406, -0.11642103642225266, 63.05268096923828, -10.387418746948242, 116.30451965332031, 6.062262058258057, 144.34791564941406, 48.637535095214844, 103.05733489990234, 127.6820297241211, -3.130042314529419, 210.11387634277344, -43.245208740234375, 437.4565124511719, -189.06182861328125, 630.2001342773438]
[13.351405143737793, 8.473772048950195, 58.92473602294922, 1.3947852849960327, 104.90086364746094, -29.1395263671875, 143.43653869628906, -49.564971923828125, 161.2618865966797, -51.01527786254883, 218.3624725341797, -13.121360778808594, 208.56407165527344, 217.02853393554688, 361.5124206542969, 374.2900695800781]
[11.784326553344727, 14.811166763305664, 42.76530075073242, 18.46289825439453, 82.50852966308594, 7.317888259887695, 116.4922866821289, 28.76420783996582, 143.60202026367188, -30.124217987060547, 285.5943908691406, -16.690982818603516, 272.412353515625, -180.78366088867188, 784.7278442382812, 10.768664360046387]
[10.0, 21.54735565185547, 25.54010009765625, 49.65205764770508, 35.893070220947266, 79.49344635009766, 35.678985595703125, 129.1085205078125, 32.57183837890625, 141.0521240234375, 34.34474563598633, 156.87574768066406, 81.4480209350586, 566.6864624023438, -71.724365234375, 334.6563720703125]
[8.285442352294922, 29.076589584350586, 11.618634223937988, 74.63545989990234, 7.37196683883667, 124.6161117553711, -8.734036445617676, 194.1427764892578, 2.019130229949951, 278.4856872558594, 17.021331787109375, 587.3349609375, -101.08171081542969, 199.5155792236328, 63.754478454589844, 271.78607177734375]
[6.444029331207275, 34.71393966674805, -6.412815093994141, 99.93814849853516, -6.281122207641602, 158.70614624023438, -44.79684829711914, 177.81271362304688, 19.558473587036133, 133.5282440185547, 130.7852020263672, 134.6519317626953, 526.1057739257812, -19.322465896606445, 248.92138671875, -27.65735626220703]
[4.880189418792725, 40.3671875, -5.026559829711914, 100.58204650878906, -26.617511749267578, 117.84383392333984, 43.37855529785156, 48.336181640625, 163.8679962158203, -64.55663299560547, 496.8819885253906, -106.11518096923828, 298.9012451171875, 115.30302429199219, 132.0532684326172, 200.3681640625]
[3.2945826053619385, 42.38828659057617, -9.796863555908203, 95.60396575927734, 16.370513916015625, 47.56771469116211, 152.3807373046875, -58.253211975097656, 245.04730224609375, 42.412841796875, 292.3407287597656, 163.9033660888672, -33.27626037597656, 252.66949462890625, -5.988041877746582, 231.65567016601562]
[1.771449089050293, 46.49367141723633, -11.625734329223633, 68.5513687133789, 65.49854278564453, -8.66610050201416, 165.9397430419922, -10.716797828674316, 115.03291320800781, 172.97967529296875, 12.294852256774902, 285.70806884765625, -32.04124069213867, 136.89439392089844, 267.837890625, -97.81471252441406]
[-0.16150790452957153, 46.8575325012207, 3.198667287826538, 38.38022994995117, 102.0312728881836, -43.02533721923828, 135.7589111328125, 91.93944549560547, 25.36963653564453, 473.3849792480469, -29.487194061279297, 74.96892547607422, 371.5052185058594, -121.44078063964844, 288.4024658203125, 192.85546875]
[-0.7433503270149231, 48.75005340576172, 12.036406517028809, 14.856209754943848, 103.48263549804688, -1.608648657798767, 51.522972106933594, 160.46975708007812, 15.851654052734375, 226.77395629882812, 174.6312713623047, 33.0123405456543, 162.59059143066406, 193.05795288085938, -5.3681416511535645, 417.4057312011719]
[-1.4747462272644043, 46.7282600402832, 28.960222244262695, -6.924368858337402, 106.58946990966797, 59.85662841796875, -19.060911178588867, 172.3009796142578, 174.45680236816406, -91.7348861694336, 240.34689331054688, 128.84437561035156, -124.59761810302734, 418.28369140625, 155.70155334472656, -5.542126178741455]
[-2.4044315814971924, 40.29266357421875, 43.04978942871094, -13.190945625305176, 86.64842224121094, 113.41083526611328, -52.14381790161133, 84.00009155273438, 460.6072082519531, -48.14405822753906, 39.30442428588867, 248.55148315429688, 61.818233489990234, 30.291412353515625, 201.4558563232422, 159.2451629638672]
[-2.8783462047576904, 35.46898651123047, 55.247406005859375, -3.8988547325134277, 33.1182746887207, 161.10536193847656, 42.68464279174805, -16.2518367767334, 350.78790283203125, 161.36778259277344, 4.859780788421631, 125.58716583251953, 374.194580078125, 18.76555061340332, 88.80872344970703, 423.0859375]
[-3.63214373588562, 28.400554656982422, 73.02729797363281, 11.474164009094238, -11.432193756103516, 125.68859100341797, 135.6070556640625, -54.31022644042969, 57.03508377075195, 267.0603332519531, 109.71296691894531, -37.785125732421875, 188.44778442382812, 265.58270263671875, 59.772464752197266, -47.17204666137695]
[-4.2516326904296875, 22.21855354309082, 75.3209228515625, 33.61534118652344, -30.483089447021484, 68.43104553222656, 152.14736938476562, 122.78878021240234, -18.15150260925293, 129.6409149169922, 227.58558654785156, 99.29222869873047, -67.7318115234375, 159.09727478027344, 372.2428894042969, 182.52685546875]
[-3.742337703704834, 14.959938049316406, 69.34241485595703, 63.34550094604492, -20.781665802001953, 23.23518943786621, 124.3293228149414, 300.656005859375, 43.02255630493164, 20.376705169677734, 177.7021484375, 366.6915283203125, 104.13432312011719, -112.55054473876953, 282.8981018066406, 595.55224609375]
[-4.350105285644531, 8.808154106140137, 65.8780746459961, 91.02165222167969, 19.394182205200195, -20.043455123901367, 65.23918151855469, 398.2080993652344, 147.41360473632812, 6.774979591369629, 44.65166091918945, 170.60037231445312, 341.45025634765625, 172.5006866455078, 24.638002395629883, 80.48856353759766]
[-2.7784225940704346, 1.7174012660980225, 52.781219482421875, 100.68455505371094, 67.1505355834961, 3.9920194149017334, -13.027250289916992, 113.73477172851562, 201.25765991210938, 188.75234985351562, -3.950662612915039, 43.67964553833008, 135.6250762939453, 703.52099609375, 516.3208618164062, 18.806011199951172]
[-2.3921873569488525, -0.8203701376914978, 36.760772705078125, 87.5474624633789, 97.80437469482422, 36.69099426269531, -40.33621597290039, 15.410274505615234, 130.1914520263672, 182.0470733642578, 216.7471923828125, 54.4874267578125, 16.954687118530273, 26.96170997619629, 316.35968017578125, 444.0049133300781]
[-1.6753498315811157, -4.643113136291504, 21.39754867553711, 79.4446792602539, 126.51978302001953, 99.8338623046875, 68.66900634765625, -18.728429794311523, 30.586767196655273, 124.2186279296875, 260.34326171875, 206.6125030517578, 146.97232055664062, 7.071972846984863, -32.581016540527344, 137.74803161621094]
[-0.7354198098182678, -8.521710395812988, 4.554827690124512, 53.97419738769531, 103.48009490966797, 142.03909301757812, 191.85107421875, 43.4404411315918, -63.29325866699219, -5.759866714477539, 68.57329559326172, 203.54095458984375, 291.58184814453125, 279.3259582519531, 160.5443572998047, 4.814296722412109]
[0.5405992269515991, -9.367637634277344, -3.8879222869873047, 26.431739807128906, 74.7103500366211, 117.81832122802734, 154.76962280273438, 120.26690673828125, 80.85919952392578, -2.6999454498291016, -121.20187377929688, -4.813427925109863, 164.4420928955078, 244.714599609375, 294.9673156738281, 524.3951416015625]
[1.7228773832321167, -4.730931282043457, -5.9611077308654785, -7.130389213562012, 36.00556945800781, 88.89620208740234, 148.35279846191406, 218.37779235839844, 245.58685302734375, 145.03065490722656, 99.9207992553711, 67.90003204345703, -99.91356658935547, 70.95954895019531, 68.3558578491211, 118.19303894042969]
[3.3720548152923584, -3.7114031314849854, -8.795999526977539, -11.072549819946289, -13.616700172424316, 37.43195343017578, 78.7970962524414, 130.9537811279297, 239.61001586914062, 289.6312561035156, 270.2495422363281, 382.71759033203125, 315.60552978515625, 131.23529052734375, 33.76102066040039, 107.14287567138672]
[4.577512741088867, 2.8631038665771484, -11.362847328186035, -19.989845275878906, -29.12975311279297, -29.520484924316406, 3.862677812576294, 28.660932540893555, 73.1194076538086, 112.81553649902344, 198.75343322753906, 488.2486877441406, 388.5484619140625, 466.8194580078125, 322.6194763183594, 383.5934753417969]
[6.4453043937683105, 8.01158618927002, 1.9206429719924927, -9.687628746032715, -8.691239356994629, -40.4567756652832, -34.51164245605469, -30.483179092407227, 4.102515697479248, -43.702388763427734, 28.763280868530273, 13.788434028625488, 43.84384536743164, 77.70296478271484, 139.53477478027344, 209.3128662109375]
[8.140803337097168, 14.155659675598145, 19.332252502441406, 18.4160213470459, 13.905269622802734, 20.723064422607422, 9.433877944946289, -13.87955093383789, -9.239267349243164, 26.1643009185791, -0.6667708158493042, -99.59540557861328, -115.30191040039062, -141.11441040039062, 62.73198699951172, 93.10479736328125]
[10.0, 21.44847297668457, 34.41559600830078, 47.5163688659668, 60.59283447265625, 83.9239730834961, 98.87723541259766, 131.6733856201172, 117.5126953125, 174.26837158203125, 367.4924621582031, 207.95533752441406, 234.7462615966797, 193.84364318847656, 308.1217956542969, 205.37937927246094]
[11.724345207214355, 27.589462280273438, 48.02117919921875, 77.05891418457031, 101.08197784423828, 141.6845703125, 158.58087158203125, 180.51438903808594, 246.70254516601562, 190.43215942382812, 456.2870178222656, 305.5286865234375, 202.0118865966797, 236.09817504882812, 262.1432800292969, 568.1204223632812]
[13.465035438537598, 35.35972595214844, 63.779052734375, 95.8425521850586, 116.51889038085938, 145.52987670898438, 129.79425048828125, 153.7347869873047, 131.4313201904297, 132.83485412597656, 195.73301696777344, 76.89984893798828, -62.10564422607422, 39.54097366333008, 77.34980773925781, -105.44671630859375]
[15.188949584960938, 40.27513885498047, 66.70193481445312, 95.5528564453125, 102.12981414794922, 101.457275390625, 85.58153533935547, 60.639102935791016, 23.75209617614746, 20.447174072265625, -118.05624389648438, 34.060665130615234, 43.5803337097168, 78.63256072998047, 167.32241821289062, 482.629638671875]
[16.897172927856445, 45.753082275390625, 76.19747161865234, 84.34770202636719, 83.54309844970703, 49.154762268066406, -0.23221109807491302, 1.2787163257598877, -10.025330543518066, -51.127323150634766, 87.06742095947266, 151.4035186767578, 247.24598693847656, 357.3313903808594, 734.4505004882812, 234.28887939453125]
[18.299087524414062, 45.07686996459961, 68.47958374023438, 69.00086212158203, 37.29648971557617, -20.393781661987305, -29.919635772705078, -11.075188636779785, 73.75981140136719, 152.12344360351562, 255.42002868652344, 201.60704040527344, 225.98056030273438, 137.05543518066406, 80.5880355834961, -109.65653991699219]
[19.740123748779297, 46.62289810180664, 57.42756271362305, 38.55876922607422, -2.341583728790283, -0.37901103496551514, 7.6351094245910645, 86.81903839111328, 210.8038787841797, 502.09100341796875, 184.92283630371094, 75.7010726928711, 14.53961181640625, -12.744963645935059, 106.38233947753906, 250.0415496826172]
[20.484561920166016, 47.283416748046875, 46.64703369140625, 7.867711067199707, -15.850560188293457, 15.521632194519043, 88.96641540527344, 142.11146545410156, 188.7682342529297, 244.42489624023438, 53.78166961669922, -26.966262817382812, 12.389111518859863, 460.87310791015625, 221.96905517578125, 265.7227478027344]
[22.419618606567383, 44.310264587402344, 31.045236587524414, -5.337473392486572, -17.95440101623535, 59.9039306640625, 132.19021606445312, 144.56781005859375, 87.55360412597656, -106.21269226074219, -7.6689558029174805, 129.9607696533203, 385.1977233886719, 622.8754272460938, 141.6758575439453, -18.1484317779541]
[23.082490921020508, 39.222530364990234, 17.043045043945312, -12.894268989562988, 15.028550148010254, 103.00714874267578, 174.1942138671875, 81.83306121826172, -35.19399642944336, -48.47956085205078, 158.3053741455078, 220.07603454589844, 166.15243530273438, 51.85064697265625, -14.256512641906738, 158.7151336669922]
[23.002017974853516, 34.323280334472656, 4.912898063659668, -14.481375694274902, 61.44718551635742, 140.06317138671875, 96.37247467041016, -42.32624435424805, 19.646066665649414, 184.95742797851562, 205.19808959960938, 137.8914794921875, -73.70654296875, -45.313865661621094, 202.29251098632812, 317.2321472167969]
[24.567970275878906, 28.48091697692871, -7.144777774810791, 8.610664367675781, 97.00414276123047, 141.97996520996094, 17.333253860473633, -0.8924323916435242, 263.62158203125, 234.33694458007812, 110.3576431274414, -138.30479431152344, 57.75975799560547, 290.893798828125, 246.0116729736328, 37.48884582519531]
[24.588937759399414, 22.297740936279297, -14.288015365600586, 34.972251892089844, 133.65365600585938, 72.32463836669922, 0.5643033385276794, 56.758522033691406, 401.5754699707031, 134.39315795898438, -60.506656646728516, 93.15795135498047, 205.04957580566406, 161.3029327392578, -105.3327865600586, 84.91873931884766]
[24.690309524536133, 15.464207649230957, -9.9497709274292, 58.66950607299805, 126.1596450805664, 8.036178588867188, 1.2268773317337036, 173.26541137695312, 136.26222229003906, 4.7196364402771, 24.126314163208008, 336.38330078125, 316.4573669433594, -133.17953491210938, 173.35792541503906, 442.53741455078125]
[23.743038177490234, 8.877069473266602, 1.1757540702819824, 82.90106201171875, 73.7433090209961, -35.62578201293945, 73.37361907958984, 230.96713256835938, 37.94758224487305, -40.73556900024414, 279.4679870605469, 182.1308135986328, -53.72209548950195, 185.73797607421875, 242.19480895996094, 108.26604461669922]
[23.836593627929688, 1.2703921794891357, 7.800665378570557, 88.4352798461914, 37.8231201171875, 4.4647746086120605, 168.04367065429688, 123.32804870605469, -19.637041091918945, 139.0655059814453, 158.4740447998047, -119.29624938964844, 227.0911865234375, 258.6733703613281, -27.603012084960938, 39.43523025512695]
[22.78277015686035, -2.327082633972168, 23.02802085876465, 93.19312286376953, -10.261194229125977, 34.774906158447266, 177.1334228515625, 6.778039455413818, 30.070125579833984, 186.70127868652344, 5.902741432189941, 121.32518005371094, 204.66531372070312, 64.70374298095703, 66.79855346679688, 681.34521484375]
[22.310836791992188, -8.404281616210938, 40.27726364135742, 81.97857666015625, -13.645609855651855, 111.8192138671875, 107.75456237792969, -12.106402397155762, 147.8835906982422, 122.28649139404297, 6.928701877593994, 481.050048828125, 119.1711196899414, 15.701775550842285, 392.4745178222656, 180.91201782226562]
[21.093576431274414, -6.104705333709717, 54.4505615234375, 50.3926887512207, -20.8046932220459, 160.0161590576172, 16.966630935668945, 52.18775177001953, 203.29986572265625, -78.33258056640625, 139.77081298828125, 428.8892517089844, -132.72471618652344, 360.7970886230469, 138.6959228515625, -70.68033599853516]
[19.78412628173828, -9.08202838897705, 66.53321075439453, 22.64519500732422, 21.14014434814453, 142.35952758789062, -23.139644622802734, 290.73638916015625, 107.17134857177734, -17.31006622314453, 252.56910705566406, 28.690980911254883, 155.8417510986328, 290.4234619140625, 63.52767562866211, 254.89947509765625]
[18.175411224365234, -5.447215557098389, 76.0077896118164, -3.1624772548675537, 62.77220916748047, 98.13031768798828, 4.597760200500488, 332.5169677734375, -31.984901428222656, 177.73130798339844, 130.15565490722656, -43.84459686279297, 195.48373413085938, -20.372615814208984, 485.8529357910156, 145.36683654785156]
[17.056861877441406, -4.085350513458252, 77.27025604248047, -9.837130546569824, 108.49848175048828, 31.467004776000977, 63.46098327636719, 137.2530059814453, 28.314659118652344, 201.8444366455078, -36.45663833618164, 284.1300964355469, 84.7953872680664, 114.72036743164062, 477.4566345214844, -98.93836975097656]
[15.07890510559082, 2.5264060497283936, 63.03338623046875, -18.177865982055664, 137.50852966308594, 0.035112351179122925, 140.23690795898438, 32.836265563964844, 114.80581665039062, 114.85971069335938, 59.67304992675781, 285.5000305175781, -41.17070007324219, 415.6422424316406, -172.9657745361328, 500.10748291015625]
[13.6174955368042, 7.627660274505615, 52.781681060791016, -1.3034731149673462, 120.09741973876953, -9.534053802490234, 200.17674255371094, -32.23851776123047, 213.67579650878906, -23.608654022216797, 462.96954345703125, 51.419342041015625, 179.8553924560547, 63.88856506347656, 164.44329833984375, 185.4820098876953]
[11.697603225708008, 14.869532585144043, 42.345706939697266, 23.822021484375, 77.1213607788086, 30.213214874267578, 136.4251708984375, -2.601316213607788, 161.22914123535156, -23.718772888183594, 535.4432983398438, 60.125587463378906, 290.5180969238281, -64.38665771484375, 213.77490234375, 71.54373168945312]
[10.0, 21.37017250061035, 25.973318099975586, 47.97075271606445, 34.326812744140625, 84.04149627685547, 41.95927810668945, 122.55419158935547, 37.28406524658203, 157.9871063232422, 6.517310619354248, 178.23419189453125, 28.792339324951172, 546.3400268554688, 109.79712677001953, 326.4643249511719]
[8.238131523132324, 28.829463958740234, 9.421974182128906, 73.20600128173828, -5.96987771987915, 117.95470428466797, -71.27809143066406, 232.92526245117188, -32.132991790771484, 177.50042724609375, -58.43328857421875, 253.8180694580078, -10.100156784057617, 519.3640747070312, 61.21268844604492, 209.5050506591797]
[6.451508045196533, 34.807682037353516, -0.14404550194740295, 89.49095916748047, -13.714001655578613, 146.19801330566406, -15.988728523254395, 165.3258819580078, 20.005207061767578, 120.65608215332031, 134.7384490966797, 67.48902130126953, 215.71649169921875, -104.05992889404297, 320.8760681152344, -90.84306335449219]
[4.881317138671875, 38.58449935913086, -11.995453834533691, 95.28607177734375, -2.4736721515655518, 119.77291107177734, 104.56092071533203, 64.01265716552734, 178.4531707763672, -10.319788932800293, 280.81793212890625, 29.80716896057129, 272.98797607421875, 38.510982513427734, 133.0821533203125, 298.5347900390625]
[3.103405714035034, 44.4703254699707, -7.415569305419922, 89.01252746582031, 27.944440841674805, 51.048126220703125, 124.6871566772461, -4.758916854858398, 180.3404998779297, 26.838546752929688, 157.24453735351562, 144.57508850097656, -6.175817012786865, 444.4340515136719, -141.4486541748047, 345.5867004394531]
[1.7333810329437256, 48.1937141418457, -4.105787754058838, 64.95805358886719, 61.39680480957031, -5.907613277435303, 192.8589630126953, -10.305386543273926, 131.7381591796875, 145.2802276611328, -11.584261894226074, 208.78329467773438, 84.9556884765625, 134.3463897705078, 312.8565368652344, 68.03953552246094]
[-0.1533137410879135, 48.47780227661133, 3.2092134952545166, 38.659584045410156, 97.18437957763672, -45.78408432006836, 123.61607360839844, 92.14857482910156, -50.05486297607422, 403.6212463378906, 20.427684783935547, 101.35970306396484, 210.25917053222656, -114.36418914794922, 263.671630859375, 504.4429016113281]
[-1.214436650276184, 47.94730758666992, 13.369166374206543, 7.616464138031006, 128.31283569335938, -10.662311553955078, 58.31767654418945, 204.08541870117188, -69.79912567138672, 271.45098876953125, 271.5482177734375, -39.07491683959961, 438.9041442871094, 209.5460968017578, -164.17344665527344, 767.4738159179688]
[-2.250983238220215, 45.20502853393555, 29.039350509643555, -16.835289001464844, 106.06793212890625, 59.900577545166016, -23.395132064819336, 152.685791015625, 93.2994384765625, -72.44766235351562, 284.578125, 123.25334167480469, 11.84139633178711, 271.3797607421875, 167.18258666992188, 2.8555047512054443]
[-2.85418963432312, 41.927330017089844, 43.4798469543457, -7.714599609375, 83.87104797363281, 124.47534942626953, -2.0137083530426025, 83.48422241210938, 221.59046936035156, -9.867673873901367, 71.4432373046875, 347.2234191894531, 77.0272445678711, 64.60397338867188, 400.0152587890625, 159.5816192626953]
[-3.818834066390991, 35.82054901123047, 61.808876037597656, -20.64763832092285, 34.48748779296875, 166.76809692382812, 46.68540573120117, 13.308648109436035, 157.97811889648438, 145.2146759033203, -39.68263244628906, 137.6798858642578, 194.05648803710938, 3.957671642303467, 32.18985366821289, 416.22247314453125]
[-4.433318138122559, 29.188180923461914, 67.325439453125, 1.4537078142166138, -8.33482551574707, 138.7301025390625, 125.81095886230469, -57.54771041870117, 44.84680938720703, 289.24176025390625, 109.53319549560547, -3.632683277130127, 163.36669921875, 247.3155059814453, 126.85198211669922, -35.61825180053711]
[-4.043968200683594, 22.150991439819336, 70.08653259277344, 34.196475982666016, -32.832828521728516, 70.6312255859375, 139.2787628173828, 58.816097259521484, -112.41152954101562, 130.2081756591797, 308.5263977050781, 180.15907287597656, -159.57969665527344, 193.0192413330078, 710.8626708984375, 110.47928619384766]
[-4.070706367492676, 14.948858261108398, 68.17504119873047, 59.02182388305664, -20.435588836669922, 20.461156845092773, 130.04339599609375, 168.4286346435547, 23.053295135498047, -18.334474563598633, 142.78053283691406, 502.72088623046875, 106.647705078125, -39.83134841918945, 266.7759704589844, 265.010498046875]
[-4.53060245513916, 9.042985916137695, 65.10945129394531, 75.8595199584961, 27.903804779052734, -30.778610229492188, 63.67525863647461, 218.84739685058594, 274.25042724609375, 38.146732330322266, -51.829345703125, 163.56387329101562, 215.48483276367188, 154.07095336914062, -7.45007848739624, -13.623373985290527]
[-3.449204444885254, 2.8127429485321045, 52.60269546508789, 90.4651870727539, 67.36534881591797, -26.518535614013672, -1.6724599599838257, 103.19499206542969, 206.42718505859375, 155.3388671875, -53.88580322265625, -62.37537384033203, 136.9072723388672, 236.25662231445312, 213.059814453125, 125.7291259765625]
[-3.0565319061279297, -3.4758238792419434, 37.015045166015625, 95.28341674804688, 103.43118286132812, 33.213199615478516, -56.85121154785156, 34.52766799926758, 145.24769592285156, 188.13938903808594, 177.20455932617188, 36.03074645996094, -141.02920532226562, 87.89198303222656, 196.40029907226562, 564.4425048828125]
[-1.547784686088562, -8.704174995422363, 19.10312843322754, 73.4873046875, 106.62725067138672, 88.58952331542969, 21.226015090942383, -21.330286026000977, 36.04807662963867, 131.51365661621094, 283.2582092285156, 327.5364990234375, 157.70265197753906, 12.951126098632812, 51.04787063598633, 34.33932113647461]
[-1.1139694452285767, -7.9882612228393555, 7.188791751861572, 54.70088577270508, 119.52565002441406, 140.52716064453125, 108.30632019042969, 48.75643539428711, -24.47793197631836, 21.540849685668945, 76.02806854248047, 159.6296844482422, 339.156005859375, 556.1519775390625, 157.14122009277344, -2.3266184329986572]
[0.2499394714832306, -6.1679487228393555, -6.928904056549072, 24.138212203979492, 78.58528137207031, 149.72039794921875, 165.50900268554688, 153.388427734375, 75.95429992675781, 10.32442569732666, -131.92855834960938, -55.93828201293945, 87.97826385498047, 173.75840759277344, 476.0138244628906, 444.281005859375]
[2.025723934173584, -8.277085304260254, -12.967740058898926, -2.117196559906006, 32.929542541503906, 90.55623626708984, 127.78052520751953, 233.23318481445312, 185.4166717529297, 188.82606506347656, 189.38003540039062, 5.165510177612305, -78.2792739868164, -81.92256927490234, 94.082275390625, 115.25946807861328]
[2.944995164871216, -4.893486499786377, -15.362948417663574, -4.693972110748291, -13.466011047363281, 29.589698791503906, 77.45738983154297, 135.60919189453125, 183.71145629882812, 195.22625732421875, 431.55145263671875, 279.2244873046875, 184.2310333251953, 119.4773941040039, 4.374258041381836, -187.35800170898438]
[4.782482624053955, 0.344370573759079, -7.812741279602051, -19.974361419677734, -34.302005767822266, -3.2126336097717285, 16.939008712768555, 33.186649322509766, 69.85232543945312, 132.92959594726562, 202.3614044189453, 305.8522033691406, 358.5978698730469, 237.08619689941406, 301.286865234375, 769.2350463867188]
[6.444908618927002, 7.779678821563721, 5.876255989074707, -1.7520159482955933, 3.810070276260376, -16.575267791748047, -42.39312744140625, -15.23547649383545, -85.9711685180664, -82.71944427490234, -9.704024314880371, 71.02587127685547, 67.16944122314453, 88.41608428955078, 136.55557250976562, 421.68414306640625]
[8.160345077514648, 14.557474136352539, 17.707910537719727, 22.720218658447266, 27.8112735748291, 8.585203170776367, 12.47968864440918, 22.1689453125, 35.282135009765625, -21.29586410522461, 33.370338439941406, 46.7616081237793, -50.425262451171875, -75.82874298095703, -172.390380859375, -118.63323211669922]
[10.0, 21.38014793395996, 34.344295501708984, 49.104942321777344, 63.06221008300781, 84.12197875976562, 99.16114807128906, 225.60769653320312, 145.3772735595703, 177.31622314453125, 203.01316833496094, 227.41354370117188, 250.18292236328125, 208.8459930419922, 192.00184631347656, 282.76861572265625]
[11.749122619628906, 28.499879837036133, 49.032527923583984, 72.0241470336914, 114.92933654785156, 152.239501953125, 189.41099548339844, 427.6625061035156, 189.27391052246094, 193.93544006347656, 303.3072204589844, 222.54519653320312, 566.9136352539062, 293.4823303222656, 294.82342529296875, 288.2097473144531]
[13.458600044250488, 33.86888122558594, 65.00422668457031, 90.10921478271484, 135.66038513183594, 141.21669006347656, 138.4312286376953, 136.31883239746094, 146.83168029785156, 123.29918670654297, 84.62315368652344, 34.78010177612305, 11.227652549743652, -132.57452392578125, -230.05990600585938, -75.69916534423828]
[15.081546783447266, 39.53105163574219, 72.60320281982422, 106.41456604003906, 126.41441345214844, 95.08200073242188, 90.33104705810547, 47.385650634765625, 20.54237174987793, 3.2156763076782227, -12.379999160766602, -22.214920043945312, 51.4827766418457, 116.3724365234375, 330.7188415527344, 222.00601196289062]
[16.66141128540039, 45.53657913208008, 68.1553726196289, 86.20537567138672, 79.26264190673828, 50.54677963256836, -11.5982027053833, -13.366877555847168, -63.17760467529297, -16.878137588500977, 64.99934387207031, 197.9974822998047, 181.80934143066406, 256.2501220703125, 753.8226928710938, 322.400634765625]
[18.352346420288086, 46.70296859741211, 64.03009033203125, 64.78929138183594, 35.56785202026367, -13.760007858276367, -11.00633430480957, 17.039546966552734, 52.72895431518555, 169.96324157714844, 267.8101501464844, 251.81048583984375, 228.38877868652344, 133.4764404296875, 7.564948558807373, -227.8663787841797]
[19.82863998413086, 50.357791900634766, 58.568359375, 38.692283630371094, -12.790602684020996, -49.748146057128906, 0.8985992074012756, 90.1066665649414, 202.74073791503906, 474.6554260253906, 160.38479614257812, 175.0268096923828, -69.90502166748047, -79.38525390625, 74.92447662353516, 177.67724609375]
[20.35957145690918, 50.18252944946289, 44.20933532714844, 16.38072967529297, -27.478267669677734, -3.352952003479004, 92.07461547851562, 158.70135498046875, 231.5558624267578, 235.69772338867188, 39.0585823059082, -10.308899879455566, 78.87010955810547, 244.560546875, 403.876220703125, 258.4100036621094]
[21.370683670043945, 44.68475341796875, 31.050697326660156, -14.028767585754395, -15.220988273620605, 59.86252212524414, 178.1598663330078, 150.5049285888672, 87.6099853515625, -81.51675415039062, -28.156478881835938, 245.65345764160156, 254.1700897216797, 666.1893310546875, 144.0028076171875, -44.28419494628906]
[22.580198287963867, 42.16966247558594, 14.0628080368042, -27.244625091552734, 16.630348205566406, 130.70339965820312, 168.67367553710938, 82.14569854736328, -72.42290496826172, -1.7479826211929321, 156.212646484375, 259.91082763671875, 166.3395233154297, -84.14492797851562, -139.92861938476562, 158.48519897460938]
[23.19611930847168, 36.084388732910156, 0.8915421962738037, -4.306021690368652, 65.556884765625, 120.46076965332031, 105.16736602783203, -1.7942087650299072, -29.122682571411133, 190.23965454101562, 270.70806884765625, 129.94485473632812, 45.66538619995117, 109.00566864013672, 296.97442626953125, 487.663818359375]
[23.255125045776367, 28.85025405883789, -5.163421630859375, 5.455031394958496, 104.83454895019531, 124.31362915039062, 27.443893432617188, -61.01212692260742, 117.80293273925781, 211.38137817382812, 110.6096420288086, -67.84611511230469, 104.1438980102539, 250.00242614746094, 329.18267822265625, 50.62941360473633]
[24.69048500061035, 22.250667572021484, -14.590943336486816, 34.90495300292969, 122.9578628540039, 71.65502166748047, -58.93450927734375, 60.50548553466797, 256.80694580078125, 131.98117065429688, -92.24574279785156, 75.73485565185547, 250.06103515625, 158.1724395751953, 98.02949523925781, 228.72930908203125]
[23.80299186706543, 15.014533042907715, -10.38257884979248, 61.85538101196289, 119.35651397705078, 7.643613815307617, 11.737602233886719, 137.17703247070312, 144.55758666992188, -19.391159057617188, 39.83856964111328, 326.2902526855469, 175.55972290039062, -144.2362060546875, 157.91392517089844, 824.7830200195312]
[24.057178497314453, 9.35380744934082, -0.9588634967803955, 80.47743225097656, 75.62999725341797, -44.53633499145508, 74.14883422851562, 161.28660583496094, 49.944427490234375, -45.62034225463867, 251.530517578125, 153.74392700195312, -12.111069679260254, 149.47166442871094, 268.2638854980469, 125.84440612792969]
[23.75562858581543, 0.8755568265914917, 6.60019588470459, 102.62803649902344, 37.55156707763672, 4.366542339324951, 134.51809692382812, 99.33988952636719, -113.1852035522461, 167.91195678710938, 162.3419952392578, 40.10721206665039, 123.40679168701172, 267.4371643066406, -86.0528564453125, 127.11758422851562]
[23.268285751342773, -3.79842472076416, 24.246627807617188, 100.03112030029297, 4.943994522094727, 36.37490463256836, 189.8285675048828, -9.474631309509277, 87.97252655029297, 214.07997131347656, 15.837724685668945, 71.27217102050781, 285.50848388671875, 74.69469451904297, 105.7519302368164, 537.6658325195312]
[21.744064331054688, -6.940123081207275, 38.815650939941406, 82.3997573852539, -6.298921585083008, 105.18174743652344, 123.55086517333984, 5.018091678619385, 156.62489318847656, 117.77692413330078, -104.97993469238281, 196.53160095214844, 118.84801483154297, 58.70351028442383, 329.5069580078125, 121.5074691772461]
[20.39731788635254, -8.29256534576416, 51.4576301574707, 53.161556243896484, -4.156829357147217, 160.7781982421875, 17.112972259521484, 29.166688919067383, 166.93235778808594, 36.02677536010742, 307.92236328125, 226.72039794921875, -86.53929138183594, 246.9962615966797, 242.52297973632812, 34.86900329589844]
[19.69300651550293, -7.2316575050354, 63.87591552734375, 22.840917587280273, 14.890286445617676, 130.9727783203125, 1.2215111255645752, 160.89268493652344, 108.812255859375, 35.27493667602539, 236.62586975097656, 65.49251556396484, 186.72120666503906, 231.68495178222656, -97.65665435791016, 397.9754333496094]
[18.169769287109375, -5.4674224853515625, 76.8982925415039, -2.490598440170288, 63.82456970214844, 87.0897445678711, -19.13277244567871, 176.7001953125, -0.7845615148544312, 176.5238494873047, 122.61771392822266, 47.64986801147461, 529.7162475585938, 72.87330627441406, 544.4711303710938, 126.06878662109375]
[17.089479446411133, -0.8650624752044678, 66.07038116455078, -10.207573890686035, 96.99028015136719, 31.79166603088379, 61.88322830200195, 115.50322723388672, 2.8646397590637207, 235.2518768310547, -10.94450855255127, 176.82904052734375, 168.29612731933594, 117.3843002319336, 214.56617736816406, 113.01051330566406]
[15.188530921936035, 3.4103810787200928, 64.15985870361328, -13.755302429199219, 114.40081024169922, -9.216279983520508, 165.1310272216797, 21.55528450012207, 116.67823791503906, 124.1316909790039, 2.8215391635894775, 254.41427612304688, -41.16963195800781, 296.69384765625, -184.07296752929688, 292.59014892578125]
[13.424811363220215, 6.806619644165039, 59.440277099609375, -3.95784068107605, 121.05451965332031, -27.892534255981445, 155.54319763183594, -38.411720275878906, 212.03944396972656, 9.471514701843262, 182.1040496826172, -6.982715129852295, 205.5656280517578, 56.39616394042969, 169.84286499023438, 191.43594360351562]
[11.726841926574707, 14.509204864501953, 43.07355499267578, 18.7200870513916, 85.14915466308594, 27.235637664794922, 141.02273559570312, 7.465372085571289, 156.541259765625, 35.2646484375, 164.8149871826172, -97.89783477783203, 358.30072021484375, -26.72679901123047, 224.0137481689453, 41.199405670166016]
[10.0, 21.347524642944336, 26.09442138671875, 49.91923522949219, 35.1866455078125, 84.5327377319336, 43.3304443359375, 129.782470703125, 37.84844970703125, 187.7308807373047, 60.18412399291992, 199.88832092285156, -9.7984619140625, 515.8023681640625, 48.01075744628906, 353.2227478027344]
[8.315549850463867, 28.896316528320312, 11.323769569396973, 74.40033721923828, 4.883488655090332, 139.9741973876953, -27.046409606933594, 151.5424346923828, -17.94727897644043, 209.4874267578125, -64.09498596191406, 553.854736328125, -15.590677261352539, 604.0172729492188, 73.61224365234375, 438.650146484375]
[6.641386032104492, 35.72041320800781, -1.6813668012619019, 95.43412017822266, -17.227928161621094, 165.191650390625, -26.667871475219727, 182.5966339111328, 44.411739349365234, 122.8676986694336, 131.08384704589844, 93.33358001708984, 255.40582275390625, -163.79946899414062, 477.0893249511719, 12.634908676147461]
[4.728062629699707, 38.482242584228516, -8.447622299194336, 92.51393127441406, -23.04014778137207, 117.93289184570312, 48.13176345825195, 48.13248062133789, 188.69908142089844, 13.604510307312012, 280.2267761230469, -53.080081939697266, 278.9725646972656, 110.48204040527344, 139.4300537109375, 470.5976867675781]
[3.3217408657073975, 43.408042907714844, -11.81611442565918, 87.40049743652344, 18.211881637573242, 46.5771598815918, 141.12149047851562, -60.163238525390625, 217.5977020263672, -18.596864700317383, 155.42149353027344, 171.19363403320312, 31.603294372558594, 403.8605651855469, -165.3796844482422, 356.54296875]
[1.5909528732299805, 46.2767333984375, -8.872733116149902, 66.94469451904297, 66.24763488769531, -18.870227813720703, 167.65411376953125, -45.93369674682617, 106.02913665771484, 166.419921875, 18.40969467163086, 217.44712829589844, 6.178956985473633, 136.6569061279297, 206.07752990722656, -217.61865234375]
[0.6422877311706543, 49.988075256347656, -2.865678310394287, 38.436466217041016, 112.21305847167969, -28.40853500366211, 148.32318115234375, 173.98211669921875, 8.187779426574707, 494.7305908203125, 58.73418045043945, 88.31079864501953, 306.134765625, -38.611297607421875, 228.516845703125, 248.68067932128906]
[-0.7537999153137207, 49.93893814086914, 13.517457962036133, 11.004244804382324, 125.32229614257812, -12.509161949157715, 57.00804138183594, 400.76416015625, -73.14893341064453, 224.4175567626953, 260.1128234863281, 6.709070682525635, 226.51211547851562, 164.7854461669922, -42.655799865722656, 368.055908203125]
[-1.8243951797485352, 46.181488037109375, 28.84343719482422, -6.986645698547363, 102.07548522949219, 59.868309020996094, -11.7980318069458, 175.8721923828125, 92.1749038696289, -15.030329704284668, 233.05682373046875, 124.66715240478516, -26.593252182006836, 386.77154541015625, 168.39688110351562, 95.80493927001953]
[-2.801792621612549, 40.98404312133789, 45.284488677978516, -25.844614028930664, 83.92781066894531, 125.70506286621094, -54.26285171508789, 81.89269256591797, 235.5185089111328, -24.178115844726562, 65.54153442382812, 221.16758728027344, 11.060885429382324, -91.09317779541016, 720.1917114257812, 159.06944274902344]
[-3.168771505355835, 34.11109924316406, 57.77045822143555, -0.6480370759963989, 34.06925964355469, 151.0614013671875, 27.79959487915039, -28.246376037597656, 174.06455993652344, 165.55970764160156, -106.30933380126953, 131.4667510986328, 192.13645935058594, 35.99338912963867, 63.06584930419922, 503.96563720703125]
[-4.256433963775635, 29.176538467407227, 73.38771057128906, 10.03482723236084, 8.492079734802246, 123.39981079101562, 113.30977630615234, -24.555635452270508, 55.916419982910156, 272.1717224121094, 109.79931640625, -47.57930374145508, 169.29576110839844, 300.42926025390625, 141.6382598876953, 32.06462097167969]
[-4.081971645355225, 22.072235107421875, 69.97909545898438, 33.18174743652344, -13.431588172912598, 73.23311614990234, 142.9456787109375, 67.2920913696289, -78.72586059570312, 132.6830291748047, 242.86221313476562, 84.23993682861328, -130.60081481933594, 198.0908203125, 433.4185485839844, 141.25254821777344]
[-4.357477188110352, 14.592032432556152, 74.49459075927734, 64.27571868896484, -4.213506698608398, 25.1093692779541, 161.8033905029297, 173.63827514648438, 18.26472282409668, 32.23046875, 345.1801452636719, 293.3208312988281, 113.08148193359375, -86.18535614013672, 123.46559143066406, 457.6285095214844]
[-4.304811477661133, 7.67909049987793, 64.68876647949219, 85.7945556640625, 14.496623039245605, -2.885432481765747, 65.7706069946289, 175.7352294921875, 164.0258331298828, 2.2620432376861572, -24.567644119262695, 179.70361328125, 588.2349243164062, 175.94212341308594, 72.48137664794922, -34.9615364074707]
[-3.832628011703491, 1.521439790725708, 51.88844680786133, 104.56087493896484, 61.21327209472656, -4.771032333374023, -18.112648010253906, 120.01919555664062, 267.1825866699219, 149.56719970703125, 7.870196342468262, 44.4177360534668, 259.3268127441406, 296.90960693359375, 368.5169372558594, -16.569110870361328]
[-3.1386873722076416, -0.675001323223114, 37.200416564941406, 97.18925476074219, 90.05473327636719, 39.32810974121094, -47.16816329956055, 7.677478313446045, 271.15576171875, 250.53871154785156, 208.3143310546875, 48.89063262939453, -180.89695739746094, 22.771747589111328, 289.0132141113281, 894.8728637695312]
[-2.0971643924713135, -6.1057209968566895, 20.578121185302734, 72.9697265625, 120.39714813232422, 112.40647888183594, 39.444129943847656, -1.4123520851135254, 7.994740009307861, 125.50428009033203, 250.6549530029297, 185.55250549316406, 155.5881805419922, -91.61041259765625, -204.6661376953125, 161.38980102539062]
[-0.5776216387748718, -6.053946495056152, 5.65113639831543, 54.079681396484375, 113.01373291015625, 118.06623840332031, 117.18473815917969, 23.318403244018555, -99.75005340576172, -24.817466735839844, 68.61186981201172, 162.65310668945312, 256.32928466796875, 627.7258911132812, 168.75575256347656, -88.68260955810547]
[0.3119770586490631, -10.617890357971191, -0.2586756944656372, 27.673498153686523, 83.40180206298828, 153.82867431640625, 181.78330993652344, 154.00645446777344, 82.09851837158203, 24.824180603027344, -63.08817672729492, -65.66893768310547, 71.42264556884766, 413.5433044433594, 423.82244873046875, 281.7030334472656]
[2.075597047805786, -3.9349732398986816, -8.765137672424316, -4.729147911071777, 33.81772994995117, 89.2890853881836, 141.2332000732422, 229.3131103515625, 150.87806701660156, 163.21539306640625, 84.9344253540039, 71.402099609375, -90.24284362792969, -133.9270477294922, 57.26599884033203, 138.6266632080078]
[3.101276159286499, -4.3866424560546875, -15.424348831176758, -6.54718542098999, 8.772317886352539, 22.5225887298584, 159.91476440429688, 149.86000061035156, 225.36883544921875, 196.8809051513672, 192.64271545410156, 583.372802734375, 187.95042419433594, 111.68610382080078, 56.772850036621094, 57.776432037353516]
[4.908215045928955, 1.9445539712905884, -7.2148661613464355, -6.707789897918701, -20.680437088012695, -22.515975952148438, -23.676427841186523, 44.93788528442383, 63.348411560058594, 114.51864624023438, 205.76832580566406, 498.1907958984375, 331.2096862792969, 377.49749755859375, 344.6805419921875, 303.99639892578125]
[6.60906982421875, 6.470855712890625, 2.9573476314544678, -11.086811065673828, -16.83611297607422, -11.58730697631836, -73.71395111083984, -45.532772064208984, -72.31855773925781, -21.593711853027344, 52.74001693725586, 38.18781280517578, 50.81636428833008, 67.93585968017578, 132.54917907714844, 171.694580078125]
[8.14932918548584, 14.878938674926758, 19.863449096679688, 19.105735778808594, 25.404022216796875, 9.920920372009277, 34.3712043762207, 30.62128448486328, 28.56583023071289, 10.495944023132324, 49.3612174987793, 36.921905517578125, -24.94472312927246, 51.96942138671875, 98.45008087158203, -141.9788818359375]
[10.0, 21.489669799804688, 34.53232192993164, 46.8927001953125, 67.42552947998047, 80.856689453125, 98.54293823242188, 120.650390625, 146.2344207763672, 144.85101318359375, 169.6773223876953, 179.73031616210938, 206.5268096923828, 307.62481689453125, 642.5750122070312, 216.3032989501953]
[11.841349601745605, 29.1766414642334, 50.98442840576172, 71.97428894042969, 102.42671203613281, 120.82518768310547, 175.7379913330078, 179.58750915527344, 167.9203643798828, 196.1102294921875, 263.674072265625, 251.243896484375, 232.183837890625, 189.16738891601562, 501.66180419921875, 262.7228698730469]
[13.562841415405273, 35.074363708496094, 58.05097198486328, 99.50421142578125, 109.97999572753906, 140.3544464111328, 172.85415649414062, 140.3175506591797, 135.44175720214844, 131.71414184570312, 99.05772399902344, 56.18842697143555, 25.15187644958496, -116.92047882080078, -46.342994689941406, 9.828461647033691]
[15.140518188476562, 41.87355041503906, 67.00791931152344, 101.55546569824219, 107.13123321533203, 122.21656036376953, 92.10411071777344, 48.32722854614258, 28.94951057434082, -25.953718185424805, -81.9655990600586, -129.30160522460938, -49.21210479736328, 24.893285751342773, 164.71971130371094, 297.7589111328125]
[16.721086502075195, 45.10410690307617, 73.11209106445312, 84.80445098876953, 72.48225402832031, 47.67693328857422, -5.098376274108887, -14.721982955932617, -66.37349700927734, 18.812313079833984, 74.56782531738281, 168.64303588867188, 295.0194396972656, 204.5825958251953, 251.65750122070312, 337.4606628417969]
[18.27969741821289, 47.58481216430664, 73.13819122314453, 68.54185485839844, 39.20362091064453, 10.135371208190918, -9.086474418640137, -44.65948486328125, 60.55560302734375, 179.13084411621094, 221.73306274414062, 340.91436767578125, 173.87901306152344, 138.68556213378906, -12.031547546386719, -135.3336944580078]
[19.29374885559082, 46.20100784301758, 61.88136291503906, 38.54766082763672, -13.114110946655273, -8.33924388885498, 23.888500213623047, 87.56464385986328, 192.22898864746094, 569.648681640625, 217.95252990722656, 99.99739837646484, -99.21343994140625, -65.15887451171875, -10.916391372680664, 406.6467590332031]
[21.42061996459961, 49.97627258300781, 47.496158599853516, 15.061785697937012, -4.677420139312744, 19.110700607299805, 86.41075134277344, 202.47235107421875, 247.18841552734375, 243.44149780273438, -0.0283526461571455, -122.85124206542969, 59.157291412353516, 176.35354614257812, 479.7693176269531, 640.5319213867188]
[21.60166358947754, 43.298011779785156, 31.00758171081543, -12.065454483032227, 2.7867679595947266, 59.8651008605957, 164.20326232910156, 182.98721313476562, 88.0101089477539, -43.27799606323242, -10.834458351135254, 127.12625122070312, 431.27801513671875, 322.30267333984375, 126.69055938720703, -194.97366333007812]
[22.45956802368164, 40.14999771118164, 13.275917053222656, -24.310134887695312, 16.745445251464844, 128.89137268066406, 134.46937561035156, 82.50930786132812, -61.906375885009766, 10.431626319885254, 188.6710205078125, 271.0829162597656, 386.7004699707031, 15.91927433013916, -47.419532775878906, 159.40310668945312]
[23.37758445739746, 36.81145095825195, 2.240561008453369, -1.6792387962341309, 61.863426208496094, 154.9192657470703, 112.56511688232422, -21.710416793823242, 34.97688293457031, 148.56101989746094, 577.0691528320312, 133.18319702148438, -82.89103698730469, 1.8779305219650269, 298.1806945800781, 306.2560119628906]
[24.076866149902344, 29.353771209716797, -6.8762407302856445, 4.640936851501465, 110.2425537109375, 110.29861450195312, 18.678863525390625, -9.937623023986816, 137.1610870361328, 207.75534057617188, 216.5949249267578, -121.38409423828125, 84.31832885742188, 578.8668823242188, 210.0860137939453, -39.95260238647461]
[23.550090789794922, 22.102685928344727, -7.968578338623047, 34.63325500488281, 120.18424987792969, 73.71697235107422, -22.68619155883789, 117.29866027832031, 245.2430419921875, 117.25993347167969, -59.79799270629883, 87.14322662353516, 260.6108703613281, 182.60482788085938, -144.43463134765625, 97.88340759277344]
[24.2546443939209, 14.665225982666016, -6.4125285148620605, 66.35759735107422, 114.61123657226562, 0.35395532846450806, -27.148019790649414, 358.0184631347656, 136.7576446533203, 26.059249877929688, 23.814453125, 291.0276794433594, 175.63775634765625, 10.058411598205566, 159.2809600830078, 205.479736328125]
[23.90322494506836, 8.964337348937988, -4.924461364746094, 88.20011901855469, 84.74541473388672, -27.438644409179688, 76.4756851196289, 188.61375427246094, 38.50495147705078, 6.0865068435668945, 292.3083801269531, 169.4390411376953, -33.49618911743164, 150.86167907714844, 453.09185791015625, -68.04530334472656]
[23.75189208984375, 1.2327817678451538, 10.474871635437012, 85.94896697998047, 34.524436950683594, -14.615263938903809, 175.45445251464844, 100.96453094482422, -37.21799850463867, 191.29513549804688, 230.9302978515625, 10.691006660461426, 126.27875518798828, 341.802978515625, 107.9793701171875, 130.66897583007812]
[22.704116821289062, -2.872131109237671, 24.389251708984375, 87.08771514892578, -11.686326026916504, 35.079444885253906, 182.91244506835938, 31.046159744262695, 33.778079986572266, 254.12713623046875, -17.780004501342773, 126.50991821289062, 264.0924072265625, -5.568554878234863, 85.756591796875, 520.9696044921875]
[21.446229934692383, -5.102044582366943, 40.209014892578125, 73.73633575439453, -18.101285934448242, 102.67579650878906, 113.61556243896484, -23.229686737060547, 175.18661499023438, 132.18450927734375, -37.12464904785156, 628.6748046875, 108.03633880615234, 48.51346969604492, 730.628173828125, 24.133567810058594]
[20.753446578979492, -9.311869621276855, 53.929046630859375, 53.727867126464844, -21.422876358032227, 159.75497436523438, 21.243629455566406, 26.699954986572266, 403.60919189453125, -60.54220199584961, 137.80599975585938, 398.4093017578125, 16.83788299560547, 294.58984375, 250.71954345703125, -118.60874938964844]
[19.398862838745117, -9.607766151428223, 65.67283630371094, 23.22249984741211, 20.763694763183594, 131.86781311035156, -52.23237228393555, 162.22689819335938, 205.35269165039062, -2.738290309906006, 331.1973571777344, -26.162464141845703, 188.55123901367188, 249.0699462890625, 15.092856407165527, 419.02642822265625]
[18.716400146484375, -5.5407819747924805, 72.43810272216797, -4.414108753204346, 63.48154067993164, 83.5383529663086, 17.117773056030273, 152.28465270996094, -43.55187225341797, 157.82423400878906, 134.46693420410156, -34.284828186035156, 212.40660095214844, -158.91339111328125, 363.2497253417969, 130.19239807128906]
[16.878461837768555, -3.6831612586975098, 77.96339416503906, -5.298703193664551, 99.26797485351562, 37.033714294433594, 63.16977310180664, 124.87896728515625, -34.934146881103516, 216.5250701904297, -27.055356979370117, 243.7281036376953, 28.743118286132812, 126.87834167480469, 238.11972045898438, 51.671058654785156]
[15.162439346313477, 1.912561058998108, 68.43994140625, -14.044981002807617, 121.59368133544922, -22.66975975036621, 152.60862731933594, 22.599821090698242, 113.49942016601562, 122.88740539550781, 53.5748291015625, 196.06573486328125, 55.977638244628906, 255.63914489746094, 41.24881362915039, 645.5616455078125]
[13.401264190673828, 7.969566345214844, 54.7476692199707, -3.980992317199707, 121.96692657470703, -25.402809143066406, 135.94854736328125, -14.873540878295898, 211.16915893554688, 18.66904640197754, 286.1465759277344, -14.350268363952637, 263.2083740234375, 104.28919982910156, 153.94068908691406, 379.8467712402344]
[11.840898513793945, 14.718500137329102, 41.11349105834961, 18.32876968383789, 78.38851928710938, 24.62179183959961, 121.77375030517578, 8.362802505493164, 207.90936279296875, -36.04413604736328, 236.2386016845703, -61.47459411621094, 275.08038330078125, -128.26246643066406, 304.7872314453125, -166.99745178222656]
[10.0, 21.52898597717285, 25.40951156616211, 48.35713577270508, 34.516868591308594, 82.09176635742188, 48.22291564941406, 112.46095275878906, 20.093822479248047, 130.9106903076172, 71.58753204345703, 206.57505798339844, -0.8697776794433594, 253.9857635498047, 10.53667163848877, 394.94818115234375]
[8.29348373413086, 29.049030303955078, 9.874625205993652, 78.92110443115234, -10.631107330322266, 125.93738555908203, -53.01710510253906, 177.69891357421875, -24.915578842163086, 282.42645263671875, -106.51299285888672, 307.64361572265625, -100.27972412109375, 490.8735656738281, 85.43136596679688, 186.5299530029297]
[6.541525363922119, 33.93264389038086, 1.2508189678192139, 87.18937683105469, -36.91074752807617, 119.68760681152344, 5.209484100341797, 128.71829223632812, 21.526073455810547, 127.4384994506836, 129.6233673095703, 39.44913101196289, 541.1593627929688, -105.28199768066406, 383.50164794921875, -8.60629940032959]
[4.895510196685791, 41.60867691040039, -5.6615447998046875, 86.21455383300781, -13.183907508850098, 113.51444244384766, 51.441062927246094, 51.136871337890625, 176.55026245117188, -27.20962142944336, 320.62139892578125, 6.435178756713867, 514.5648193359375, 167.5345001220703, 134.1888885498047, 342.3697509765625]
[3.517345428466797, 44.90336990356445, -14.827685356140137, 82.9496078491211, 18.088653564453125, 51.507144927978516, 130.92393493652344, 15.808149337768555, 247.99876403808594, 14.169367790222168, 170.22393798828125, 187.65980529785156, -3.6310501098632812, 270.6609802246094, 66.15841674804688, 201.16458129882812]
[2.079167127609253, 49.46697235107422, -6.937231063842773, 65.91470336914062, 62.85954666137695, 5.7296600341796875, 150.8175048828125, -6.736582279205322, 120.7072525024414, 179.90130615234375, -24.71748161315918, 292.5128479003906, 52.93877029418945, 133.44859313964844, 359.3385925292969, -72.72808074951172]
[-0.01993132382631302, 48.74153137207031, -3.0180258750915527, 38.519981384277344, 101.42057037353516, -16.922752380371094, 315.2632141113281, 92.54133605957031, -52.26637268066406, 491.5486755371094, -16.06575584411621, 80.25995635986328, 218.40814208984375, -116.92718505859375, 287.52142333984375, 245.50831604003906]
[-1.1950294971466064, 45.411888122558594, 11.267171859741211, 13.923416137695312, 122.37303161621094, 3.7356038093566895, 98.79685974121094, 152.3159942626953, -14.146310806274414, 269.3798828125, 406.0721435546875, -121.26985931396484, 262.38531494140625, 173.99444580078125, -202.74185180664062, 439.46746826171875]
[-2.2735280990600586, 44.70164489746094, 28.920963287353516, -1.6635745763778687, 116.93743133544922, 59.89908981323242, -17.1688289642334, 172.9906005859375, 92.01014709472656, -92.9964828491211, 481.4610595703125, 124.10417938232422, -99.48905944824219, 252.7083740234375, 319.9245300292969, -15.916237831115723]
[-2.810760736465454, 41.9429817199707, 44.91239547729492, -27.08071517944336, 80.60221862792969, 123.37382507324219, -54.25272750854492, 84.03190612792969, 218.06736755371094, 46.748878479003906, 105.49898529052734, 248.4176483154297, 70.13591003417969, -24.42677879333496, 683.412353515625, 158.5824432373047]
[-3.6426172256469727, 36.50934600830078, 54.631683349609375, -19.550371170043945, 34.73291778564453, 146.98109436035156, 33.5801887512207, 16.76865005493164, 153.2510223388672, 150.06121826171875, -57.48051834106445, 136.80992126464844, 383.2068786621094, 88.56948852539062, -42.06435775756836, 211.0940399169922]
[-3.929547071456909, 28.57492446899414, 64.51679992675781, 7.5438666343688965, 9.600554466247559, 137.41482543945312, 130.6527099609375, -6.27659797668457, 46.41038131713867, 180.05116271972656, 109.79916381835938, -57.11082077026367, 206.19642639160156, 423.6864318847656, 89.2470932006836, -11.69730281829834]
[-3.9971425533294678, 21.95276641845703, 74.07279968261719, 33.65635299682617, -21.434825897216797, 68.10628509521484, 153.6941680908203, 67.56621551513672, -61.63584518432617, 125.51239013671875, 231.37490844726562, 152.37939453125, -130.626708984375, 164.6231231689453, 335.4208984375, 245.03860473632812]
[-4.68311071395874, 15.305787086486816, 69.27830505371094, 60.538150787353516, -24.687076568603516, -2.664123296737671, 140.47035217285156, 134.4208984375, -13.987407684326172, -35.61374282836914, 149.7622833251953, 596.0051879882812, 94.88337707519531, -167.77696228027344, 128.7670440673828, 594.27978515625]
[-4.290441989898682, 9.121028900146484, 63.275875091552734, 80.91780090332031, 16.716167449951172, -16.47672462463379, 66.77449798583984, 160.61050415039062, 139.55545043945312, 47.34679412841797, -53.54770278930664, 158.08013916015625, 225.60079956054688, 183.573974609375, -179.62852478027344, 130.75387573242188]
[-3.7486579418182373, 3.7897775173187256, 50.31996536254883, 98.92517852783203, 65.0821304321289, 3.5475943088531494, -30.401060104370117, 114.11871337890625, 250.54006958007812, 134.62225341796875, 55.67532730102539, 24.27412986755371, 135.34445190429688, 403.9967956542969, 217.2357635498047, 74.9686508178711]
[0.05491621419787407, -8.926140785217285, -1.103256106376648, 27.394729614257812, 81.43104553222656, 142.72825622558594, 158.8285675048828, 148.7618408203125, 72.1976547241211, 21.528034210205078, -4.608334064483643, 2.898761510848999, 66.82591247558594, 252.26910400390625, 241.16342163085938, 436.0399475097656]
[1.7084815502166748, -7.287177562713623, -12.794596672058105, 0.4235534071922302, 33.14041519165039, 94.63996124267578, 149.62442016601562, 238.19528198242188, 236.7271728515625, 146.59437561035156, 98.8310546875, 48.29539108276367, -23.00164031982422, 57.66828918457031, -26.292943954467773, 132.97621154785156]
[3.1979620456695557, -3.98366117477417, -9.095632553100586, -14.670656204223633, -13.936217308044434, 20.116455078125, 75.44424438476562, 135.05267333984375, 185.8101043701172, 200.64849853515625, 183.19869995117188, 170.8295440673828, 188.82772827148438, 120.05519104003906, 45.67762756347656, -38.97944641113281]
[4.902679443359375, 2.7305521965026855, -1.5651484727859497, -10.383269309997559, -22.566408157348633, -16.122692108154297, 2.24196720123291, 17.113590240478516, 78.69672393798828, 135.3057861328125, 211.05027770996094, 295.6332092285156, 388.738525390625, 465.6184387207031, 342.95458984375, 275.881591796875]
[6.532147407531738, 8.63443660736084, 3.550178289413452, 3.7668497562408447, 1.7583831548690796, -17.42902183532715, -48.068580627441406, -14.1642427444458, -10.868467330932617, 33.39259338378906, 15.359042167663574, 9.44854736328125, 22.614225387573242, 113.95435333251953, 134.320068359375, 178.61578369140625]
[8.289939880371094, 13.9773588180542, 17.497854232788086, 16.96038055419922, 17.562108993530273, 12.449261665344238, 26.77789878845215, -3.431966543197632, -21.94185447692871, 45.807682037353516, -10.92663860321045, 38.2104606628418, -51.195709228515625, 40.99846267700195, -66.787353515625, 115.48163604736328]
[10.0, 21.344314575195312, 34.12431716918945, 48.99959182739258, 65.47472381591797, 85.08822631835938, 107.65961456298828, 121.39998626708984, 153.28463745117188, 137.900390625, 220.27456665039062, 224.47108459472656, 168.93389892578125, 465.91204833984375, 205.35049438476562, 208.15565490722656]
[11.752102851867676, 29.007909774780273, 48.43241882324219, 79.25923156738281, 110.95225524902344, 148.49476623535156, 177.4970703125, 147.8516387939453, 182.0507354736328, 259.9712219238281, 196.13641357421875, 337.0428771972656, 204.7113037109375, 604.737060546875, 215.8782958984375, 244.19277954101562]
[13.441384315490723, 35.439876556396484, 61.583133697509766, 90.30524444580078, 113.73985290527344, 124.19071960449219, 183.5922393798828, 179.35841369628906, 170.4364776611328, 129.98703002929688, 84.17051696777344, 126.37432861328125, 21.469738006591797, -47.544166564941406, -93.20382690429688, -182.5059814453125]
[15.204564094543457, 38.426658630371094, 66.92713165283203, 97.85929870605469, 111.99149322509766, 123.91445922851562, 91.2063980102539, 48.49412536621094, 25.255178451538086, -8.91583251953125, 27.146860122680664, 11.101396560668945, 25.344449996948242, 70.17939758300781, 342.4725036621094, 553.426513671875]
[16.89267921447754, 46.205406188964844, 73.77035522460938, 87.2549057006836, 85.93975830078125, 50.760746002197266, -3.8456480503082275, -43.872314453125, -24.31682777404785, -12.857221603393555, 127.16840362548828, 327.109375, 351.194091796875, 254.164794921875, 708.6324462890625, 505.0552062988281]
[18.480859756469727, 48.26947784423828, 70.76744079589844, 67.45709991455078, 35.1419563293457, 13.337906837463379, -30.862485885620117, 2.6163828372955322, 113.99122619628906, 132.75653076171875, 584.570068359375, 253.3648223876953, 274.2748718261719, 135.5369415283203, 108.0253677368164, 67.16252136230469]
[19.829586029052734, 45.97997283935547, 60.546836853027344, 38.7949104309082, -14.76124382019043, -6.070640563964844, 3.5944488048553467, 90.00904846191406, 398.2359619140625, 177.94198608398438, 383.39666748046875, 81.57063293457031, 9.386096954345703, 15.071697235107422, 35.06515121459961, 203.70889282226562]
[20.718807220458984, 45.79021453857422, 46.0450325012207, 13.525094985961914, -35.97914123535156, 7.100986003875732, 169.2409210205078, 207.9646453857422, 489.48931884765625, 124.08341217041016, -5.26893949508667, 35.75077438354492, 76.3089828491211, 213.83328247070312, 419.0460510253906, 372.34295654296875]
[21.75761604309082, 44.54949188232422, 31.1715145111084, -3.7435574531555176, -5.819058418273926, 59.868167877197266, 370.9311828613281, 196.5687255859375, 87.21449279785156, -71.59420013427734, 4.564776420593262, 129.3728790283203, 363.18572998046875, 332.5880126953125, 139.9174346923828, -191.46229553222656]
[22.160507202148438, 39.487606048583984, 15.481255531311035, -5.867309093475342, 19.1444091796875, 123.7908706665039, 307.6275329589844, 84.21944427490234, 5.941056728363037, -30.293270111083984, 153.3489990234375, 355.6271667480469, 387.3603210449219, 76.76829528808594, -143.2790985107422, 158.63475036621094]
[23.30868148803711, 36.44361114501953, 5.8628034591674805, -6.809169292449951, 66.8453369140625, 147.12060546875, 110.62779998779297, -24.841615676879883, 30.69063377380371, 150.81834411621094, 263.8603210449219, 139.74130249023438, -153.68389892578125, 92.03507995605469, 244.76675415039062, 469.17376708984375]
[23.534805297851562, 29.71660804748535, -11.400256156921387, 13.998382568359375, 108.77454376220703, 135.7613525390625, 19.40765953063965, -64.57662200927734, 121.9559326171875, 254.1941375732422, 110.26700592041016, -101.29432678222656, 153.192626953125, 366.2787170410156, 273.06719970703125, 70.15554809570312]
[24.051259994506836, 22.096054077148438, -11.175370216369629, 35.14805221557617, 136.8749237060547, 68.52311706542969, -36.879600524902344, 122.16914367675781, 164.70506286621094, 268.68524169921875, -54.54515838623047, 103.34746551513672, 384.235107421875, 157.25881958007812, 80.29908752441406, 130.10440063476562]
[24.322641372680664, 15.2810640335083, -14.958581924438477, 65.40087127685547, 107.07379150390625, 24.596765518188477, 4.3119587898254395, 131.8915252685547, 177.3639678955078, -106.43021392822266, 30.30104637145996, 246.3018341064453, 158.53514099121094, -87.8275146484375, 171.6520233154297, 345.1431884765625]
[23.66797637939453, 9.446800231933594, -1.2124218940734863, 82.61624145507812, 82.04741668701172, -44.089630126953125, 73.80718994140625, 207.7701873779297, 54.3022575378418, 44.26972961425781, 238.16969299316406, 201.62940979003906, 35.09862518310547, 174.39385986328125, 292.4914245605469, 105.15296173095703]
[23.71407699584961, 1.4288451671600342, 6.022275924682617, 106.6646728515625, 34.679195404052734, 4.732146263122559, 168.53094482421875, 108.01718139648438, -24.361652374267578, 177.57037353515625, 248.41673278808594, -4.168020248413086, 126.36329650878906, 449.3045959472656, 109.0452880859375, 2.4559643268585205]
[22.396160125732422, -1.0812995433807373, 22.96689796447754, 101.524658203125, -4.789011001586914, 37.4365234375, 150.71383666992188, 32.10478591918945, 43.907020568847656, 291.31640625, 60.66886901855469, 23.428695678710938, 278.8789367675781, 3.532644033432007, 80.81442260742188, 352.4303894042969]
[21.369327545166016, -4.247974872589111, 40.62060546875, 81.5165786743164, -17.892053604125977, 98.77255249023438, 127.14550018310547, -0.4393564462661743, 180.9787139892578, 133.54994201660156, -35.97991943359375, 327.7222900390625, 115.42516326904297, -27.311613082885742, 363.3208923339844, 191.75381469726562]
[20.5567626953125, -5.41091775894165, 52.95520782470703, 50.373756408691406, -13.388619422912598, 155.85360717773438, 19.45748519897461, 28.38031578063965, 204.6453399658203, -85.93830871582031, 149.22714233398438, 232.4693145751953, -129.76060485839844, 575.7699584960938, 271.1890563964844, 56.913124084472656]
[19.493696212768555, -6.083045959472656, 68.070556640625, 23.508806228637695, 25.18079948425293, 124.30032348632812, -39.31058120727539, 267.5984191894531, 215.41989135742188, -14.911520957946777, 531.40771484375, -24.033443450927734, 327.0499267578125, 474.3309631347656, -155.96620178222656, 698.415771484375]
[18.630691528320312, -8.079938888549805, 66.77317810058594, -4.3025007247924805, 66.92980194091797, 100.337158203125, -24.032764434814453, 410.558837890625, -82.01817321777344, 308.2522277832031, 258.0403747558594, 21.559024810791016, 613.7364501953125, -162.2800750732422, 568.5652465820312, 266.6393127441406]
[17.013248443603516, -1.9507604837417603, 71.678955078125, -18.426464080810547, 105.51850128173828, 35.397857666015625, 64.02449798583984, 120.78776550292969, 8.8231782913208, 257.89605712890625, -2.77419376373291, 232.72830200195312, 37.268558502197266, 109.40310668945312, 266.5480651855469, -162.6490020751953]
[15.37787914276123, 2.186722755432129, 70.64447784423828, -6.796645641326904, 127.86856079101562, -15.89738655090332, 138.4796142578125, 21.171268463134766, 113.23495483398438, 117.21806335449219, 48.505584716796875, 235.96368408203125, -127.15423583984375, 337.3076171875, -190.10501098632812, 228.4627227783203]
[13.630837440490723, 8.602842330932617, 57.449337005615234, -0.8569658398628235, 112.65522766113281, -4.978875160217285, 147.67723083496094, 1.5622272491455078, 191.11810302734375, -0.37870553135871887, 245.18081665039062, 36.11284255981445, 253.2312774658203, 89.37252044677734, 158.485595703125, 202.38900756835938]
[11.85748291015625, 13.974266052246094, 40.17367935180664, 18.70571517944336, 73.45181274414062, 24.52649688720703, 118.04067993164062, -8.156904220581055, 198.44705200195312, 42.9916877746582, 195.14031982421875, 52.23149108886719, 291.1345520019531, 52.36253356933594, 210.59664916992188, -30.77332878112793]
[10.0, 21.309293746948242, 25.160564422607422, 49.69955825805664, 37.0445442199707, 80.97647094726562, 43.648746490478516, 106.1370620727539, 60.472251892089844, 141.532470703125, 45.72550964355469, 184.31898498535156, 71.45751190185547, 291.307373046875, 80.64549255371094, 318.1935119628906]
[8.147405624389648, 29.064001083374023, 11.758757591247559, 80.93889617919922, -7.609219074249268, 121.89997863769531, 0.7925648093223572, 217.78846740722656, -7.578477382659912, 217.29930114746094, -55.41938400268555, 222.76011657714844, -17.98525047302246, 251.50311279296875, -20.435256958007812, 239.12428283691406]
[6.331320285797119, 34.46879577636719, -2.3912954330444336, 101.0010986328125, -4.721699237823486, 139.4720001220703, -1.0755048990249634, 155.9000701904297, 33.36387252807617, 119.16082763671875, 126.64669036865234, 49.56299591064453, 214.71047973632812, 81.50094604492188, 438.6366271972656, 19.01959800720215]
[4.711684226989746, 39.50316619873047, -6.999767303466797, 86.11164855957031, -0.8159471154212952, 109.85039520263672, 44.77897262573242, 59.245460510253906, 191.7978973388672, -72.08197021484375, 343.940185546875, 44.23762893676758, 244.45616149902344, 94.13277435302734, 135.93629455566406, 196.2769012451172]
[3.5211687088012695, 46.67593765258789, -18.08208465576172, 81.4413833618164, 24.36492919921875, 52.348690032958984, 146.2887725830078, -8.098896026611328, 176.20835876464844, 28.271089553833008, 154.7472686767578, 178.72299194335938, 51.55741882324219, 389.8371887207031, 75.25115203857422, 318.1701354980469]
[1.9699130058288574, 45.93645477294922, -13.661264419555664, 62.57343673706055, 62.27220916748047, -11.176522254943848, 198.39358520507812, -42.9770622253418, 113.38823699951172, 146.2705535888672, -8.323136329650879, 204.1857147216797, 89.23920440673828, 137.0672607421875, 238.10385131835938, 12.610694885253906]
[0.2022661715745926, 47.14176940917969, -0.21562090516090393, 38.588401794433594, 100.88007354736328, -31.979764938354492, 146.00355529785156, 88.68492889404297, -8.231419563293457, 289.29638671875, 2.559843063354492, 91.74168395996094, 324.44635009765625, -153.4612579345703, 285.62933349609375, 223.2994384765625]
[-1.1927546262741089, 45.04939651489258, 11.630966186523438, 10.721721649169922, 137.4114990234375, 3.580277681350708, 53.84572219848633, 200.0786590576172, 3.3490655422210693, 136.44015502929688, 187.74746704101562, -39.12143325805664, 188.4024200439453, 209.7879180908203, -116.25263977050781, 420.5306091308594]
[-1.9602619409561157, 46.420188903808594, 29.037799835205078, -13.600380897521973, 119.23091888427734, 59.88132095336914, -7.27372932434082, 178.474365234375, 93.52250671386719, -29.500246047973633, 172.78375244140625, 123.21626281738281, 67.88104248046875, 306.9999084472656, 174.3209991455078, -53.91752624511719]
[-2.904848337173462, 38.96672821044922, 43.161136627197266, -19.084148406982422, 84.2476806640625, 130.82455444335938, -42.07980728149414, 82.26750183105469, 228.7717742919922, 9.185888290405273, 59.796478271484375, 296.2442321777344, 61.31179428100586, -37.61605453491211, 543.7359619140625, 337.0897216796875]
[-3.4013314247131348, 36.570194244384766, 58.11275863647461, -11.93087387084961, 32.996761322021484, 164.27818298339844, 27.264068603515625, -46.284969329833984, 176.9753875732422, 188.048828125, -71.8488998413086, 127.17015838623047, 333.6122741699219, 133.08189392089844, 33.55341720581055, 851.7374877929688]
[-3.6307132244110107, 29.286916732788086, 66.55050659179688, 9.320021629333496, 1.9248470067977905, 125.98192596435547, 128.7730712890625, -63.932640075683594, 68.12843322753906, 205.20143127441406, 109.57293701171875, -20.84609603881836, 180.30068969726562, 615.6378784179688, 153.69505310058594, -147.23367309570312]
[-4.650007724761963, 22.188383102416992, 75.116943359375, 33.83769607543945, -22.014942169189453, 69.8726806640625, 139.06385803222656, 59.969329833984375, -87.32372283935547, 121.8310775756836, 265.95233154296875, 101.11157989501953, -156.28240966796875, 385.3212890625, 328.8356628417969, 120.65145874023438]
[-4.794744491577148, 15.53105640411377, 68.02355194091797, 62.78443145751953, -13.549549102783203, -2.2983458042144775, 127.91170501708984, 154.5673828125, -0.9541640877723694, -62.79035949707031, 171.03465270996094, 591.828369140625, 216.08926391601562, -116.82553100585938, 124.62015533447266, 343.5660400390625]
[-3.687028169631958, 8.153985977172852, 58.69697952270508, 81.09496307373047, 26.005218505859375, -30.844589233398438, 66.3556137084961, 226.17138671875, 138.2591552734375, 25.560054779052734, 21.331024169921875, 338.4633483886719, 670.6031494140625, 181.3939971923828, -99.44783020019531, 96.26760864257812]
[-3.590724468231201, 4.021557807922363, 49.56367111206055, 93.62895202636719, 64.71375274658203, -29.48519515991211, 13.50953197479248, 111.61895751953125, 272.2281494140625, 134.02951049804688, -48.879459381103516, -54.44361877441406, 133.61001586914062, 412.117431640625, 271.8288269042969, 120.29425048828125]
[-3.041455030441284, -4.101647853851318, 35.775001525878906, 96.73796081542969, 101.8896484375, 33.725948333740234, 0.6988120675086975, 4.272243976593018, 124.18524932861328, 235.14883422851562, 398.79486083984375, 52.735313415527344, -25.205368041992188, 62.78739929199219, 259.3775634765625, 350.90338134765625]
[-2.241619110107422, -5.633589267730713, 19.391502380371094, 76.36759948730469, 137.6106414794922, 96.18397521972656, 19.074987411499023, -53.29789352416992, 28.34709930419922, 134.28184509277344, 560.986328125, 283.3433837890625, 148.90391540527344, 10.301998138427734, -53.35788345336914, 65.50004577636719]
[-0.8684576749801636, -9.267997741699219, 2.9126455783843994, 50.6976432800293, 118.93183135986328, 140.96974182128906, 106.8559341430664, 51.98703384399414, -5.183035373687744, -23.056133270263672, 69.88432312011719, 183.42510986328125, 193.64340209960938, 379.28826904296875, 171.56283569335938, -15.126616477966309]
[0.6850267052650452, -7.590925693511963, -7.364264965057373, 27.62747573852539, 79.44699096679688, 157.79046630859375, 197.5130157470703, 131.42189025878906, 75.40219116210938, 3.5966241359710693, -29.798969268798828, 16.167179107666016, 83.06221008300781, 228.6280975341797, 262.01727294921875, 225.9686737060547]
[1.5248157978057861, -9.050047874450684, -15.016904830932617, 5.127040386199951, 34.0700798034668, 94.80551147460938, 155.54608154296875, 179.76034545898438, 410.9392395019531, 321.1396484375, 89.6168441772461, 63.115867614746094, -115.86804962158203, 64.36723327636719, 67.6657943725586, 153.79891967773438]
[3.461977005004883, -4.460635185241699, -8.539271354675293, -5.1109771728515625, 4.724903106689453, 25.96892738342285, 75.59902954101562, 157.33924865722656, 374.24676513671875, 179.0153045654297, 201.8841094970703, 215.1899871826172, 194.2447052001953, 108.32787322998047, 109.3917465209961, 56.47049331665039]
[4.791395664215088, 0.36321350932121277, -10.440691947937012, -13.343546867370605, -4.925452709197998, -29.27513885498047, -22.472810745239258, 18.649045944213867, 143.0990447998047, 128.30731201171875, 167.11428833007812, 282.22650146484375, 358.4458923339844, 212.21270751953125, 235.46507263183594, 362.884765625]
[6.456192493438721, 8.696568489074707, 7.459631443023682, -9.242197036743164, -25.899524688720703, -41.03144073486328, -57.00331115722656, -45.47480010986328, -79.5436019897461, -22.046672821044922, 25.548080444335938, 29.890228271484375, 33.450801849365234, 52.22837448120117, 144.8159637451172, 365.0640869140625]
[8.230155944824219, 14.2892484664917, 19.946626663208008, 23.458511352539062, 19.565227508544922, 13.23001480102539, 1.4406057596206665, 42.234519958496094, -23.942068099975586, -41.22256851196289, -63.59946823120117, 25.259408950805664, -81.54913330078125, -73.88632202148438, -70.15121459960938, -10.543047904968262]
[10.0, 21.533723831176758, 33.75897979736328, 49.195735931396484, 60.982261657714844, 79.4729995727539, 97.73532104492188, 219.51531982421875, 120.4684066772461, 166.42120361328125, 183.8677215576172, 232.8190460205078, 243.6767120361328, 280.39068603515625, 627.3953247070312, 637.1678466796875]
[11.721086502075195, 28.61273193359375, 46.917396545410156, 67.49264526367188, 113.43397521972656, 120.78977966308594, 182.99046325683594, 381.45159912109375, 171.8968048095703, 305.82073974609375, 318.1352233886719, 306.5923767089844, 237.8323974609375, 308.35205078125, 457.108642578125, 216.68968200683594]
[13.385432243347168, 35.310726165771484, 60.57634735107422, 83.19058990478516, 110.28441619873047, 158.78656005859375, 148.639892578125, 138.80174255371094, 173.80308532714844, 130.70724487304688, 98.63714599609375, 19.594316482543945, 51.135169982910156, -122.46424102783203, -25.51285743713379, -52.875]
[15.257981300354004, 39.44979476928711, 69.53655242919922, 105.46048736572266, 121.98802185058594, 98.20248413085938, 190.39675903320312, 60.331390380859375, 12.057321548461914, -76.53134155273438, -79.92720794677734, 36.976905822753906, -37.53438949584961, 110.81096649169922, 167.1566925048828, 353.2147521972656]
[17.100698471069336, 42.795265197753906, 74.2421646118164, 87.97246551513672, 82.6243667602539, 47.72390365600586, 33.51408386230469, -14.544429779052734, 6.9927978515625, 36.77408981323242, 81.01661682128906, 161.76968383789062, 350.0841369628906, 689.1708374023438, 467.09619140625, 201.6832275390625]
[18.14505386352539, 47.72304153442383, 69.9276123046875, 63.5450439453125, 34.05903244018555, 5.54988956451416, -41.8673210144043, -44.2526969909668, 58.75341796875, 163.623779296875, 232.17681884765625, 293.83941650390625, 214.37379455566406, 133.38827514648438, -5.983237266540527, 50.33949279785156]
[19.439245223999023, 50.54936599731445, 60.43471145629883, 38.82535934448242, 4.048936367034912, -30.689136505126953, -2.361778497695923, 87.94320678710938, 216.82594299316406, 260.07696533203125, 224.8766326904297, 100.76248168945312, 22.865657806396484, -13.695047378540039, 75.26405334472656, 252.70193481445312]
[20.55710220336914, 47.33521270751953, 47.189537048339844, 9.287904739379883, -10.854387283325195, 18.461872100830078, 81.1717300415039, 144.57876586914062, 179.79931640625, 137.25839233398438, 51.19023132324219, -82.75774383544922, 40.3918342590332, 182.33961486816406, 214.1396484375, 416.8059997558594]
[21.635700225830078, 44.95891571044922, 31.209720611572266, -10.06801700592041, -2.25307559967041, 59.87247085571289, 149.17782592773438, 154.9951934814453, 87.3563461303711, -3.692913055419922, 30.889833450317383, 249.31089782714844, 581.7501220703125, 308.7995910644531, 127.54031372070312, -190.87681579589844]
[22.220806121826172, 42.65230941772461, 15.028763771057129, -13.492652893066406, 21.48488426208496, 118.29002380371094, 191.0728759765625, 82.81001281738281, 17.454574584960938, 23.812110900878906, 186.04995727539062, 653.1846313476562, 235.40472412109375, -10.149136543273926, 66.23629760742188, 159.02154541015625]
[22.797061920166016, 36.44593048095703, 1.6808178424835205, -6.405299186706543, 64.99150085449219, 124.49171447753906, 102.21177673339844, -0.8132539391517639, -18.538280487060547, 140.81121826171875, 340.86273193359375, 278.72674560546875, -46.05951690673828, -16.237140655517578, 355.6427001953125, 427.74200439453125]
[24.11480140686035, 29.910987854003906, -8.909269332885742, 3.64776611328125, 91.59906768798828, 140.02880859375, 0.842444121837616, 13.884538650512695, 109.09030151367188, 234.9266815185547, 110.25384521484375, 46.95383071899414, 103.39445495605469, 349.8261413574219, 236.53114318847656, -53.5035400390625]
[24.25637435913086, 22.243610382080078, -16.799358367919922, 34.93959045410156, 106.74674224853516, 72.05156707763672, -58.90559005737305, 61.34880447387695, 259.0071716308594, 127.27283477783203, -115.0365982055664, 71.82213592529297, 232.67800903320312, 171.74610900878906, 45.1674919128418, 58.20297622680664]
[24.055402755737305, 15.046906471252441, -12.700858116149902, 60.11545181274414, 108.54200744628906, 17.64579963684082, 12.589142799377441, 156.95130920410156, 165.90606689453125, -28.75981903076172, 74.1793441772461, 342.2204284667969, 173.87884521484375, -160.47352600097656, 154.18800354003906, 694.2089233398438]
[23.275436401367188, 8.135705947875977, -0.5609731674194336, 78.63493347167969, 84.57231140136719, -8.5577392578125, 74.42757415771484, 151.1190643310547, 0.25442206859588623, -15.705025672912598, 495.1086730957031, 189.51890563964844, -150.62152099609375, 169.78416442871094, 367.7163391113281, -31.989519119262695]
[23.67753791809082, 1.0869475603103638, 8.713112831115723, 104.79053497314453, 35.70682907104492, -9.417974472045898, 149.29820251464844, 121.55693817138672, -92.7371826171875, 159.2677001953125, 273.71484375, -124.0852279663086, 127.56573486328125, 288.9771728515625, 66.38130950927734, 72.16043090820312]
[23.300045013427734, -1.050420880317688, 24.185779571533203, 83.53773498535156, 0.4387316107749939, 35.887367248535156, 197.6510467529297, 3.803185224533081, 44.136898040771484, 176.1585693359375, -17.316844940185547, 3.507455825805664, 317.5215148925781, -17.182228088378906, 65.29144287109375, 549.822021484375]
[21.71546745300293, -8.30530071258545, 39.726322174072266, 82.05777740478516, -3.4397542476654053, 93.63404083251953, 128.04611206054688, -61.26287078857422, 154.30860900878906, 113.10541534423828, -8.759222984313965, 331.27117919921875, 104.82614135742188, 93.137451171875, 658.0144653320312, 100.65076446533203]
[20.788074493408203, -5.3874897956848145, 54.944766998291016, 53.74168014526367, -18.510778427124023, 151.6768035888672, 28.086517333984375, 19.157794952392578, 203.01036071777344, -75.38492584228516, 164.7759552001953, 182.77059936523438, -146.72845458984375, 318.4391784667969, 291.9964904785156, 24.300491333007812]
[19.627222061157227, -10.521197319030762, 60.19453048706055, 22.9234619140625, 21.946949005126953, 114.51360321044922, -16.732519149780273, 133.7484893798828, 98.47068786621094, -1.9372507333755493, 204.24703979492188, -79.29464721679688, 181.5960235595703, 510.9765625, -162.8739013671875, 292.6366882324219]
[18.25240135192871, -7.341171741485596, 65.8128890991211, 7.492883682250977, 66.94684600830078, 87.70059204101562, -33.062862396240234, 179.7884063720703, 16.42760467529297, 356.7718505859375, 127.92953491210938, 19.084875106811523, 200.49307250976562, -0.6870607137680054, 357.17578125, 123.36430358886719]
[16.65471649169922, -2.872683525085449, 75.53988647460938, -13.434489250183105, 110.5302963256836, 35.15118408203125, 60.90420150756836, 157.8197479248047, 7.444999694824219, 265.3269958496094, -55.37877655029297, 191.4287109375, 100.64842987060547, 232.0173797607422, 226.4724884033203, 71.26536560058594]
[15.157693862915039, 0.5717238783836365, 70.8114242553711, -17.9492244720459, 107.17254638671875, -19.6898193359375, 125.30864715576172, 40.37080383300781, 228.79444885253906, 124.57203674316406, 46.73500061035156, 301.099853515625, -68.26013946533203, 212.96644592285156, -128.0506134033203, 375.31695556640625]
[13.641386032104492, 6.689719200134277, 56.11762619018555, -2.8487050533294678, 103.18669891357422, -25.436120986938477, 190.54978942871094, -69.4085922241211, 467.05902099609375, 8.395943641662598, 279.7901611328125, 1.0657769441604614, 176.5710906982422, 118.52641296386719, 170.7766876220703, 192.12997436523438]
[11.70776653289795, 13.91540813446045, 41.09457015991211, 21.82462501525879, 82.68080139160156, 20.246036529541016, 113.37434387207031, -3.5831243991851807, 358.44342041015625, -32.03423309326172, 250.44337463378906, -72.69483947753906, 243.30540466308594, -7.264515399932861, 441.7231750488281, -194.51397705078125]
[10.0, 21.296146392822266, 25.652151107788086, 50.00680160522461, 35.56961441040039, 77.29194641113281, 35.97037887573242, 130.96041870117188, 56.23968505859375, 173.34530639648438, 32.822723388671875, 192.5384063720703, 44.0675048828125, 262.85504150390625, 102.29439544677734, 238.79571533203125]
[8.274818420410156, 28.992265701293945, 13.016607284545898, 80.77934265136719, -14.9229736328125, 121.32836151123047, -38.68414306640625, 216.66058349609375, 12.274958610534668, 175.84738159179688, -3.490748405456543, 266.51605224609375, -18.036808013916016, 327.554931640625, 62.794368743896484, 299.0269775390625]
[6.396407127380371, 34.826812744140625, -5.858487606048584, 96.96473693847656, -15.75712776184082, 134.5313262939453, 1.3690671920776367, 131.4130096435547, 48.88263702392578, 119.87163543701172, 119.07659149169922, 37.59423065185547, 475.0491638183594, -29.267053604125977, 370.677978515625, -210.02186584472656]
[5.045044898986816, 40.99617385864258, -4.876871585845947, 100.18607330322266, -22.590961456298828, 107.45266723632812, 48.80255126953125, 54.38143539428711, 143.65220642089844, -2.236367702484131, 263.3244934082031, -31.275524139404297, 233.61053466796875, 92.9940414428711, 126.07478332519531, 577.0731201171875]
[3.4026997089385986, 46.668453216552734, -17.73368263244629, 82.18806457519531, 24.977825164794922, 48.80492401123047, 135.00706481933594, -50.01288986206055, 233.31979370117188, 46.13957977294922, 128.58055114746094, 369.57049560546875, -39.285125732421875, 233.33045959472656, -9.1536226272583, 650.71630859375]
[1.4203293323516846, 46.569297790527344, -8.350427627563477, 67.26043701171875, 66.38531494140625, -18.96140480041504, 203.00856018066406, -47.20568084716797, 127.95357513427734, 182.52867126464844, -80.15259552001953, 663.96923828125, 48.682064056396484, 135.320556640625, 338.9129333496094, -277.2018737792969]
[-0.04668104648590088, 47.03690719604492, 3.08276629447937, 38.612449645996094, 114.75089263916016, -35.729583740234375, 156.1563262939453, 182.2753448486328, -14.404818534851074, 256.7635803222656, 59.4289436340332, 104.46809387207031, 364.13775634765625, -164.35028076171875, 278.5610046386719, 221.47964477539062]
[-1.4307245016098022, 46.35472869873047, 13.302640914916992, 6.8141679763793945, 120.68807983398438, -6.924161434173584, 50.115848541259766, 375.731689453125, -22.650184631347656, 115.2038345336914, 254.18902587890625, -68.21083068847656, 171.1397705078125, 216.77590942382812, 27.299793243408203, 379.3081359863281]
[-2.2575340270996094, 42.85700988769531, 29.055694580078125, -12.49084186553955, 97.33504486083984, 59.85593795776367, 10.762613296508789, 171.8918914794922, 92.6886978149414, -47.27670669555664, 193.78509521484375, 132.2161865234375, -123.72923278808594, 345.4848327636719, 332.8236083984375, 67.08488464355469]
[-2.8462600708007812, 39.421607971191406, 44.61605453491211, -16.26935386657715, 73.26131439208984, 112.79141235351562, -27.139511108398438, 84.22431182861328, 246.6203155517578, -18.891481399536133, 110.58203125, 387.77691650390625, 10.435726165771484, 93.92357635498047, 795.7932739257812, 159.680419921875]
[-3.7058303356170654, 36.15439224243164, 57.76881408691406, -10.188546180725098, 32.96138381958008, 164.5150604248047, 38.304805755615234, -30.324552536010742, 150.4878387451172, 146.49569702148438, -71.40168762207031, 138.01361083984375, 215.23455810546875, 25.965574264526367, -8.38916015625, 296.6869812011719]
[-4.287282466888428, 28.5709171295166, 66.2606201171875, 10.22490119934082, 3.0479323863983154, 142.44223022460938, 123.90380096435547, -26.627269744873047, 50.34415054321289, 211.7367706298828, 231.99407958984375, -145.14097595214844, 211.28262329101562, 603.37744140625, 78.66988372802734, -58.84895324707031]
[-4.723241806030273, 22.308704376220703, 76.82831573486328, 33.23461151123047, -6.754530906677246, 67.70587158203125, 144.39732360839844, 66.78551483154297, -27.600849151611328, 124.7054672241211, 223.37083435058594, 74.6279067993164, -46.15842819213867, 335.5340881347656, 371.541259765625, 83.5091323852539]
[-3.5216758251190186, 14.564919471740723, 67.24856567382812, 64.9119873046875, -21.448122024536133, -0.8110783696174622, 277.9042053222656, 192.71517944335938, 27.767663955688477, -8.13511848449707, 184.18797302246094, 323.7846984863281, 85.83363342285156, -204.98989868164062, 123.95101165771484, 537.1339721679688]
[-4.154891014099121, 8.044479370117188, 65.70618438720703, 88.17433166503906, 27.4642391204834, -14.39350700378418, 130.24925231933594, 162.90972900390625, 142.4214630126953, -10.81356430053711, 38.513240814208984, 177.88064575195312, 250.75186157226562, 157.12469482421875, -31.715656280517578, 13.060153007507324]
[-3.8242619037628174, 2.6949422359466553, 51.555763244628906, 84.73991394042969, 66.61199951171875, -5.663496494293213, -42.58516311645508, 117.03948211669922, 190.29295349121094, 178.71826171875, -2.4575555324554443, -87.95938873291016, 138.1943359375, 337.77734375, 252.28182983398438, 82.28129577636719]
[-2.32234263420105, -3.3585519790649414, 35.737998962402344, 91.3238525390625, 101.1377182006836, 44.62874221801758, -9.25719165802002, -24.52941131591797, 129.46217346191406, 253.5478973388672, 171.00302124023438, 54.265499114990234, -134.73043823242188, 45.42310333251953, 199.77317810058594, 276.4429931640625]
[-1.8270245790481567, -7.143346309661865, 20.277545928955078, 74.828857421875, 109.64344787597656, 110.91647338867188, 30.564050674438477, -16.23372459411621, -14.059196472167969, 125.17520141601562, 242.65280151367188, 254.71978759765625, 136.84593200683594, 32.57666015625, -145.657470703125, 100.35552978515625]
[-0.8892428874969482, -10.3278169631958, 2.679945945739746, 52.98105239868164, 111.22903442382812, 155.74917602539062, 104.29987335205078, 48.38669967651367, 7.576866626739502, -16.636730194091797, 79.65276336669922, 185.76821899414062, 241.53330993652344, 284.3653869628906, 169.36764526367188, 85.00891876220703]
[0.7206977605819702, -9.471864700317383, -0.043240126222372055, 26.41758155822754, 85.39617919921875, 142.2919464111328, 133.0077667236328, 163.41372680664062, 75.08306884765625, -18.187822341918945, -11.85734748840332, -28.155433654785156, 209.89756774902344, 211.09713745117188, 349.66705322265625, 703.8089599609375]
[1.5173258781433105, -4.054411888122559, -16.700525283813477, 1.2762330770492554, 36.35792541503906, 94.48795318603516, 144.81893920898438, 204.29489135742188, 172.67813110351562, 330.9623107910156, 90.60152435302734, 18.410749435424805, -86.7000503540039, 14.184861183166504, -11.833730697631836, 290.5243835449219]
[3.321990728378296, -4.056333541870117, -5.658790588378906, -13.193358421325684, 2.159126043319702, 21.600975036621094, 77.5857162475586, 146.08741760253906, 206.5667266845703, 268.9729919433594, 233.56979370117188, 185.35296630859375, 354.8839416503906, 106.81583404541016, 36.95394515991211, -80.41680908203125]
[4.636937618255615, 1.7790499925613403, -5.64351224899292, -19.58718490600586, -5.098119735717773, -32.922607421875, -9.012724876403809, 25.058725357055664, 64.31372833251953, 137.13409423828125, 151.0130157470703, 236.8057861328125, 273.2705078125, 203.24424743652344, 436.61627197265625, 227.88812255859375]
[6.331951141357422, 7.799772262573242, 3.112287998199463, -3.4870405197143555, -13.077055931091309, -9.991812705993652, -4.275176525115967, -48.26530456542969, 11.925076484680176, -17.9143123626709, 14.238151550292969, 66.44341278076172, 32.201419830322266, 111.90087890625, 240.99240112304688, 168.30274963378906]
[8.253210067749023, 14.438482284545898, 19.048908233642578, 17.145919799804688, 18.95227813720703, 27.904346466064453, 25.337324142456055, 12.356193542480469, 5.310858249664307, 41.09444808959961, 28.60166358947754, 28.459003448486328, -87.72892761230469, -96.16670989990234, -12.271345138549805, 35.05889892578125]
[10.0, 21.326072692871094, 34.83319854736328, 47.87950897216797, 61.427093505859375, 81.70184326171875, 94.17877960205078, 130.68614196777344, 283.2010498046875, 182.8779754638672, 217.8968963623047, 416.5565490722656, 237.49143981933594, 299.34765625, 543.4513549804688, 364.1983337402344]
[11.723674774169922, 27.693817138671875, 52.21467590332031, 73.5814208984375, 104.64276123046875, 136.02735900878906, 176.23924255371094, 155.18666076660156, 490.3238830566406, 187.10214233398438, 229.24606323242188, 289.1849365234375, 272.52142333984375, 298.83514404296875, 337.477294921875, 182.62762451171875]
[13.35479736328125, 35.246158599853516, 62.7064208984375, 96.73271942138672, 113.1522445678711, 144.38302612304688, 169.90625, 183.54470825195312, 122.59950256347656, 115.37568664550781, 87.3275146484375, 91.92539978027344, 71.99504089355469, -7.787367343902588, -126.14136505126953, -208.35604858398438]
[15.392210006713867, 40.15829086303711, 65.85179138183594, 100.4494400024414, 114.65943908691406, 113.6331787109375, 94.8896255493164, 56.88018798828125, -13.928768157958984, 33.842079162597656, -34.620059967041016, -103.0718002319336, 0.8150003552436829, 140.95538330078125, 173.57058715820312, 227.6419219970703]
[16.760908126831055, 46.37351608276367, 69.1095962524414, 95.62181854248047, 78.18653869628906, 47.662532806396484, -5.004393100738525, -59.361515045166016, -48.65484619140625, -17.705448150634766, 55.504188537597656, 190.82884216308594, 314.5640869140625, 776.8253173828125, 333.4329528808594, 279.3586730957031]
[18.19365882873535, 46.31534957885742, 64.988037109375, 64.08641815185547, 37.58852005004883, 12.492218017578125, -34.663944244384766, 3.3952229022979736, 56.6839599609375, 185.5343017578125, 289.26715087890625, 230.7661590576172, 265.9505920410156, 271.8973083496094, -64.43732452392578, -28.270612716674805]
[19.20067596435547, 50.18348693847656, 62.73601531982422, 38.82555389404297, -0.8342079520225525, -26.481523513793945, -10.147669792175293, 95.21016693115234, 200.59925842285156, 201.2898406982422, 440.0397033691406, 87.05176544189453, -30.673206329345703, 43.68137741088867, 50.641300201416016, 239.07003784179688]
[21.06406593322754, 46.9142951965332, 48.575096130371094, 14.762203216552734, -32.403621673583984, 14.654541969299316, 89.62995910644531, 214.23513793945312, 197.2660369873047, 131.82704162597656, -8.96578311920166, 3.136629343032837, 53.83000946044922, 221.6717071533203, 447.5655212402344, 203.26925659179688]
[21.785280227661133, 42.513912200927734, 30.962108612060547, -9.271608352661133, -20.599708557128906, 59.865116119384766, 180.835205078125, 160.93441772460938, 86.71932983398438, 36.52421569824219, -46.5952262878418, 125.14867401123047, 204.56175231933594, 405.8152160644531, 126.1119155883789, -145.4025421142578]
[22.642520904541016, 40.61198043823242, 14.013864517211914, -12.059798240661621, 15.826567649841309, 109.03113555908203, 133.818115234375, 82.11414337158203, -12.590799331665039, -31.482698440551758, 162.6750946044922, 221.2316131591797, 240.0188446044922, 29.619285583496094, 72.6546401977539, 321.2889099121094]
[23.995325088500977, 34.21018600463867, 4.750244617462158, -0.9348687529563904, 62.33134078979492, 161.30723571777344, 99.15128326416016, -13.963813781738281, 27.720561981201172, 190.92147827148438, 231.10098266601562, 139.227294921875, 26.8501033782959, -33.51453399658203, 216.52117919921875, 855.2918701171875]
[24.519628524780273, 28.809677124023438, -2.8724005222320557, 1.573852777481079, 98.71613311767578, 111.5946273803711, 11.532514572143555, -65.73606872558594, 116.73851776123047, 294.9151611328125, 110.2561264038086, -19.821638107299805, 68.6844482421875, 366.2973937988281, 289.2713623046875, 52.431819915771484]
[23.586008071899414, 22.239063262939453, -11.842218399047852, 34.917137145996094, 104.43241119384766, 69.25389862060547, -46.62446212768555, 121.82254028320312, 174.46026611328125, 114.30904388427734, -23.098346710205078, 101.94744110107422, 412.6197204589844, 167.8207550048828, 34.18003463745117, 129.28355407714844]
[23.530454635620117, 14.750816345214844, -12.156171798706055, 61.55816650390625, 108.81019592285156, -4.278951168060303, -27.9880313873291, 350.5321350097656, 143.14874267578125, -43.74195861816406, 50.28558349609375, 365.794921875, 296.615234375, -126.60462951660156, 174.5749969482422, 364.489013671875]
[23.967472076416016, 7.79042387008667, -0.21875959634780884, 90.01628112792969, 84.96066284179688, -21.59116554260254, 74.39111328125, 198.62945556640625, 5.00909948348999, 6.242319107055664, 174.8621826171875, 173.484130859375, -101.44603729248047, 184.93992614746094, 761.1591186523438, 107.05773162841797]
[23.191774368286133, 3.6484313011169434, 5.8953633308410645, 88.87572479248047, 34.21826171875, 0.5080243349075317, 127.4361801147461, 117.76754760742188, -73.95445251464844, 179.2709503173828, 203.99209594726562, 32.34212875366211, 260.79742431640625, 287.7296142578125, -44.95473098754883, 77.77629089355469]
[23.15947914123535, -1.4638093709945679, 23.88311004638672, 87.00912475585938, -3.1419172286987305, 44.06150436401367, 136.85250854492188, 3.6290781497955322, 29.161375045776367, 243.39910888671875, -15.38017463684082, 19.539413452148438, 295.5200500488281, 64.98314666748047, 16.993152618408203, 313.2898254394531]
[21.88307762145996, -8.062912940979004, 39.768795013427734, 83.20120239257812, -23.519023895263672, 100.04887390136719, 123.46371459960938, -48.29348373413086, 165.09474182128906, 121.02842712402344, -74.76892852783203, 352.8955078125, 121.70821380615234, 92.29061889648438, 404.492919921875, 24.392993927001953]
[21.04884910583496, -9.738798141479492, 56.171077728271484, 51.06418228149414, -23.192405700683594, 147.4795379638672, 22.254392623901367, 40.819644927978516, 263.5522766113281, -72.91178894042969, 137.8240203857422, 466.43194580078125, 48.38522720336914, 228.30421447753906, 143.4809112548828, 28.2580509185791]
[19.623533248901367, -8.3482084274292, 67.37720489501953, 22.487293243408203, 25.55879783630371, 131.19107055664062, -44.61202621459961, 165.87893676757812, 98.2602310180664, -30.045246124267578, 313.4364013671875, -103.5089340209961, 158.31214904785156, 281.747802734375, -41.97718048095703, 474.75714111328125]
[18.09813117980957, -7.865651607513428, 69.24849700927734, 0.2974863350391388, 61.0006217956543, 97.35443115234375, -14.327066421508789, 211.9161376953125, 15.316401481628418, 354.6037902832031, 123.76024627685547, -24.113412857055664, 229.4910125732422, -90.63973999023438, 264.8334045410156, 112.00553894042969]
[17.15137481689453, -4.293155670166016, 70.16280364990234, -17.48789405822754, 89.59315490722656, 24.976591110229492, 61.55429458618164, 126.11344146728516, 31.726688385009766, 218.5137939453125, 24.044273376464844, 299.760986328125, 60.32117462158203, 218.5160369873047, 236.04969787597656, -3.410722017288208]
[15.016841888427734, 2.5255303382873535, 61.16839599609375, -8.783304214477539, 134.42242431640625, -27.062349319458008, 117.2425308227539, 31.88690757751465, 103.6197509765625, 127.35169219970703, 17.098779678344727, 270.6536560058594, -45.37645721435547, 684.8660888671875, 73.32157897949219, 270.19024658203125]
[13.347487449645996, 8.820063591003418, 54.47404861450195, -1.7411161661148071, 115.23575592041016, -37.0194206237793, 313.41278076171875, -22.68206024169922, 206.71817016601562, 27.491914749145508, 173.6968994140625, 17.37753677368164, 168.09120178222656, 57.01567840576172, 173.5269317626953, 417.489990234375]
[11.836730003356934, 14.597197532653809, 43.2188835144043, 22.310148239135742, 77.64681243896484, 29.271387100219727, 235.13925170898438, 31.04725456237793, 159.390869140625, -52.577415466308594, 165.7277374267578, -37.89314651489258, 251.15499877929688, 27.648666381835938, 340.43182373046875, 52.71739196777344]
[10.0, 21.349170684814453, 25.373075485229492, 49.32729721069336, 37.54999542236328, 82.55567932128906, 96.2003402709961, 104.83671569824219, 61.42036819458008, 138.7994384765625, 61.18329620361328, 227.3937225341797, 75.7183609008789, 202.0199737548828, -4.836263179779053, 610.8765869140625]
[8.185958862304688, 28.6028995513916, 10.018733978271484, 71.83782196044922, 8.466052055358887, 110.25049591064453, -39.47618865966797, 223.48960876464844, -28.020597457885742, 247.5337371826172, -13.578889846801758, 258.7268981933594, -65.36180877685547, 189.93093872070312, -7.689770221710205, 206.4636688232422]
[6.455176830291748, 34.23539352416992, -1.0352362394332886, 87.64805603027344, -35.02833938598633, 164.03402709960938, -12.646740913391113, 140.74606323242188, 56.238197326660156, 129.4951934814453, 128.82406616210938, 14.722119331359863, 228.22128295898438, -4.45090389251709, 239.61880493164062, 104.20654296875]
[4.973228931427002, 41.27080535888672, -9.786547660827637, 97.72760772705078, 3.6013123989105225, 105.10710906982422, 56.40989685058594, 58.93828582763672, 325.845703125, -40.59237289428711, 551.2634887695312, 21.755725860595703, 276.9902648925781, 76.679443359375, 142.49819946289062, 279.0172424316406]
[3.0541718006134033, 45.773033142089844, -17.707334518432617, 77.93912506103516, 27.60387420654297, 47.623924255371094, 139.5337677001953, 0.6394989490509033, 234.65850830078125, 14.237421989440918, 304.7012939453125, 143.46824645996094, -86.49238586425781, 318.1340026855469, 85.61268615722656, 302.6476745605469]
[1.2879934310913086, 44.86825180053711, -11.634805679321289, 70.9754409790039, 61.4946174621582, -19.65300750732422, 178.41943359375, 8.410506248474121, 108.32074737548828, 140.063232421875, -10.856245994567871, 270.27886962890625, 77.91768646240234, 135.45872497558594, 560.1265869140625, -35.68134307861328]
[0.21370375156402588, 49.91542053222656, 4.035060405731201, 38.73140335083008, 92.3184585571289, -3.593290090560913, 142.56808471679688, 88.23113250732422, -39.25979232788086, 299.50079345703125, 31.925338745117188, 97.7650375366211, 232.33811950683594, 42.59812927246094, 497.6671447753906, 193.6325225830078]
[-1.0966821908950806, 47.82081985473633, 12.843132019042969, 7.967027187347412, 103.5782470703125, 15.73227596282959, 48.466182708740234, 170.8064422607422, 21.928895950317383, 132.7016143798828, 199.4842071533203, -10.143556594848633, 451.1689758300781, 177.8381805419922, -94.03514862060547, 208.31248474121094]
[-1.5525176525115967, 46.28232955932617, 29.038618087768555, -3.2927680015563965, 110.60155487060547, 59.86533737182617, 7.752164363861084, 197.9712677001953, 93.26628112792969, 12.534152030944824, 234.6108856201172, 123.86048889160156, -46.730064392089844, 206.1171875, 155.3829345703125, 58.78697204589844]
[-3.2722487449645996, 41.799686431884766, 42.651695251464844, -15.979410171508789, 72.2269515991211, 112.80787658691406, 6.379369258880615, 82.21940612792969, 166.4053192138672, -30.670394897460938, 42.70783615112305, 331.2510070800781, 140.68968200683594, -13.031269073486328, 294.70111083984375, 159.6024932861328]
[-3.4534709453582764, 36.66337203979492, 59.94028854370117, -7.206161975860596, 34.007286071777344, 121.32066345214844, 37.2957649230957, 1.3477587699890137, 181.54425048828125, 191.1758575439453, -67.15211486816406, 129.88418579101562, 224.9326629638672, -25.683483123779297, -64.85295104980469, 498.6857604980469]
[-4.126856803894043, 29.701433181762695, 71.65592193603516, 10.561326026916504, 4.635262489318848, 111.74645233154297, 104.47408294677734, -39.93605041503906, 68.42057800292969, 183.35577392578125, 109.65279388427734, -66.84681701660156, 151.78997802734375, 222.1889190673828, -4.684467792510986, 12.640201568603516]
[-4.568856239318848, 22.159832000732422, 76.78944396972656, 34.340694427490234, -20.44866371154785, 73.3280029296875, 151.93885803222656, 68.22721862792969, 14.124215126037598, 113.09373474121094, 314.4297790527344, 78.9972915649414, -2.4587619304656982, 329.2822570800781, 246.77450561523438, 122.99784088134766]
[-4.8094892501831055, 15.514492988586426, 69.53565979003906, 60.9288330078125, -2.2338688373565674, 16.394643783569336, 164.2007293701172, 176.8883819580078, 6.2001190185546875, 16.816925048828125, 173.00096130371094, 521.926513671875, 91.4014663696289, 3.1038384437561035, 130.0484619140625, 641.8135986328125]
[-4.296113967895508, 7.236972332000732, 66.72310638427734, 76.7275390625, 16.734363555908203, -23.909135818481445, 64.12538146972656, 186.9088897705078, 180.4849395751953, 19.94265365600586, 25.339479446411133, 374.09246826171875, 229.26824951171875, 325.4627685546875, 9.441866874694824, 39.575740814208984]
[-2.9233858585357666, 1.448563575744629, 49.85249710083008, 92.26046752929688, 64.4207534790039, 4.876443862915039, -10.136523246765137, 117.78533935546875, 213.0714874267578, 184.47061157226562, -34.77267074584961, -24.07549285888672, 136.76966857910156, 282.3229064941406, 330.79132080078125, 100.35789489746094]
[-3.0553781986236572, -4.061727523803711, 36.40205383300781, 101.6402359008789, 96.31415557861328, 44.54785919189453, -23.035940170288086, 32.09856414794922, 134.92660522460938, 229.111572265625, 221.51382446289062, 37.8939094543457, -97.66399383544922, -5.557794094085693, 305.3276062011719, 234.7684783935547]
[-2.5051777362823486, -3.7724642753601074, 20.689226150512695, 82.29222106933594, 128.8125, 99.65034484863281, 39.07046890258789, -94.32147216796875, 6.0109968185424805, 119.859375, 212.58108520507812, 191.72323608398438, 158.7684783935547, 45.2552490234375, -167.51954650878906, 107.37360382080078]
[-0.39438095688819885, -6.054440498352051, 2.731342315673828, 54.552642822265625, 103.87788391113281, 116.86978912353516, 117.58284759521484, 86.57157135009766, -31.363317489624023, -8.473313331604004, 65.30823516845703, 196.664794921875, 416.4258117675781, 300.3829650878906, 172.12879943847656, 122.66642761230469]
[-0.03645008057355881, -7.818237781524658, -0.48161017894744873, 24.91115951538086, 72.9835205078125, 153.03927612304688, 153.32843017578125, 330.83917236328125, 73.782958984375, -20.608144760131836, -3.1016058921813965, 51.97379684448242, 113.39556884765625, 236.89447021484375, 223.474609375, 245.72251892089844]
[1.608579158782959, -5.773062229156494, -15.365324974060059, 5.5978240966796875, 39.15018081665039, 98.62838745117188, 142.20742797851562, 161.88914489746094, 203.63031005859375, 350.7928161621094, 83.50883483886719, 39.03466033935547, -123.7277603149414, 33.52431869506836, 33.68470001220703, 153.5388946533203]
[3.347827672958374, -1.6998350620269775, -11.523567199707031, -12.710206031799316, -10.950207710266113, 24.795442581176758, 79.32892608642578, 146.7369384765625, 197.3294677734375, 293.2191162109375, 196.51852416992188, 264.03729248046875, 168.02032470703125, 127.9700698852539, 78.08056640625, -101.09065246582031]
[4.889758586883545, 0.4591049551963806, -3.1467249393463135, -20.584455490112305, -23.089000701904297, -4.2143168449401855, -24.634124755859375, 23.33729362487793, 70.15386199951172, 117.47160339355469, 195.45875549316406, 217.19932556152344, 332.3702697753906, 334.3580322265625, 697.6951904296875, 245.18450927734375]
[6.490425109863281, 6.881950378417969, 4.805248737335205, -9.699482917785645, -22.029726028442383, -37.20035934448242, 0.15195323526859283, -23.65570831298828, 6.5024333000183105, 23.94146156311035, -49.187835693359375, -38.1827278137207, 93.21700286865234, 91.4865951538086, 252.71693420410156, 169.1306610107422]
[8.141043663024902, 14.509035110473633, 19.095298767089844, 20.576513290405273, 18.58216094970703, 23.32347869873047, 26.9938907623291, -7.4472975730896, -8.42921257019043, 23.564659118652344, -1.9485284090042114, -68.258544921875, -96.17845153808594, -87.5204086303711, 65.4877700805664, 24.742311477661133]
[10.0, 21.442672729492188, 33.68094253540039, 49.0312614440918, 62.3723030090332, 82.2562255859375, 106.48229217529297, 132.7957763671875, 157.58314514160156, 175.00509643554688, 388.8529968261719, 229.84510803222656, 263.9492492675781, 287.0730285644531, 255.3873748779297, 217.98895263671875]
[11.69980239868164, 27.835800170898438, 52.30772399902344, 74.77259063720703, 100.16329193115234, 132.92098999023438, 158.7055206298828, 215.943115234375, 191.25064086914062, 274.7378845214844, 454.9503479003906, 258.4790344238281, 565.7512817382812, 288.45849609375, 181.87059020996094, 184.5491180419922]
[13.493319511413574, 35.591896057128906, 59.25774002075195, 82.2410659790039, 115.48139953613281, 149.30198669433594, 181.19447326660156, 138.854248046875, 140.93280029296875, 117.56043243408203, 182.39068603515625, 11.384750366210938, -46.20472717285156, 75.0857162475586, 32.486854553222656, 64.29064178466797]
[15.225232124328613, 40.66587448120117, 72.74622344970703, 96.66563415527344, 126.06729125976562, 113.37860107421875, 86.84255981445312, 58.179264068603516, 40.027076721191406, -35.84505081176758, -119.4135513305664, -93.0142822265625, 55.84394836425781, 86.0875244140625, 156.5564422607422, 495.6055603027344]
[16.98870849609375, 42.448326110839844, 76.423828125, 81.71713256835938, 84.73731231689453, 48.8907356262207, -7.7123847007751465, -10.939967155456543, -53.1401481628418, -29.033889770507812, 86.40203094482422, 172.1051025390625, 193.90089416503906, 563.3809814453125, 451.9516296386719, 550.04736328125]
[17.913368225097656, 46.43743133544922, 73.39311981201172, 71.23355102539062, 35.150733947753906, -7.639330863952637, -4.405109405517578, 22.78542137145996, 114.22227478027344, 183.69895935058594, 297.1824035644531, 236.5414276123047, 259.5774230957031, 265.0245361328125, 10.416815757751465, -49.724098205566406]
[20.03262710571289, 49.67881393432617, 57.51913833618164, 38.72230529785156, -12.62207317352295, -11.454731941223145, 2.087692975997925, 94.72949981689453, 181.99302673339844, 300.0984191894531, 157.33995056152344, 96.77124786376953, -16.081300735473633, -175.68267822265625, 62.7430534362793, 212.59075927734375]
[20.790836334228516, 50.137840270996094, 47.45136642456055, 11.078808784484863, -29.669700622558594, 17.924453735351562, 81.56139373779297, 177.53172302246094, 249.28671264648438, 136.6448211669922, 60.69480514526367, 37.07997131347656, 52.861934661865234, 202.47412109375, 446.0921936035156, 297.3258056640625]
[21.712491989135742, 44.20237350463867, 31.219911575317383, -17.567535400390625, 3.1784040927886963, 59.91728591918945, 311.7364501953125, 172.62718200683594, 87.18761444091797, -68.64266204833984, 44.23656463623047, 258.2861328125, 268.3787536621094, 344.74371337890625, 135.18539428710938, 91.02410888671875]
[23.29380989074707, 39.356048583984375, 17.379541397094727, -5.42365837097168, 27.453054428100586, 132.66758728027344, 320.69915771484375, 83.74666595458984, -10.191670417785645, 42.64211654663086, 192.77540588378906, 640.4949340820312, 239.7352752685547, -83.57511138916016, 76.08491516113281, 158.8276824951172]
[23.68096351623535, 36.33782196044922, 0.9991195201873779, -20.237348556518555, 63.83977508544922, 134.2857666015625, 223.94041442871094, 7.548841953277588, -20.85231590270996, 188.2903594970703, 244.9251251220703, 256.62481689453125, -106.10389709472656, 69.2331314086914, 383.840576171875, 342.48516845703125]
[24.33741569519043, 29.175426483154297, -6.569392681121826, 12.878774642944336, 109.93220520019531, 139.09877014160156, 33.338645935058594, 10.341936111450195, 119.31118774414062, 240.06417846679688, 110.41331481933594, 4.44630241394043, 111.35651397705078, 368.0076904296875, 304.7362060546875, 115.26688385009766]
[24.5613956451416, 22.022645950317383, -16.6976261138916, 34.59325408935547, 111.58507537841797, 67.93485260009766, -6.070916175842285, 57.3974494934082, 233.62010192871094, 114.41704559326172, -93.42662048339844, 103.18507385253906, 285.509765625, 182.5226287841797, 43.52077865600586, 133.32789611816406]
[24.60665512084961, 14.807984352111816, -11.570930480957031, 62.32243728637695, 120.97147369384766, 21.150835037231445, -2.820157289505005, 167.55154418945312, 189.01083374023438, -32.826663970947266, 77.17310333251953, 229.98976135253906, 172.22854614257812, -26.248361587524414, 322.892822265625, 216.53668212890625]
[24.547513961791992, 9.42979907989502, -2.6086270809173584, 83.3897476196289, 72.7865982055664, -9.72873306274414, 74.73330688476562, 191.87637329101562, 2.2415661811828613, -30.6628360748291, 293.6548767089844, 168.41416931152344, -104.67011260986328, 151.7118377685547, 665.9371337890625, 87.53823852539062]
[22.91713523864746, 0.7028085589408875, 9.521782875061035, 92.86186981201172, 38.76396179199219, -4.325031280517578, 124.27661895751953, 116.41629028320312, -45.30479431152344, 183.4862060546875, 165.56211853027344, -70.4638442993164, 123.05475616455078, 313.7054138183594, 115.06962585449219, 24.39417839050293]
[23.398366928100586, -3.1532297134399414, 24.552894592285156, 101.2077865600586, -12.062749862670898, 33.28646469116211, 148.48916625976562, -9.09692668914795, 57.250362396240234, 195.0146942138672, -13.223071098327637, 74.50385284423828, 268.11651611328125, 77.3404312133789, 92.9126968383789, 451.6439514160156]
[22.30524253845215, -7.0990190505981445, 38.94849395751953, 81.85501861572266, -13.722481727600098, 108.45793151855469, 116.34290313720703, -31.48367691040039, 191.68136596679688, 114.37812042236328, 22.34132957458496, 222.9473419189453, 118.41272735595703, 35.63437271118164, 314.00555419921875, 20.92421531677246]
[21.256498336791992, -10.361652374267578, 51.24879455566406, 51.948726654052734, -1.213581919670105, 134.6914520263672, 40.700897216796875, 46.08157730102539, 187.37850952148438, -55.97064971923828, 154.58546447753906, 247.74317932128906, -65.88621520996094, 292.7666931152344, 124.41276550292969, 86.1225814819336]
[19.755483627319336, -9.853385925292969, 63.051639556884766, 24.79273796081543, 23.910659790039062, 125.31039428710938, -4.049432277679443, 142.41807556152344, 102.47862243652344, -0.5855973362922668, 338.774169921875, -80.86799621582031, 147.28395080566406, 175.34445190429688, 71.73949432373047, 651.4796142578125]
[18.12525177001953, -8.837093353271484, 68.44515991210938, 0.9186661243438721, 62.51743698120117, 90.49919128417969, 2.1898715496063232, 191.54998779296875, -23.944154739379883, 320.0738525390625, 132.2598876953125, 72.24555206298828, 582.0491943359375, 23.731931686401367, 329.1556396484375, 289.4922790527344]
[16.746931076049805, -1.102091670036316, 78.10492706298828, -7.726241588592529, 101.57653045654297, 33.1860237121582, 64.14122772216797, 121.27632904052734, -43.73265838623047, 306.6531066894531, -105.08230590820312, 270.3146667480469, 172.94004821777344, 251.4342041015625, 178.90306091308594, -153.22320556640625]
[15.016683578491211, 1.3316513299942017, 70.32457733154297, -4.398312091827393, 130.45187377929688, -2.248795986175537, 140.32504272460938, 22.17293357849121, 101.57748413085938, 118.85338592529297, 54.45366287231445, 225.0951690673828, -90.63823699951172, 671.8988037109375, -21.079479217529297, 231.828369140625]
[13.641528129577637, 6.9742112159729, 57.84599685668945, 0.6642861366271973, 126.42578125, -27.468944549560547, 155.70887756347656, -60.671600341796875, 227.95628356933594, -23.99770164489746, 434.4565734863281, -33.260154724121094, 220.58990478515625, 194.27401733398438, 161.6949920654297, 178.9053497314453]
[11.724954605102539, 14.4921236038208, 41.43537139892578, 17.21735954284668, 74.42325592041016, 28.7822265625, 130.64170837402344, 19.675678253173828, 144.3048095703125, 17.161535263061523, 483.7935485839844, -57.78310775756836, 243.20912170410156, -46.064266204833984, 337.6195373535156, 34.37236785888672]
[10.0, 21.32551383972168, 26.239551544189453, 48.34512710571289, 34.24592208862305, 84.46542358398438, 41.052398681640625, 231.64736938476562, 21.570791244506836, 130.94728088378906, 57.41490936279297, 196.27670288085938, 45.7853889465332, 331.6261291503906, 96.919189453125, 200.48797607421875]
[8.170859336853027, 28.550701141357422, 11.381579399108887, 74.14219665527344, 5.19600248336792, 114.39630126953125, -21.95655059814453, 212.6605987548828, 19.662405014038086, 286.49859619140625, 39.404052734375, 213.92921447753906, 49.84169387817383, 196.3428955078125, 7.640250205993652, 194.98509216308594]
[6.572369575500488, 35.8001594543457, 0.9471324682235718, 98.95093536376953, -26.050260543823242, 121.44093322753906, -33.466575622558594, 136.63540649414062, 15.69170093536377, 129.9477081298828, 120.07905578613281, 36.77049255371094, 274.27789306640625, -111.33497619628906, 482.2442932128906, -42.712135314941406]
[4.8987650871276855, 40.03848648071289, -12.328855514526367, 98.07621002197266, -18.4068660736084, 121.47789764404297, 57.026912689208984, 63.50068664550781, 197.5193328857422, -30.092552185058594, 181.0243682861328, -147.61907958984375, 205.2280731201172, 32.731422424316406, 292.11456298828125, 323.0318298339844]
[2.9612629413604736, 43.29999923706055, -13.575406074523926, 85.28377532958984, 20.09449577331543, 48.704193115234375, 121.19126892089844, -48.70814514160156, 223.22103881835938, 38.043701171875, 143.92575073242188, 350.76513671875, 49.5266227722168, 430.1634521484375, -195.3375701904297, 399.1488037109375]
[1.6495726108551025, 46.9017219543457, -6.764693737030029, 71.20243072509766, 61.45933151245117, 9.092790603637695, 148.6728057861328, -34.53615951538086, 239.78065490722656, 183.00576782226562, -12.474641799926758, 487.1407775878906, -18.467357635498047, 134.39149475097656, 599.8839111328125, -128.65904235839844]
[0.1445782333612442, 49.70228958129883, -4.1408562660217285, 38.56674575805664, 110.13003540039062, -30.289121627807617, 139.50367736816406, 88.1892318725586, -25.154932022094727, 287.8514099121094, 58.41936111450195, 89.12833404541016, 273.5458679199219, 36.243309020996094, 196.25514221191406, 181.23593139648438]
[-1.1861554384231567, 49.95869827270508, 15.186408042907715, 6.150169372558594, 112.68021392822266, -14.057572364807129, 57.726409912109375, 189.03428649902344, -86.89534759521484, 125.59291076660156, 226.1708984375, -61.951011657714844, 248.99954223632812, 255.93722534179688, 19.882883071899414, 353.4951477050781]
[-1.9370068311691284, 43.678348541259766, 28.939468383789062, -6.055473804473877, 114.8912582397461, 59.87921142578125, 6.53524112701416, 204.49874877929688, 93.74114227294922, -26.96624755859375, 229.52874755859375, 123.56024932861328, 35.337135314941406, 245.15606689453125, 157.0293731689453, -112.29196166992188]
[-2.603303909301758, 40.75962448120117, 42.898685455322266, -9.582003593444824, 82.08727264404297, 110.77439880371094, -39.50218963623047, 82.04776763916016, 251.41571044921875, 29.63351821899414, 47.19330978393555, 268.4757080078125, 13.127456665039062, -52.857906341552734, 237.8286590576172, 303.00604248046875]
[-4.01919412612915, 36.54255676269531, 61.77053451538086, -3.655534505844116, 36.41405487060547, 162.06369018554688, 29.145105361938477, -9.055327415466309, 192.72494506835938, 152.86517333984375, 28.244110107421875, 127.5863037109375, 317.1965026855469, 75.9934310913086, -15.387839317321777, 752.1295166015625]
[-3.407809257507324, 29.711952209472656, 67.59457397460938, 4.664238452911377, 5.049615859985352, 125.91118621826172, 137.81480407714844, -5.652467727661133, 65.70773315429688, 242.42742919921875, 109.41949462890625, -92.39859008789062, 182.18365478515625, 283.4379577636719, -19.470163345336914, 71.73053741455078]
[-4.585744380950928, 22.116098403930664, 69.77618408203125, 33.575801849365234, -2.766223907470703, 73.28987884521484, 194.0651397705078, 68.71610260009766, -11.215258598327637, 126.73751831054688, 315.3660583496094, 68.10640716552734, -113.59013366699219, 192.10403442382812, 315.5794982910156, 63.12235641479492]
[-3.891237258911133, 15.360389709472656, 68.95548248291016, 61.270137786865234, -12.092479705810547, 19.519756317138672, 133.5174102783203, 183.26583862304688, 29.109535217285156, -33.409542083740234, 162.6527099609375, 350.6051940917969, 105.52424621582031, -185.06069946289062, 144.24676513671875, 402.57354736328125]
[-4.483413219451904, 8.16044807434082, 60.704925537109375, 77.4291000366211, 22.525245666503906, 1.348173975944519, 64.2068862915039, 158.56845092773438, 127.58796691894531, 43.66847229003906, 24.874921798706055, 184.41929626464844, 653.0972290039062, 324.7518615722656, -146.39088439941406, 57.100181579589844]
[-3.9695444107055664, 2.6942546367645264, 53.47520065307617, 101.2518539428711, 67.07328796386719, 7.344748020172119, 17.308298110961914, 116.59423065185547, 176.27642822265625, 144.86935424804688, -23.885648727416992, 46.45417022705078, 246.01942443847656, 615.7145385742188, 281.61053466796875, 57.286170959472656]
[-2.2195632457733154, -1.483183741569519, 37.01557159423828, 82.69076538085938, 107.26606750488281, 43.95759201049805, -13.847984313964844, -6.416715621948242, 114.7862319946289, 254.89149475097656, 191.1430206298828, 2.517037868499756, -56.368709564208984, 109.26766204833984, 206.88706970214844, 353.29791259765625]
[-2.109112501144409, -3.7994558811187744, 21.5352725982666, 80.9573974609375, 118.68482971191406, 94.947509765625, 17.3411865234375, -57.78324890136719, 34.805694580078125, 125.1538314819336, 225.28341674804688, 190.4209747314453, 155.6368408203125, 64.71434020996094, -27.143325805664062, 25.20702362060547]
[-1.2216819524765015, -7.052909851074219, 4.6775736808776855, 50.29581069946289, 99.27788543701172, 122.66078186035156, 217.91470336914062, 50.54922866821289, -59.859867095947266, -107.61841583251953, 67.73596954345703, 254.21237182617188, 412.6130676269531, 243.0277557373047, 155.23947143554688, 75.05722045898438]
[0.3807819187641144, -7.718421459197998, -7.840031147003174, 26.946247100830078, 82.55443572998047, 145.9791259765625, 288.2664794921875, 128.3447265625, 77.02592468261719, -3.3354218006134033, -159.99876403808594, 6.72888708114624, 70.0899429321289, 194.942138671875, 766.638916015625, 510.81085205078125]
[1.959071397781372, -5.632635593414307, -5.384972095489502, -6.76763916015625, 38.402767181396484, 89.52156829833984, 284.6466979980469, 189.3350830078125, 195.84950256347656, 299.976318359375, 161.7049560546875, 23.94840431213379, -158.8856964111328, 36.96215057373047, 42.26747512817383, 145.683349609375]
[3.4480042457580566, -1.969247579574585, -7.406686782836914, -7.433475971221924, 3.8291780948638916, 37.87279510498047, 75.71379089355469, 117.26558685302734, 183.02145385742188, 257.103515625, 528.1768798828125, 266.97882080078125, 155.78915405273438, 109.7933120727539, 55.00689697265625, 23.97259521484375]
[4.677993297576904, 1.2635501623153687, -9.432631492614746, -14.482229232788086, -31.26421356201172, -12.478679656982422, 14.416375160217285, 44.994239807128906, 66.42009735107422, 137.4652862548828, 222.13633728027344, 313.01983642578125, 288.6734619140625, 379.9654235839844, 247.2371063232422, 275.3492736816406]
[6.575179100036621, 7.965782642364502, 3.6455464363098145, -1.1055824756622314, -5.176497936248779, -34.621185302734375, 5.909512996673584, -55.48016357421875, -65.13484954833984, -8.170926094055176, -6.633970737457275, 53.88957977294922, -2.5920677185058594, 101.78730010986328, 139.86029052734375, 398.7361145019531]
[8.309536933898926, 13.828901290893555, 20.043441772460938, 18.751506805419922, 15.704676628112793, 19.853715896606445, 28.305822372436523, 24.674768447875977, -30.798059463500977, 7.54735803604126, -25.650882720947266, 42.01233673095703, 69.11056518554688, -94.041259765625, -190.86331176757812, -185.8776397705078]
[10.0, 21.48689842224121, 33.84324645996094, 48.70912170410156, 63.93235397338867, 83.30607604980469, 98.83662414550781, 115.49639892578125, 160.28245544433594, 159.4407501220703, 210.9316864013672, 328.8323669433594, 212.12783813476562, 198.34701538085938, 331.9710998535156, 703.403076171875]
[11.798922538757324, 28.143596649169922, 47.768611907958984, 72.1015625, 113.89678955078125, 113.58167266845703, 161.23854064941406, 227.55682373046875, 236.39437866210938, 272.5474853515625, 322.4833679199219, 282.8432312011719, 312.5185241699219, 246.5327911376953, 322.0105895996094, 226.40834045410156]
[13.645905494689941, 34.494869232177734, 60.86463928222656, 83.39723205566406, 110.86337280273438, 150.61624145507812, 161.4070281982422, 168.733642578125, 134.3539581298828, 131.944091796875, 84.3061294555664, 44.573673248291016, 70.3519058227539, 36.994022369384766, -128.3894500732422, -136.14407348632812]
[15.170853614807129, 40.612152099609375, 64.35314178466797, 91.78775024414062, 109.18618774414062, 101.56034851074219, 95.71844482421875, 59.28950881958008, 47.030921936035156, -69.33110046386719, -103.72657775878906, -120.91085815429688, 28.951501846313477, 109.15254974365234, 155.4029083251953, 335.8860778808594]
[17.033418655395508, 43.554405212402344, 75.15544128417969, 88.84412384033203, 84.87928771972656, 48.00593948364258, 11.131416320800781, -72.59579467773438, -46.273963928222656, -23.67692756652832, 80.9554214477539, 159.1265411376953, 200.15200805664062, 440.33660888671875, 240.6251983642578, 263.5805358886719]
[18.67501449584961, 45.6240348815918, 65.79198455810547, 68.70689392089844, 35.46058654785156, 4.753665924072266, -34.26392364501953, 10.509445190429688, 48.90633773803711, 170.42686462402344, 256.93695068359375, 255.6049041748047, 275.17315673828125, 290.3755187988281, 109.15385437011719, -199.99441528320312]
[19.2908878326416, 50.942657470703125, 63.57578659057617, 38.549591064453125, -14.537729263305664, -44.923091888427734, 1.1874686479568481, 161.50990295410156, 148.4722900390625, 200.437744140625, 235.9537353515625, 80.8725814819336, -6.687716007232666, -215.41207885742188, 34.468772888183594, 237.18902587890625]
[21.04449462890625, 48.83196258544922, 47.81552505493164, 9.796398162841797, -22.918481826782227, -9.863718032836914, 84.00383758544922, 172.24864196777344, 415.0107116699219, 128.94161987304688, -1.3039085865020752, -107.7394790649414, -5.199441432952881, 447.66424560546875, 403.0212097167969, 269.5061950683594]
[21.727479934692383, 45.5247802734375, 31.016643524169922, -3.8983917236328125, -3.775761842727661, 59.907649993896484, 173.68319702148438, 156.6600341796875, 157.68833923339844, -75.29561614990234, 2.794884204864502, 131.14491271972656, 645.400634765625, 419.59210205078125, 140.9004364013672, 18.143898010253906]
[22.97531509399414, 40.75484848022461, 16.830717086791992, -7.6645002365112305, 17.001272201538086, 117.98455047607422, 166.0405731201172, 82.40596771240234, -4.690931797027588, -38.870662689208984, 169.5056915283203, 295.39129638671875, 395.5235290527344, 55.51279067993164, 43.744293212890625, 159.31948852539062]
[23.145769119262695, 34.56708908081055, 1.451080083847046, -18.25508689880371, 67.15238952636719, 139.09109497070312, 102.60980987548828, 10.426204681396484, -33.76808547973633, 154.15557861328125, 317.997314453125, 133.6919403076172, -47.155128479003906, 105.22605895996094, 618.7897338867188, 382.9441833496094]
[24.484779357910156, 28.211410522460938, -4.011277198791504, 4.680735111236572, 114.00666809082031, 108.89777374267578, 34.698936462402344, -50.10409164428711, 124.40232849121094, 187.11093139648438, 110.20256805419922, -23.057147979736328, 105.410400390625, 221.21693420410156, 483.9246826171875, -37.3996696472168]
[23.564889907836914, 22.02288246154785, -8.399186134338379, 35.3035774230957, 132.3438262939453, 72.63516235351562, -0.0022769502829760313, 60.07347869873047, 243.2316131591797, 128.8969268798828, -96.36332702636719, 69.58379364013672, 353.0495910644531, 178.7257843017578, 45.28944778442383, 96.0666732788086]
[23.499252319335938, 14.763407707214355, -4.942992210388184, 58.89516067504883, 121.15284729003906, 14.479853630065918, -16.148712158203125, 169.4553985595703, 182.66958618164062, -14.882173538208008, 69.68024444580078, 242.16436767578125, 173.37135314941406, -155.61512756347656, 161.5352020263672, 939.1015625]
[23.991161346435547, 7.554481506347656, -4.886161804199219, 75.82169342041016, 84.050537109375, -25.83501625061035, 73.65573120117188, 187.9405059814453, 3.081332206726074, -18.15326499938965, 219.76385498046875, 182.42469787597656, -155.8997344970703, 171.62429809570312, 236.82496643066406, 46.204750061035156]
[23.3842716217041, 1.7161355018615723, 11.20504379272461, 95.43621826171875, 35.61048126220703, 8.860186576843262, 161.59637451171875, 116.73831939697266, 13.42932415008545, 135.86434936523438, 231.03611755371094, -32.52963638305664, 127.0403060913086, 260.7317810058594, -7.365731239318848, 17.581966400146484]
[22.186546325683594, -1.5063107013702393, 23.481098175048828, 91.21835327148438, -1.0845597982406616, 35.99311447143555, 146.5013885498047, 7.52841854095459, 65.50535583496094, 267.2880554199219, 40.60908508300781, 66.84724426269531, 429.8168640136719, 32.20876693725586, 16.973363876342773, 421.7858581542969]
[21.381107330322266, -6.080132484436035, 38.18730545043945, 78.71102905273438, -33.300315856933594, 108.65222930908203, 127.76824951171875, -22.74773406982422, 159.99246215820312, 128.10443115234375, -60.44956970214844, 243.47239685058594, 112.85259246826172, -99.79432678222656, 426.9790954589844, 142.4759521484375]
[20.882963180541992, -10.78253173828125, 55.96869659423828, 53.507102966308594, -7.063441753387451, 130.55909729003906, 35.5181884765625, 46.770896911621094, 191.8572998046875, -113.2329330444336, 292.33148193359375, 424.7364501953125, -139.21841430664062, 348.6183166503906, 143.7826690673828, 55.0521354675293]
[19.636865615844727, -5.548530101776123, 64.3126220703125, 24.345306396484375, 15.152566909790039, 143.830322265625, -26.80278968811035, 128.6085662841797, 98.59514617919922, -30.047414779663086, 347.89483642578125, -79.51396942138672, 174.94580078125, 234.9485626220703, -67.83000183105469, 226.53721618652344]
[18.494279861450195, -8.853849411010742, 66.92992401123047, -0.1538114994764328, 64.15276336669922, 90.37490844726562, -16.817861557006836, 213.7012939453125, -60.707740783691406, 331.756103515625, 134.63006591796875, 18.868728637695312, 285.4867858886719, -4.562667369842529, 291.519287109375, 116.87809753417969]
[16.96826171875, -3.3689355850219727, 73.52508544921875, -6.8284173011779785, 92.09821319580078, 36.611183166503906, 60.53644561767578, 122.63628387451172, -43.368221282958984, 278.3646545410156, 42.22730255126953, 313.7350769042969, 26.82227897644043, 107.20854187011719, 181.7552032470703, 81.36100006103516]
[15.184110641479492, 1.0662777423858643, 62.32258605957031, -21.540632247924805, 118.21879577636719, -34.040245056152344, 163.30224609375, 18.654329299926758, 105.83837890625, 121.89259338378906, 48.986366271972656, 230.96792602539062, 28.860267639160156, 686.5109252929688, 72.45104217529297, 198.66482543945312]
[13.664548873901367, 8.12121295928955, 54.475589752197266, -6.727914333343506, 108.76668548583984, -21.19367790222168, 194.38687133789062, -30.031673431396484, 200.1029510498047, 21.305086135864258, 200.97288513183594, -33.763092041015625, 165.97291564941406, 177.56520080566406, 171.17178344726562, 170.26602172851562]
[11.697409629821777, 14.43972110748291, 41.533817291259766, 16.732297897338867, 82.46796417236328, 22.646766662597656, 141.3879852294922, -11.314920425415039, 183.75289916992188, -46.3248176574707, 198.77349853515625, -22.322641372680664, 387.8587341308594, -48.2894401550293, 298.20489501953125, 54.696964263916016]
[10.0, 21.510562896728516, 25.7338809967041, 49.55126953125, 34.26057815551758, 85.20612335205078, 47.40060806274414, 124.66851043701172, 41.645652770996094, 182.62506103515625, 0.6066378355026245, 221.2222900390625, 34.15168380737305, 291.0195617675781, 48.13458251953125, 279.7552185058594]
[8.246910095214844, 28.50406837463379, 7.955799579620361, 70.05303192138672, 10.229851722717285, 110.32181549072266, -22.769451141357422, 213.18028259277344, -21.63178253173828, 226.29385375976562, -80.04024505615234, 240.5593719482422, -98.13182830810547, 232.68943786621094, 106.8578109741211, 210.63229370117188]
[6.446808815002441, 35.366851806640625, 0.14201994240283966, 93.9579086303711, -16.922998428344727, 120.90656280517578, 6.073806285858154, 175.54507446289062, 8.83668327331543, 122.99479675292969, 137.61398315429688, 40.375152587890625, 399.83551025390625, -129.66128540039062, 642.315673828125, -138.244140625]
[4.597861289978027, 38.697021484375, -11.79480266571045, 88.98920440673828, -24.53864097595215, 96.8590316772461, 100.42100524902344, 61.045509338378906, 161.91302490234375, -17.580286026000977, 303.6596374511719, -4.342492580413818, 511.0606384277344, 36.6262321472168, 275.409912109375, 527.8345336914062]
[3.4819397926330566, 43.9486198425293, -12.354058265686035, 92.47412872314453, 21.36333465576172, 52.223716735839844, 283.36676025390625, -58.79871368408203, 176.06285095214844, 9.83874797821045, 144.63255310058594, 147.74676513671875, 41.0703125, 251.10577392578125, 14.838834762573242, 596.9803466796875]
[1.3119220733642578, 48.63916015625, -6.677270412445068, 68.31349182128906, 64.50770568847656, -0.19559061527252197, 349.4321594238281, 16.100509643554688, 119.70293426513672, 174.1365509033203, -40.53148651123047, 227.15858459472656, 70.5202407836914, 133.2146453857422, 357.2330627441406, -246.33380126953125]
[0.20542721450328827, 50.02566909790039, 1.2833290100097656, 38.71125793457031, 105.22743225097656, -8.179898262023926, 120.19466400146484, 91.84130096435547, -23.983633041381836, 204.7749481201172, 64.70462799072266, 91.70624542236328, 330.181396484375, -106.83867645263672, 182.52865600585938, 257.8772888183594]
[-1.1306514739990234, 48.144020080566406, 14.292832374572754, 13.351802825927734, 123.81279754638672, -6.633374214172363, 52.73271560668945, 189.72718811035156, 9.968811988830566, 125.86030578613281, 250.2869415283203, -112.31767272949219, 256.34295654296875, 198.31735229492188, -165.32345581054688, 319.5677490234375]
[-2.506192445755005, 45.63673400878906, 28.816598892211914, -4.43137788772583, 117.90758514404297, 59.904090881347656, -37.57411193847656, 151.52069091796875, 94.0157470703125, -72.9693374633789, 256.53448486328125, 126.09622955322266, -1.3099454641342163, 365.0760498046875, 153.82711791992188, -138.1100616455078]
[-2.577801465988159, 40.235992431640625, 43.74356460571289, -18.802738189697266, 77.10872650146484, 124.41752624511719, -37.73558807373047, 84.26300048828125, 443.42218017578125, -29.437551498413086, 78.43407440185547, 260.5104675292969, 54.993751525878906, -42.84479904174805, 233.28379821777344, 159.07740783691406]
[-3.866807222366333, 33.915748596191406, 55.266075134277344, -18.58993148803711, 36.47366714477539, 141.1204071044922, 29.46137809753418, -57.2614860534668, 334.8493347167969, 174.97607421875, 9.120174407958984, 139.80352783203125, 302.3891906738281, 18.28314208984375, -48.2010498046875, 276.2842102050781]
[-3.2890563011169434, 29.429262161254883, 71.71548461914062, 7.6689772605896, 5.110412120819092, 115.1128921508789, 131.06773376464844, -88.00587463378906, 114.38337707519531, 232.55137634277344, 109.54210662841797, -94.895751953125, 153.10313415527344, 420.29351806640625, 3.0774006843566895, 35.104217529296875]
[-4.23766565322876, 22.29155731201172, 74.02921295166016, 34.01692199707031, -19.15827178955078, 72.94508361816406, 151.242919921875, 119.769287109375, 3.306455612182617, 122.19186401367188, 303.2337951660156, 77.62196350097656, 2.445424795150757, 185.360595703125, 310.0571594238281, 68.26763153076172]
[-4.794058799743652, 15.163262367248535, 67.12835693359375, 60.88983917236328, -13.657660484313965, 17.727773666381836, 168.10891723632812, 141.0493621826172, 4.768627166748047, -54.867584228515625, 318.59771728515625, 540.5887451171875, 110.03031158447266, 14.870881080627441, 142.99325561523438, 356.6725158691406]
[-3.454611301422119, 9.436270713806152, 60.331085205078125, 78.69583129882812, 25.97141456604004, -17.30802345275879, 65.75962829589844, 197.3078155517578, 169.80081176757812, 33.16484069824219, -64.01561737060547, 359.7896423339844, 341.0102233886719, 342.3390197753906, -111.03091430664062, 123.7928237915039]
[-3.0019009113311768, 2.7557272911071777, 49.54268264770508, 103.25301361083984, 65.47164916992188, -24.41225242614746, -5.822098731994629, 111.6380844116211, 208.43923950195312, 168.08602905273438, 41.453643798828125, -34.82284927368164, 132.64291381835938, 752.3963012695312, 248.67340087890625, 125.62551879882812]
[-2.9971866607666016, -2.8226430416107178, 35.59145736694336, 88.5971450805664, 89.29691314697266, 41.60533905029297, -9.910755157470703, 0.044856227934360504, 151.5773162841797, 239.14044189453125, 179.44708251953125, 37.68056869506836, -90.21640014648438, 139.7818145751953, 190.7506561279297, 327.2764587402344]
[-1.8894615173339844, -7.279318332672119, 19.654308319091797, 73.9757308959961, 110.64179992675781, 104.51445007324219, 24.642127990722656, -16.88387107849121, 0.8595883846282959, 116.52154541015625, 198.9022979736328, 235.40106201171875, 154.0430145263672, -110.04765319824219, -57.8498649597168, 123.7614517211914]
[-0.9873229265213013, -9.1126708984375, 3.5402283668518066, 54.37748718261719, 116.266357421875, 136.90687561035156, 101.56218719482422, 35.593017578125, -26.72929573059082, -13.449322700500488, 56.95398712158203, 259.79571533203125, 326.0455627441406, 222.7429962158203, 330.4119873046875, 26.95857810974121]
[0.6824446320533752, -9.72363567352295, -7.2251715660095215, 25.943069458007812, 78.76873016357422, 156.87835693359375, 174.6949920654297, 154.84661865234375, 81.73414611816406, 36.51475143432617, -104.88578033447266, -46.63969421386719, 81.90242004394531, 263.7345275878906, 711.61376953125, 903.2786254882812]
[2.05592679977417, -7.879161357879639, -5.465060234069824, 2.5416884422302246, 36.610294342041016, 89.12036895751953, 151.3755340576172, 210.74957275390625, 224.0753936767578, 358.1310119628906, 87.15141296386719, -26.244935989379883, -10.828736305236816, 6.026719093322754, 56.54534149169922, 261.311767578125]
[3.010369300842285, -1.5837249755859375, -15.463090896606445, -22.663869857788086, -14.010336875915527, 33.05135726928711, 77.462890625, 116.72750091552734, 211.44520568847656, 292.5479431152344, 230.39759826660156, 295.3500061035156, 399.25799560546875, 130.77503967285156, 97.25464630126953, 16.849140167236328]
[4.590484619140625, 0.005966622848063707, -8.2802095413208, -23.815950393676758, -18.71702766418457, -34.13363265991211, 19.145153045654297, 25.44243812561035, 72.75228881835938, 113.71761322021484, 159.7790069580078, 262.8000183105469, 712.653564453125, 388.5518493652344, 483.7015075683594, 248.53680419921875]
[6.484705448150635, 6.473061561584473, 7.483676433563232, -0.40015846490859985, -3.0181446075439453, -29.325496673583984, -52.3741455078125, 7.1648736000061035, -73.49700164794922, -1.2369192838668823, -42.75193786621094, -38.003944396972656, 69.06046295166016, 110.01686096191406, 139.45030212402344, 206.89915466308594]
[8.146400451660156, 13.794153213500977, 19.510459899902344, 20.4325008392334, 19.193918228149414, 14.961109161376953, 11.06167984008789, -3.3689563274383545, 15.747303009033203, 14.322980880737305, -36.662288665771484, -11.254806518554688, -105.16798400878906, -2.140204668045044, -10.37116813659668, -187.2882537841797]
[10.0, 21.50009536743164, 33.60951232910156, 48.22880935668945, 61.925724029541016, 80.71864318847656, 100.2580337524414, 127.91168975830078, 119.47584533691406, 132.2611846923828, 207.57366943359375, 256.91986083984375, 206.04168701171875, 298.59466552734375, 271.8054504394531, 426.04998779296875]
[11.798343658447266, 28.094558715820312, 50.222984313964844, 72.39298248291016, 91.12442779541016, 146.91397094726562, 154.33871459960938, 176.8133544921875, 179.39198303222656, 215.6739044189453, 202.52224731445312, 330.75909423828125, 192.42457580566406, 345.4039306640625, 201.14442443847656, 275.41693115234375]
[13.572722434997559, 34.11025619506836, 63.94132614135742, 98.06692504882812, 111.79686737060547, 165.0406036376953, 135.32839965820312, 167.15858459472656, 169.09950256347656, 129.57803344726562, 97.1914291381836, 72.33687591552734, -69.9793701171875, -27.42076873779297, -112.08665466308594, -48.9270133972168]
[14.982316970825195, 38.65821075439453, 67.51200103759766, 91.16983795166016, 102.92475128173828, 122.07009887695312, 91.28634643554688, 60.9164924621582, 22.767181396484375, -65.48554229736328, 10.94259262084961, 23.96902084350586, 14.20079517364502, 98.43060302734375, 173.9984588623047, 282.5265808105469]
[16.835573196411133, 42.4094352722168, 71.07550811767578, 80.45196533203125, 79.02628326416016, 47.509437561035156, 4.049560070037842, -3.301474094390869, -19.25282859802246, -36.23671340942383, 53.030548095703125, 164.9430694580078, 232.14402770996094, 344.8202209472656, 274.8902893066406, 385.9854736328125]
[18.70499610900879, 49.71834945678711, 68.7049560546875, 63.51034164428711, 32.8540153503418, 3.3488857746124268, -52.27920913696289, -5.737635135650635, 53.50246810913086, 158.6920166015625, 176.0638885498047, 338.0200500488281, 240.05545043945312, 132.99615478515625, 35.88368606567383, -155.49313354492188]
[19.269973754882812, 50.89722442626953, 57.39503860473633, 38.462615966796875, 10.22286319732666, -6.605208396911621, 16.021812438964844, 91.01515197753906, 220.4154510498047, 215.9336395263672, 238.10162353515625, 86.45515441894531, 36.170021057128906, -218.1350860595703, -32.31415557861328, 193.87814331054688]
[20.835927963256836, 48.756492614746094, 48.49077606201172, 11.842738151550293, -5.6969780921936035, 8.145292282104492, 87.57701110839844, 144.4483184814453, 169.8635711669922, 135.52357482910156, 20.66972541809082, -110.40901947021484, 70.44447326660156, 446.87841796875, 311.2731018066406, 294.1205139160156]
[21.69207191467285, 44.67718505859375, 31.13382339477539, -1.22810959815979, -6.662919044494629, 59.882564544677734, 162.16685485839844, 151.7540740966797, 86.84000396728516, -63.22856521606445, 49.81573486328125, 249.7772674560547, 334.7718811035156, 684.6050415039062, 268.1651306152344, -112.43336486816406]
[23.159042358398438, 39.67813491821289, 16.654874801635742, -9.282323837280273, 19.87276268005371, 129.1411590576172, 158.58404541015625, 83.19487762451172, -26.978984832763672, -11.171804428100586, 151.12904357910156, 570.0516357421875, 220.00479125976562, -28.9536190032959, -181.2342529296875, 326.70050048828125]
[23.44513702392578, 34.20059585571289, 2.905792236328125, -10.427286148071289, 65.86872863769531, 165.704345703125, 95.75942993164062, -9.924294471740723, 25.973228454589844, 132.56517028808594, 427.2247314453125, 242.3737335205078, -14.909400939941406, 93.45629119873047, 536.2410888671875, 895.2144775390625]
[24.49038314819336, 28.215543746948242, -12.749531745910645, 3.6193161010742188, 114.71134185791016, 126.50562286376953, 0.6969748139381409, -25.77391242980957, 246.3406524658203, 222.4186553955078, 208.87803649902344, -23.96296501159668, 103.83111572265625, 351.20928955078125, 290.45428466796875, -10.504220962524414]
[23.891881942749023, 22.237316131591797, -10.659968376159668, 33.720176696777344, 131.70359802246094, 68.5681381225586, -33.50678634643555, 56.173465728759766, 497.2982482910156, 121.68257141113281, -50.307804107666016, 83.88529205322266, 389.0940246582031, 199.259033203125, -126.42436981201172, 59.018680572509766]
[24.550989151000977, 15.024628639221191, -6.374743461608887, 64.14205932617188, 100.94275665283203, 15.58473014831543, 14.894966125488281, 135.47584533691406, 335.7344970703125, -37.52312088012695, 71.32656860351562, 344.0477600097656, 170.29148864746094, -63.74439239501953, 160.16360473632812, 398.02984619140625]
[24.50507926940918, 7.242650032043457, -7.3561177253723145, 86.71150970458984, 81.08320617675781, -17.702150344848633, 162.92440795898438, 196.46795654296875, 13.532944679260254, -19.142372131347656, 286.03759765625, 154.59799194335938, 53.927642822265625, 168.17620849609375, 327.0691223144531, 80.93448638916016]
[23.257654190063477, 3.7476818561553955, 11.676494598388672, 92.0963134765625, 34.38076400756836, -12.055130958557129, 258.06011962890625, 114.4793472290039, -88.55774688720703, 184.9249267578125, 238.1988525390625, -88.59691619873047, 236.9285125732422, 410.74615478515625, -5.439006328582764, -25.179670333862305]
[23.034427642822266, -1.917798638343811, 23.45659828186035, 99.59864044189453, -13.452130317687988, 33.67576599121094, 176.96246337890625, -17.83057403564453, 40.01136779785156, 274.5796813964844, -11.772905349731445, 55.089073181152344, 642.206298828125, 40.855281829833984, 88.35076141357422, 420.00372314453125]
[21.651185989379883, -8.25147533416748, 39.35474395751953, 71.51105499267578, -3.2033274173736572, 109.83805847167969, 124.08373260498047, -51.88182067871094, 176.99563598632812, 136.65444946289062, -14.524611473083496, 350.5373229980469, 201.7196044921875, 61.222557067871094, 294.8426513671875, 22.23873519897461]
[20.66447639465332, -6.774359703063965, 53.548583984375, 52.98786544799805, -10.417984008789062, 164.6418914794922, 32.466522216796875, 69.45874786376953, 207.0128936767578, -103.6073226928711, 148.50477600097656, 266.7147521972656, -6.630206108093262, 395.1553649902344, 134.61790466308594, 122.60145568847656]
[20.09435272216797, -8.67020320892334, 66.49880981445312, 24.52910614013672, 24.179231643676758, 132.65419006347656, -8.223949432373047, 123.43907928466797, 102.98200988769531, 18.217945098876953, 186.3158721923828, 59.577327728271484, 171.6396026611328, 287.0069274902344, 29.382984161376953, 217.0541534423828]
[17.901491165161133, -7.867685317993164, 66.06449127197266, -2.9362986087799072, 63.31184387207031, 100.19453430175781, 10.227374076843262, 230.00975036621094, -10.749704360961914, 287.9957580566406, 127.12945556640625, -52.4316520690918, 415.7383117675781, -150.12786865234375, 375.4732666015625, 128.00563049316406]
[16.901695251464844, -5.136272430419922, 77.35748291015625, -20.31147575378418, 107.32099914550781, 36.95256042480469, 63.81552505493164, 128.7362518310547, -54.81503677368164, 195.70375061035156, -49.74117660522461, 289.88134765625, 39.94888687133789, 129.85638427734375, 302.1347961425781, -160.7257537841797]
[15.193865776062012, 1.8261065483093262, 64.13872528076172, -14.282015800476074, 124.13897705078125, -10.116512298583984, 165.1680450439453, 46.32343292236328, 101.22534942626953, 122.62419128417969, 7.442497730255127, 170.25743103027344, -144.1957244873047, 291.6482849121094, -93.7060546875, 326.1349182128906]
[13.627495765686035, 8.132413864135742, 58.62651824951172, -10.508867263793945, 118.5575180053711, -28.19562339782715, 149.1327667236328, 0.9105870127677917, 200.92794799804688, -83.90492248535156, 272.6522216796875, -31.357412338256836, 227.9867401123047, 211.6240997314453, 166.4519805908203, 374.014892578125]
[11.819084167480469, 13.889411926269531, 42.25271987915039, 23.176734924316406, 83.40328979492188, 25.292438507080078, 124.85626220703125, 37.26228713989258, 205.46719360351562, -36.76662826538086, 254.1172637939453, 4.649742603302002, 245.3948211669922, -122.21221160888672, 770.2620239257812, -6.90162992477417]
[10.0, 21.284555435180664, 26.28961181640625, 49.28861999511719, 37.83845520019531, 83.54289245605469, 84.8954849243164, 238.4263916015625, 76.2672348022461, 340.52386474609375, 75.40827941894531, 430.0193176269531, 87.01201629638672, 467.3045349121094, -44.68981170654297, 666.9364624023438]
[8.24746322631836, 28.546403884887695, 9.744956970214844, 75.536376953125, -7.58579683303833, 132.2883758544922, -51.41489791870117, 377.51812744140625, -105.22234344482422, 557.9198608398438, -39.21259307861328, 506.5724792480469, -71.87934112548828, 526.1220092773438, 91.59286499023438, 455.847900390625]
[6.59464168548584, 36.131744384765625, 1.3506985902786255, 98.91281127929688, -32.78995132446289, 152.126220703125, -3.312551498413086, 177.01988220214844, 26.67961311340332, 117.20394134521484, 119.8795166015625, 25.376855850219727, 241.41310119628906, 89.01251220703125, 280.3568420410156, -110.08356475830078]
[4.820602893829346, 40.25806427001953, -4.488186359405518, 105.84616088867188, -20.390565872192383, 120.40125274658203, 53.719398498535156, 49.515716552734375, 188.3764190673828, 9.163446426391602, 337.8335266113281, 22.956480026245117, 266.09967041015625, 75.37149047851562, 127.60563659667969, 196.72178649902344]
[3.1461679935455322, 42.56827926635742, -9.68480396270752, 80.98626708984375, 15.566161155700684, 51.354957580566406, 127.02413177490234, -67.9619369506836, 206.72625732421875, 32.45757293701172, 150.90692138671875, 188.44467163085938, -64.61038970947266, 221.97933959960938, -98.31546020507812, 393.56585693359375]
[1.9571897983551025, 48.776390075683594, -9.39074993133545, 66.46080017089844, 65.71473693847656, -14.992807388305664, 168.79928588867188, -33.846675872802734, 111.43551635742188, 149.2517547607422, 14.821798324584961, 228.61376953125, 54.61262512207031, 134.6128692626953, 288.8500671386719, 48.990394592285156]
[-0.12565137445926666, 49.52348327636719, 0.7981656193733215, 38.820701599121094, 100.02269744873047, -43.358863830566406, 154.50558471679688, 91.93295288085938, 24.698570251464844, 275.29132080078125, -26.84369468688965, 75.99981689453125, 308.6509704589844, -81.04705047607422, 226.1793212890625, 243.41586303710938]
[-0.3541310429573059, 47.6889533996582, 12.933424949645996, 12.776411056518555, 130.24940490722656, -11.809566497802734, 53.56319046020508, 206.8256072998047, -24.916088104248047, 127.0179443359375, 164.72364807128906, -35.72059631347656, 269.3351745605469, 170.70689392089844, 1.4290975332260132, 266.0802917480469]
[-1.9748294353485107, 45.3675651550293, 28.989303588867188, -4.0891289710998535, 97.17985534667969, 59.87267303466797, -42.86405563354492, 190.46495056152344, 94.00118255615234, -39.980587005615234, 252.28204345703125, 126.16253662109375, -100.6208267211914, 374.56585693359375, 173.7941436767578, -110.21611785888672]
[-2.283169746398926, 41.01677703857422, 45.92750930786133, -27.33894920349121, 78.83544921875, 112.0890121459961, -46.015892028808594, 84.2111587524414, 179.8822784423828, -30.578271865844727, 35.927101135253906, 337.6561584472656, 75.02558135986328, 37.66275405883789, 366.3264465332031, 158.44375610351562]
[-3.8023133277893066, 35.88665008544922, 56.79512023925781, -11.184470176696777, 35.18827438354492, 157.790283203125, 35.22300720214844, -28.341266632080078, 189.16729736328125, 166.92222595214844, 21.748638153076172, 130.62429809570312, 249.7767333984375, 74.94500732421875, 59.59294891357422, 263.00787353515625]
[-3.380642890930176, 29.752147674560547, 66.9238052368164, 4.955801486968994, -3.6994149684906006, 116.97393035888672, 115.31832122802734, -48.43925094604492, 50.578895568847656, 184.03807067871094, 109.71122741699219, -30.149991989135742, 204.61996459960938, 270.01129150390625, -34.65916061401367, -142.82925415039062]
[-4.41627311706543, 21.983806610107422, 77.30226135253906, 35.32640838623047, -22.91950035095215, 72.75684356689453, 144.81788635253906, 69.13851928710938, -60.731658935546875, 128.4024200439453, 263.0309143066406, 65.46968078613281, -74.85198974609375, 189.29302978515625, 487.230712890625, 142.56002807617188]
[-3.4173901081085205, 15.468934059143066, 74.63704681396484, 58.75807189941406, -16.648887634277344, 19.25064468383789, 152.9615478515625, 134.26844787597656, 13.430768966674805, 15.226078033447266, 194.13287353515625, 375.4087219238281, 98.92674255371094, 35.58791732788086, 141.17425537109375, 558.4719848632812]
[-4.326385974884033, 7.758844375610352, 65.9052505493164, 81.61129760742188, 20.86973762512207, -31.013574600219727, 65.7882080078125, 199.5524139404297, 160.9379425048828, 24.116159439086914, -70.75066375732422, 157.12774658203125, 361.02423095703125, 165.1417236328125, -156.21847534179688, 53.497371673583984]
[-3.7577688694000244, 1.4601317644119263, 48.25492477416992, 105.73785400390625, 60.847904205322266, -8.851569175720215, -17.16333770751953, 102.46892547607422, 256.0545349121094, 136.69464111328125, 31.249528884887695, -111.24591064453125, 136.7995147705078, 299.2627258300781, 715.655517578125, 138.09178161621094]
[-3.145275831222534, -2.2207882404327393, 35.678001403808594, 95.6715087890625, 102.53385925292969, 34.790428161621094, -44.5017204284668, 8.710219383239746, 119.666015625, 274.9718017578125, 169.68508911132812, 23.634605407714844, 33.698760986328125, 133.62716674804688, 518.3528442382812, 846.8466186523438]
[-1.607405662536621, -7.66338586807251, 19.301342010498047, 78.93685150146484, 126.07907104492188, 89.88368225097656, 32.0968017578125, -22.55388069152832, 4.708009719848633, 122.14198303222656, 219.3481903076172, 245.6874237060547, 154.57073974609375, -77.12934112548828, -98.74262237548828, 106.44612121582031]
[-0.4225771129131317, -8.367690086364746, 5.953661918640137, 50.74892044067383, 101.37924194335938, 144.5048065185547, 110.59044647216797, 46.83285903930664, 17.434192657470703, -82.04749298095703, 59.33489990234375, 164.7482452392578, 553.216064453125, 641.0206298828125, 153.85382080078125, 35.78568649291992]
[0.5678538680076599, -7.938774585723877, -4.185910224914551, 27.366540908813477, 84.2526626586914, 135.38807678222656, 196.77032470703125, 138.42808532714844, 76.63416290283203, 3.1516568660736084, 0.39438074827194214, -32.92829513549805, 161.3280487060547, 191.51083374023438, 487.703857421875, 317.7382507324219]
[1.484060287475586, -6.717371463775635, -10.735126495361328, -0.5552799105644226, 36.205135345458984, 93.99268341064453, 174.01455688476562, 229.04135131835938, 208.7590789794922, 149.49029541015625, 91.45183563232422, -20.70967674255371, -159.7294158935547, -131.58018493652344, -65.13502502441406, 136.70846557617188]
[2.9567599296569824, -4.425559997558594, -16.124629974365234, -15.764310836791992, 4.488083839416504, 29.33981704711914, 77.45832824707031, 119.67687225341797, 211.55154418945312, 254.49960327148438, 489.2784423828125, 443.7001953125, 219.52210998535156, 129.32737731933594, 26.01355743408203, 93.5660171508789]
[4.926307678222656, 0.5660549998283386, -9.31313419342041, -6.48748254776001, -27.788433074951172, -11.519229888916016, 6.222736358642578, 15.228014945983887, 64.51981353759766, 117.03581237792969, 416.65533447265625, 269.2225341796875, 340.9247741699219, 471.2534484863281, 365.2110900878906, 472.3979187011719]
[6.365703582763672, 8.006268501281738, 7.919180393218994, 3.7227110862731934, -17.03331756591797, -32.7747917175293, -52.407039642333984, -55.0315055847168, -62.52709197998047, -2.13077712059021, -61.81883239746094, 48.26152801513672, 57.6473274230957, 105.05886840820312, 145.7166290283203, 211.2798614501953]
[8.233735084533691, 14.166983604431152, 18.441890716552734, 23.657081604003906, 20.779470443725586, 8.496769905090332, 29.28415870666504, -2.5432612895965576, 24.692310333251953, -32.48411178588867, -49.80561065673828, 61.48762130737305, 10.089937210083008, 44.12897872924805, 44.947391510009766, 15.498373031616211]
[10.0, 21.526914596557617, 33.986595153808594, 48.54456329345703, 66.72679901123047, 85.94922637939453, 109.29430389404297, 122.95606994628906, 125.65222930908203, 365.93890380859375, 191.72604370117188, 187.63772583007812, 236.50009155273438, 263.2113952636719, 363.8120422363281, 352.15997314453125]
[11.69838809967041, 28.208269119262695, 47.728797912597656, 75.95270538330078, 95.77814483642578, 136.5955810546875, 160.27957153320312, 189.5916290283203, 435.2108154296875, 402.5877990722656, 290.8572998046875, 201.50648498535156, 184.83399963378906, 340.015380859375, 297.9017333984375, 249.38482666015625]
[13.349777221679688, 36.32666015625, 65.69314575195312, 91.45512390136719, 111.90092468261719, 150.34397888183594, 174.08828735351562, 171.21519470214844, 249.34140014648438, 120.21002960205078, 93.2741928100586, 75.35929870605469, -17.983850479125977, -11.552218437194824, 19.70194435119629, 2.4860494136810303]
[15.199671745300293, 39.54241180419922, 72.22265625, 107.57960510253906, 116.28626251220703, 112.88298034667969, 87.4821548461914, 56.63587188720703, 5.305646896362305, -18.432233810424805, -37.5624885559082, -126.15872955322266, -56.54779052734375, 47.29399108886719, 166.2335662841797, 294.2968444824219]
[16.751440048217773, 45.850555419921875, 75.94673156738281, 86.64900207519531, 79.70928192138672, 49.50417709350586, 7.684208869934082, 12.17248821258545, 9.848161697387695, 3.3279316425323486, 67.50627899169922, 186.53831481933594, 220.6103515625, 412.33013916015625, 438.2724304199219, 472.8980712890625]
[18.000450134277344, 46.398399353027344, 70.12749481201172, 69.70980834960938, 34.06884765625, 10.84738826751709, -6.2372331619262695, -28.079469680786133, 49.380428314208984, 146.52850341796875, 309.5512390136719, 235.87957763671875, 221.78317260742188, 135.3515625, 18.54414176940918, 1.1933660507202148]
[19.688255310058594, 47.67765808105469, 62.002193450927734, 38.79416275024414, 1.831810474395752, -19.25550079345703, 7.208372116088867, 183.01895141601562, 165.85435485839844, 203.34120178222656, 199.48968505859375, 89.18011474609375, -17.149368286132812, -123.59024810791016, 53.69426727294922, 440.2131042480469]
[20.87571144104004, 46.47793197631836, 45.88993453979492, 12.736005783081055, -13.241423606872559, 0.17611899971961975, 81.50682067871094, 324.9496765136719, 184.59019470214844, 132.44398498535156, 48.747100830078125, -3.272878646850586, 50.82841110229492, 191.02365112304688, 573.5369873046875, 457.1009826660156]
[21.88005256652832, 43.07033157348633, 31.08857536315918, -3.3928017616271973, -0.20480377972126007, 59.85707092285156, 161.47775268554688, 188.80958557128906, 86.42073059082031, -78.49430847167969, 20.627178192138672, 123.98371124267578, 341.8090515136719, 584.114990234375, 236.2902069091797, -133.22572326660156]
[22.278240203857422, 40.54978942871094, 13.654674530029297, -24.986032485961914, 13.765109062194824, 109.53136444091797, 365.5896911621094, 81.9344482421875, -23.50467872619629, -16.340572357177734, 168.18533325195312, 267.3687438964844, 221.67796325683594, -77.77716064453125, -57.75677490234375, 158.6903076171875]
[23.77944564819336, 36.9964485168457, 2.7848737239837646, -1.503476858139038, 65.14417266845703, 126.35215759277344, 208.07321166992188, -35.604095458984375, 14.494827270507812, 132.58128356933594, 344.1876525878906, 135.20599365234375, -52.62562942504883, 117.67608642578125, 298.22845458984375, 287.7342529296875]
[23.35955810546875, 29.24300193786621, -2.83351993560791, 12.931492805480957, 95.62617492675781, 142.91061401367188, 41.308494567871094, -9.881623268127441, 115.275146484375, 258.60626220703125, 110.24385070800781, -10.375813484191895, 57.76591873168945, 297.37042236328125, 286.6618957519531, 36.770057678222656]
[24.478073120117188, 22.240522384643555, -16.57868766784668, 35.38407516479492, 122.17107391357422, 71.32704162597656, -22.94694709777832, 64.34850311279297, 176.6365509033203, 128.7772216796875, -18.388208389282227, 84.70101165771484, 630.1253662109375, 190.91012573242188, -164.0530548095703, 75.17162322998047]
[23.59146499633789, 15.403765678405762, -7.981524467468262, 62.227630615234375, 115.71311950683594, 18.127538681030273, 9.062785148620605, 183.5294189453125, 148.1925506591797, -84.38352966308594, 66.17755889892578, 237.6397705078125, 300.75897216796875, -4.965085506439209, 165.99298095703125, 459.4072265625]
[23.48546028137207, 8.572477340698242, -7.326982021331787, 86.16867065429688, 79.31008911132812, -28.356355667114258, 73.28478240966797, 220.25550842285156, 35.71193313598633, -47.39768981933594, 225.31997680664062, 387.0280456542969, -172.1092987060547, 166.07760620117188, 453.6580505371094, 64.58006286621094]
[24.028322219848633, 0.49438080191612244, 9.877379417419434, 100.58827209472656, 34.39501953125, -21.05823516845703, 169.37429809570312, 119.81631469726562, -45.428226470947266, 138.87184143066406, 195.3955841064453, -79.84356689453125, 123.6170654296875, 241.42176818847656, 95.03768157958984, 98.52416229248047]
[23.00934410095215, -0.57712721824646, 24.35133934020996, 90.91871643066406, -10.655899047851562, 32.89689636230469, 159.5379180908203, -16.300683975219727, 48.62076187133789, 266.70172119140625, 66.25457763671875, 46.28313064575195, 430.85552978515625, 49.59592056274414, -20.72270393371582, 302.98944091796875]
[22.38843536376953, -6.679157733917236, 38.46321105957031, 81.66643524169922, -25.39283561706543, 100.40105438232422, 99.95419311523438, -62.989784240722656, 144.94308471679688, 132.3829345703125, -24.99151039123535, 257.8666076660156, 102.42143249511719, 9.263236999511719, 505.35601806640625, 72.38424682617188]
[20.972675323486328, -9.692328453063965, 50.61101531982422, 50.504207611083984, -3.6032941341400146, 161.1570281982422, 23.23410987854004, 49.33405303955078, 234.88919067382812, 12.99467945098877, 275.56671142578125, 221.760009765625, 39.84144592285156, 212.62088012695312, 133.8086700439453, -13.118877410888672]
[19.225746154785156, -5.804571151733398, 70.02936553955078, 23.960424423217773, 18.23462677001953, 145.20335388183594, -5.705782413482666, 122.81161499023438, 100.27386474609375, 24.367679595947266, 546.1436157226562, 52.774078369140625, 194.37057495117188, 245.6963653564453, -92.35232543945312, 940.845458984375]
[18.004484176635742, -5.427321434020996, 65.87185668945312, -3.5139050483703613, 67.29782104492188, 85.4744644165039, -23.615835189819336, 237.0946044921875, -35.04734420776367, 136.87985229492188, 288.922119140625, -4.196975231170654, 308.70025634765625, -180.32882690429688, 216.12765502929688, 265.48919677734375]
[16.888290405273438, -4.285514831542969, 68.71451568603516, -17.77056884765625, 94.11571502685547, 26.132566452026367, 63.51223373413086, 142.477783203125, 15.8151273727417, 257.3557434082031, -31.660287857055664, 208.07933044433594, 105.76193237304688, 123.49918365478516, 204.8211669921875, -207.23867797851562]
[15.205875396728516, 2.854091167449951, 69.48460388183594, -22.66960334777832, 113.77336883544922, -18.21583366394043, 152.5017547607422, 21.253358840942383, 101.02543640136719, 136.44920349121094, 5.7246527671813965, 239.9737091064453, -19.632413864135742, 422.6541748046875, 4.0379557609558105, 311.99151611328125]
[13.422505378723145, 7.617269039154053, 52.40733337402344, -6.284759044647217, 116.3777847290039, -25.73377227783203, 135.04051208496094, -41.30073165893555, 186.36082458496094, -11.883184432983398, 190.58297729492188, -4.258050918579102, 267.6109619140625, 50.17735290527344, 321.6519470214844, 177.3467254638672]
[11.76717758178711, 13.947619438171387, 42.341705322265625, 24.055444717407227, 81.55577850341797, 9.54611587524414, 126.54560089111328, 11.183415412902832, 198.821044921875, 31.889930725097656, 231.4591827392578, 4.5498270988464355, 286.88616943359375, -125.42247009277344, 700.730224609375, -134.75184631347656]
[10.0, 21.318490982055664, 25.687843322753906, 48.81100845336914, 38.18473815917969, 84.13594818115234, 37.27592468261719, 112.42890167236328, 45.896549224853516, 355.6531677246094, 60.442989349365234, 173.03919982910156, -21.50885009765625, 461.7162780761719, 59.31378936767578, 396.83197021484375]
[8.230498313903809, 28.190670013427734, 12.0385160446167, 72.79741668701172, -8.361964225769043, 139.12159729003906, 3.845629930496216, 208.66693115234375, -12.978546142578125, 442.1587219238281, -60.13954544067383, 181.17088317871094, -72.4140396118164, 612.7757568359375, 121.71133422851562, 193.91346740722656]
[6.414405822753906, 33.88016128540039, 0.3220714330673218, 90.91252899169922, -4.989869594573975, 158.1089324951172, -6.34119987487793, 128.12411499023438, 26.59304428100586, 118.50363159179688, 136.57777404785156, 37.80778121948242, 174.07130432128906, -102.1568832397461, 412.245361328125, -3.1972603797912598]
[4.904418468475342, 40.24406433105469, -11.923505783081055, 106.01122283935547, -7.650591850280762, 96.32781219482422, 47.95463943481445, 64.8489761352539, 348.95416259765625, -51.46271514892578, 292.9524230957031, -65.05899047851562, 343.31756591796875, 28.60455894470215, 136.60108947753906, 299.0901184082031]
[2.9986698627471924, 46.68191146850586, -6.935717582702637, 90.24626159667969, 24.208396911621094, 50.006324768066406, 127.2744140625, 6.328978538513184, 451.95330810546875, -29.762535095214844, 147.94515991210938, 167.06814575195312, -53.41733169555664, 272.66107177734375, -67.94725036621094, 304.3813781738281]
[1.4993163347244263, 47.832942962646484, -4.0248894691467285, 61.07449722290039, 60.871177673339844, 4.9293012619018555, 172.5147705078125, 8.668768882751465, 218.05859375, 181.06724548339844, -26.278841018676758, 375.7222595214844, 65.79369354248047, 137.98036193847656, 364.2123107910156, -143.88076782226562]
[-0.1510118693113327, 47.874813079833984, -0.370362251996994, 38.86958694458008, 98.9814682006836, -13.898408889770508, 121.3460464477539, 91.18910217285156, 17.87067985534668, 175.62603759765625, 24.58264923095703, 92.9057388305664, 571.7617797851562, 4.305429935455322, 243.7872314453125, 175.62344360351562]
[-0.8384135961532593, 48.51105880737305, 12.797823905944824, 10.972360610961914, 109.18756103515625, -5.572716236114502, 55.849700927734375, 201.6688995361328, -21.9969482421875, 128.9578857421875, 213.549560546875, -126.12847137451172, 449.72125244140625, 170.4709014892578, 61.43440628051758, 409.2635192871094]
[-2.475127935409546, 43.032291412353516, 28.90595054626465, -16.598743438720703, 122.97422790527344, 59.912254333496094, -44.775943756103516, 153.83685302734375, 93.93292999267578, -5.544981479644775, 181.5302734375, 130.36146545410156, -38.85301208496094, 397.68670654296875, 174.4058380126953, -168.1907958984375]
[-2.7168431282043457, 39.46279525756836, 42.53485107421875, -5.627653121948242, 84.45329284667969, 126.96881103515625, 2.480550765991211, 83.8868179321289, 245.8356475830078, 38.594017028808594, 60.251502990722656, 596.5845947265625, 47.25889587402344, -63.38872146606445, 443.6979064941406, 288.5667419433594]
[-3.1675570011138916, 36.851619720458984, 57.710411071777344, -17.2579345703125, 37.59360885620117, 136.21424865722656, 34.88072967529297, -9.457810401916504, 147.33233642578125, 168.47462463378906, -38.286231994628906, 248.779052734375, 259.2934265136719, 44.75054931640625, 7.530844211578369, 838.0064697265625]
[-4.048792362213135, 29.739885330200195, 64.34978485107422, 2.321284770965576, -11.544621467590332, 129.16482543945312, 124.33863830566406, -16.744295120239258, 62.60569381713867, 212.4609375, 109.77276611328125, -163.73223876953125, 188.61338806152344, 207.1392822265625, 25.066282272338867, -28.70838165283203]
[-4.52440071105957, 22.02851676940918, 71.11774444580078, 34.652076721191406, -10.384035110473633, 70.7789535522461, 170.60809326171875, 126.09061431884766, 2.4054341316223145, 129.6024169921875, 227.06776428222656, 77.67326354980469, -38.70852279663086, 179.21051025390625, 336.8934326171875, 86.76813507080078]
[-4.78876256942749, 15.288944244384766, 67.3120346069336, 62.351009368896484, -21.917266845703125, 13.537729263305664, 167.97271728515625, 305.79632568359375, 26.63943862915039, -72.38822174072266, 151.12442016601562, 324.1564025878906, 106.13001251220703, 29.4886417388916, 294.8907775878906, 460.1584777832031]
[-3.648425579071045, 7.726900100708008, 62.558773040771484, 91.29829406738281, 24.640554428100586, -4.7198381423950195, 63.65732192993164, 149.14682006835938, 131.13616943359375, -2.650930166244507, 33.029640197753906, 154.19894409179688, 251.65785217285156, 187.84629821777344, 12.323166847229004, 71.88650512695312]
[-3.1319661140441895, 1.7955876588821411, 51.622718811035156, 99.96497344970703, 63.79838562011719, -32.800533294677734, -20.288082122802734, 115.04946899414062, 192.42506408691406, 181.91925048828125, 37.14925765991211, -46.900638580322266, 136.59864807128906, 416.17620849609375, 580.6394653320312, 24.321941375732422]
[-2.189101457595825, -4.8901567459106445, 36.295921325683594, 101.51896667480469, 97.05541229248047, 43.814884185791016, -54.12489318847656, -6.99270486831665, 138.40830993652344, 207.32386779785156, 427.5482177734375, 80.09551239013672, -19.457326889038086, 34.08803939819336, 302.0058898925781, 545.913330078125]
[-1.8965336084365845, -3.774599075317383, 19.88535499572754, 83.93583679199219, 105.67832946777344, 92.83224487304688, 41.27224349975586, -29.617948532104492, -2.468256711959839, 129.9765167236328, 485.5557861328125, 345.0985107421875, 146.498291015625, -85.56279754638672, -36.75400924682617, 132.88699340820312]
[-0.42092421650886536, -10.31261920928955, 9.03394889831543, 51.69508361816406, 126.91234588623047, 162.23631286621094, 118.41816711425781, 18.917552947998047, 20.789642333984375, 33.934730529785156, 81.22929382324219, 211.89874267578125, 292.04925537109375, 545.8869018554688, 160.74700927734375, 90.31969451904297]
[0.529963493347168, -7.590872287750244, -7.779448509216309, 27.381179809570312, 80.05059051513672, 130.5079345703125, 314.9721374511719, 169.11058044433594, 77.3354263305664, 29.666513442993164, 30.57210350036621, 57.44097900390625, 82.98464965820312, 443.0198669433594, 390.3116760253906, 449.4661560058594]
[2.0791335105895996, -7.173885345458984, -5.340954303741455, 3.056617259979248, 34.404014587402344, 95.9498062133789, 277.68157958984375, 169.86801147460938, 194.08316040039062, 147.49598693847656, 86.81880187988281, 0.6821703910827637, -137.81661987304688, 48.20709991455078, -33.85881805419922, 152.15643310546875]
[3.5002601146698, -4.750500679016113, -6.083261013031006, -11.899256706237793, -12.556352615356445, 33.078861236572266, 163.99916076660156, 140.23068237304688, 224.96221923828125, 171.7917022705078, 262.2234802246094, 198.6038055419922, 188.8917694091797, 124.96034240722656, -25.495019912719727, -75.04891967773438]
[4.87493896484375, 0.7848483920097351, -0.9589014649391174, -21.6478214263916, -35.34989547729492, 1.5484479665756226, 9.962981224060059, 11.169718742370605, 66.9521484375, 130.17840576171875, 196.8590850830078, 232.04525756835938, 380.9412536621094, 215.0367889404297, 416.3193359375, 229.93768310546875]
[6.440637111663818, 7.594214916229248, 3.921717405319214, -0.7955546975135803, -20.979854583740234, -35.656837463378906, -20.86963653564453, -16.90959930419922, 15.889019012451172, 36.03040313720703, -32.44135665893555, 44.892704010009766, 91.98094177246094, 103.04622650146484, 139.19154357910156, 209.41639709472656]
[8.178850173950195, 14.04053783416748, 16.739513397216797, 22.582136154174805, 25.964323043823242, 23.127288818359375, 18.08856773376465, 30.884384155273438, 11.090181350708008, -32.87297821044922, 15.876474380493164, -87.37252807617188, 28.22187042236328, -32.43506622314453, -52.00568771362305, -164.05136108398438]
[10.0, 21.349628448486328, 33.61522674560547, 49.38067626953125, 60.638301849365234, 85.99874114990234, 108.83287048339844, 121.23650360107422, 153.2678680419922, 321.3443298339844, 218.60308837890625, 239.1390380859375, 495.86346435546875, 255.9496612548828, 364.82989501953125, 618.3765258789062]
[11.760919570922852, 29.041706085205078, 47.443931579589844, 73.60140991210938, 113.10552978515625, 149.6482391357422, 157.0070037841797, 192.05250549316406, 271.85125732421875, 498.4150085449219, 256.4401550292969, 205.03521728515625, 482.9112243652344, 256.98590087890625, 342.08172607421875, 453.42327880859375]
[13.640885353088379, 34.58583068847656, 65.16695404052734, 85.93286895751953, 117.13459777832031, 160.55389404296875, 162.8696746826172, 163.06105041503906, 170.8398895263672, 135.00160217285156, 89.9512710571289, 61.04790496826172, -6.954408168792725, -104.55689239501953, 32.24869155883789, 50.11580276489258]
[15.314676284790039, 40.76897048950195, 68.90532684326172, 90.6078109741211, 116.81381225585938, 101.15055847167969, 92.62165832519531, 47.545772552490234, 35.6024055480957, -71.44148254394531, -8.084970474243164, -125.89625549316406, 31.11813735961914, 41.64352035522461, 176.27110290527344, 219.801513671875]
[16.853981018066406, 42.22504425048828, 75.71186828613281, 79.58297729492188, 82.52082061767578, 46.60695266723633, -3.8036890029907227, -24.800010681152344, -16.745149612426758, 47.29267120361328, 52.237098693847656, 302.1098327636719, 320.2357177734375, 215.18429565429688, 737.3746948242188, 305.96514892578125]
[18.254968643188477, 47.84437561035156, 66.48458099365234, 68.4043960571289, 34.084564208984375, -6.813529014587402, -50.44478988647461, -34.4802360534668, 122.06603240966797, 148.6217803955078, 242.51174926757812, 482.533203125, 256.31640625, 132.85159301757812, -5.697615623474121, 53.86482620239258]
[19.86551856994629, 49.14194869995117, 62.66699981689453, 38.64746856689453, 10.390524864196777, -17.483678817749023, 6.678166389465332, 95.21363830566406, 377.5755615234375, 298.2840270996094, 160.59835815429688, 150.98287963867188, 61.290687561035156, -91.94139099121094, 158.17623901367188, 174.71591186523438]
[20.65792465209961, 49.77349853515625, 45.53458023071289, 6.52785062789917, -22.927875518798828, 17.718843460083008, 89.04606628417969, 166.6698455810547, 452.44195556640625, 133.46383666992188, -36.168601989746094, -31.38264274597168, -21.719573974609375, 269.7014465332031, 383.1231384277344, 295.1986389160156]
[22.329442977905273, 43.86887741088867, 30.938322067260742, -10.61709213256836, -19.636625289916992, 59.86396026611328, 165.2709503173828, 190.4462890625, 87.37281799316406, -1.1509450674057007, -88.67782592773438, 130.1249237060547, 264.33306884765625, 391.9101867675781, 143.56304931640625, 25.59384536743164]
[22.65440559387207, 39.149566650390625, 14.909345626831055, -11.243509292602539, 17.187183380126953, 101.43927764892578, 160.85494995117188, 83.3677978515625, -65.1722640991211, 34.842227935791016, 172.9789581298828, 315.5911560058594, 164.37677001953125, 76.45861053466797, -97.50869750976562, 159.20587158203125]
[23.900325775146484, 34.16093063354492, 3.539546251296997, -14.288039207458496, 61.76020431518555, 152.08526611328125, 109.17057037353516, 17.3309268951416, -42.65473937988281, 181.4907684326172, 318.1498718261719, 125.3420181274414, -76.67120361328125, 48.817169189453125, 315.4853210449219, 219.44808959960938]
[23.525684356689453, 29.100915908813477, -9.815034866333008, 9.965956687927246, 100.39285278320312, 132.19801330566406, 23.002737045288086, -6.4277424812316895, 130.99476623535156, 295.52703857421875, 110.43010711669922, 45.04376220703125, 110.11664581298828, 772.7947387695312, 231.8966522216797, -51.24765396118164]
[24.20757293701172, 22.082056045532227, -16.44894027709961, 35.09946060180664, 120.8273696899414, 68.10844421386719, -30.779951095581055, 69.55598449707031, 168.9906005859375, 133.13706970214844, -5.779524326324463, 82.63273620605469, 304.75274658203125, 170.0534210205078, -83.52693176269531, 141.92247009277344]
[23.614633560180664, 14.698074340820312, -10.987617492675781, 63.52663040161133, 123.82156372070312, 24.28375816345215, -24.243669509887695, 162.2349853515625, 133.71731567382812, -80.99201965332031, 134.6204071044922, 278.2651672363281, 157.1502685546875, 70.13484191894531, 158.96713256835938, 233.75404357910156]
[23.667367935180664, 8.843151092529297, -0.8868458867073059, 88.32001495361328, 74.01901245117188, -39.60322570800781, 74.84497833251953, 214.1868896484375, 24.69169807434082, -47.8929328918457, 509.0184020996094, 160.4582061767578, -167.63185119628906, 188.8725128173828, 201.34732055664062, 161.96194458007812]
[23.30405616760254, 3.3564038276672363, 8.22648811340332, 104.21952819824219, 34.13899230957031, -7.138626575469971, 159.4464111328125, 99.77657318115234, 12.049335479736328, 185.23655700683594, 200.9729766845703, 3.0261189937591553, 127.62551879882812, 407.4135437011719, -26.946474075317383, 13.671830177307129]
[22.338632583618164, -4.8228349685668945, 24.511497497558594, 92.69625854492188, -5.210248947143555, 43.927276611328125, 139.60171508789062, -0.747414231300354, 55.45079040527344, 180.4095458984375, 53.955223083496094, 26.666784286499023, 309.54107666015625, 46.331443786621094, 9.937777519226074, 851.5217895507812]
[21.480865478515625, -4.647226333618164, 39.78028869628906, 74.02166748046875, -4.883038520812988, 112.903564453125, 104.4742660522461, -109.23052215576172, 210.27613830566406, 133.36126708984375, -106.5861587524414, 201.578125, 117.00389099121094, -75.22100067138672, 254.0556182861328, 86.95238494873047]
[20.599943161010742, -8.446019172668457, 56.56452178955078, 53.592079162597656, -18.18552589416504, 122.1584243774414, 22.92452621459961, 49.47307586669922, 245.54286193847656, -40.36752700805664, 148.79049682617188, 188.6711883544922, -93.70024108886719, 310.1858215332031, 133.62713623046875, 42.40656661987305]
[19.327106475830078, -9.635010719299316, 61.33895492553711, 27.33551788330078, 16.75209617614746, 139.29559326171875, 1.8650588989257812, 279.3292236328125, 98.40335083007812, 35.1789436340332, 273.4842834472656, -14.37392520904541, 389.6531066894531, 264.9295959472656, 71.22826385498047, 414.60675048828125]
[18.0241756439209, -6.176696300506592, 68.79366302490234, -0.6133889555931091, 67.00044250488281, 89.33643341064453, 9.23833179473877, 162.26028442382812, -44.0594482421875, 141.32901000976562, 132.9851531982422, 46.11497116088867, 491.956298828125, -112.30694580078125, 670.2283325195312, 140.4977569580078]
[17.13734245300293, -4.97064208984375, 73.4155502319336, -3.9405100345611572, 108.19966125488281, 21.683916091918945, 64.46382904052734, 152.42791748046875, -38.20056915283203, 203.8372039794922, 6.057587623596191, 187.77182006835938, 114.63408660888672, 123.81737518310547, 457.1021728515625, 39.072265625]
[15.132081985473633, 3.0594615936279297, 66.90756225585938, -8.471320152282715, 122.25165557861328, 6.2509379386901855, 131.4156036376953, 20.406522750854492, 104.40013885498047, 122.65718078613281, 25.64262580871582, 244.26693725585938, 6.22698450088501, 235.10748291015625, -255.24026489257812, 272.0914001464844]
[13.343901634216309, 8.219112396240234, 56.7630500793457, -7.865159034729004, 123.09622955322266, -44.87467956542969, 174.03311157226562, -46.549068450927734, 265.9005432128906, 4.264967918395996, 254.36842346191406, 11.583930969238281, 243.0850067138672, 91.16018676757812, 166.2169647216797, 171.0673065185547]
[11.700608253479004, 14.513327598571777, 40.83474349975586, 21.869491577148438, 84.2596664428711, 21.25878143310547, 119.52163696289062, 9.259385108947754, 200.1593780517578, -8.695850372314453, 189.2654571533203, -80.8272476196289, 356.0613098144531, -16.909971237182617, 433.2410888671875, -133.81716918945312]
[10.0, 21.3039608001709, 25.522811889648438, 49.52589797973633, 37.91360092163086, 79.0110855102539, 43.53950119018555, 117.4053955078125, 51.45280838012695, 331.02703857421875, 29.81924057006836, 458.8015441894531, 10.723103523254395, 236.3211212158203, -62.04234313964844, 301.2089538574219]
[8.295336723327637, 28.99102210998535, 7.615070819854736, 67.69869232177734, 7.216715335845947, 112.37240600585938, 6.2314863204956055, 191.72491455078125, -51.36783981323242, 535.779052734375, 17.91904067993164, 587.5606689453125, -102.5060043334961, 506.4159851074219, 46.55702590942383, 258.2316589355469]
[6.422814846038818, 34.887386322021484, -1.6977671384811401, 82.57003784179688, -23.277616500854492, 157.6293487548828, -24.019630432128906, 148.04461669921875, 42.1390495300293, 113.72315216064453, 120.3974380493164, 48.18205261230469, 205.3312530517578, -24.66080665588379, 387.1777038574219, -198.48597717285156]
[4.6642022132873535, 39.11497497558594, -11.184253692626953, 105.77437591552734, -2.1930999755859375, 107.2056884765625, 56.210384368896484, 53.22288513183594, 155.89744567871094, -46.988380432128906, 248.28921508789062, 12.421056747436523, 321.7369689941406, 141.31578063964844, 129.63458251953125, 337.3929138183594]
[3.343231439590454, 44.285240173339844, -14.655420303344727, 78.70173645019531, 22.258323669433594, 52.30339050292969, 266.3128356933594, -22.843685150146484, 268.37701416015625, 0.6576219201087952, 163.9171905517578, 145.61505126953125, 50.577423095703125, 368.52740478515625, 66.43531036376953, 554.3644409179688]
[1.3844624757766724, 49.2269401550293, -8.529401779174805, 61.62665557861328, 62.120277404785156, -19.34239387512207, 292.3919372558594, 12.737200736999512, 125.99227905273438, 189.7587432861328, -40.39910125732422, 214.50680541992188, 5.114694595336914, 132.97349548339844, 224.7947235107422, -173.53970336914062]
[0.01920061931014061, 45.50173568725586, -1.9104851484298706, 38.55669021606445, 95.00920867919922, -5.156798839569092, 260.14410400390625, 88.87179565429688, 24.097545623779297, 187.92062377929688, 7.782555103302002, 107.48943328857422, 216.1178741455078, -154.3529815673828, 310.3754577636719, 447.7417297363281]
[-0.47807449102401733, 49.077552795410156, 12.865462303161621, 14.103959083557129, 135.32374572753906, -3.8389992713928223, 56.08354187011719, 165.91958618164062, -0.9016957879066467, 130.8615264892578, 249.33929443359375, -140.91452026367188, 235.11141967773438, 265.3579406738281, 96.8663330078125, 299.02996826171875]
[-2.402235984802246, 45.087242126464844, 28.982553482055664, -14.617605209350586, 124.86639404296875, 59.88889694213867, 10.60888957977295, 167.23374938964844, 192.3297119140625, 29.949207305908203, 189.34568786621094, 131.33514404296875, -94.5312728881836, 248.4246368408203, 169.12327575683594, -123.92752075195312]
[-2.5609188079833984, 39.45115661621094, 42.65507507324219, -25.704225540161133, 81.31690216064453, 111.13179779052734, -52.30165100097656, 83.80426788330078, 433.4044494628906, -43.456573486328125, 87.19886016845703, 257.7238464355469, 86.02424621582031, -29.28972625732422, 354.9017028808594, 159.0562286376953]
[-3.8910155296325684, 34.40240478515625, 55.90585708618164, -3.21592378616333, 33.07394027709961, 140.50399780273438, 34.047332763671875, 11.944853782653809, 221.56089782714844, 158.0361328125, -82.71961975097656, 127.06330108642578, 296.4734191894531, 97.12112426757812, -30.15643310546875, 444.3262023925781]
[-4.149323463439941, 29.769704818725586, 70.98161315917969, 11.025969505310059, 4.985037326812744, 118.59626770019531, 139.59622192382812, -56.20351791381836, 45.82254409790039, 237.7189483642578, 231.04588317871094, 44.335609436035156, 207.9912109375, 371.9122619628906, 117.21646118164062, -50.34189987182617]
[-3.5928473472595215, 21.97774314880371, 68.43577575683594, 34.20438766479492, -16.76800537109375, 68.53317260742188, 136.4285430908203, 59.60062026977539, -54.121253967285156, 136.6415252685547, 297.0359802246094, 82.68060302734375, -140.41233825683594, 179.26510620117188, 797.279541015625, 58.29559326171875]
[-4.090484142303467, 14.700445175170898, 70.45848083496094, 59.69583511352539, -16.7127628326416, 7.097635746002197, 152.87747192382812, 190.0565185546875, 44.48496627807617, -50.97463607788086, 137.8411865234375, 334.2391052246094, 172.65301513671875, -88.51692199707031, 243.90533447265625, 485.6448059082031]
[-4.571669578552246, 8.85870361328125, 64.59224700927734, 77.89228057861328, 25.541025161743164, -29.06825065612793, 65.31652069091797, 214.3797149658203, 165.3779754638672, 18.890249252319336, -33.786766052246094, 199.13699340820312, 566.7971801757812, 160.42762756347656, 36.817138671875, -72.32532501220703]
[-3.5423638820648193, 1.7446298599243164, 50.528167724609375, 85.20648193359375, 65.80903625488281, -30.16316032409668, -2.9345216751098633, 121.50933074951172, 264.04193115234375, 136.56686401367188, 14.66299057006836, -71.11166381835938, 274.9502868652344, 359.7420654296875, 369.8182067871094, -4.4287638664245605]
[-3.3624165058135986, -2.228578567504883, 36.22568893432617, 86.36842346191406, 93.73707580566406, 35.47555923461914, -53.16716766357422, -16.79486846923828, 120.09246063232422, 237.7035369873047, 158.0133514404297, 22.347049713134766, 12.797877311706543, 25.23884391784668, 203.32708740234375, 227.390869140625]
[-2.0222349166870117, -6.529187202453613, 21.150798797607422, 81.03804779052734, 130.4412078857422, 106.20668029785156, 14.240070343017578, -44.824974060058594, -10.549497604370117, 134.72572326660156, 273.0576477050781, 257.75970458984375, 140.1471405029297, -100.95037841796875, -169.79791259765625, 127.02823638916016]
[-1.408152461051941, -10.556416511535645, 6.620392322540283, 54.520572662353516, 118.46980285644531, 152.96649169921875, 117.83892059326172, 38.12635040283203, -81.77814483642578, -82.15496063232422, 67.37459564208984, 181.73471069335938, 294.2871398925781, 632.8917236328125, 159.46580505371094, -84.53335571289062]
[0.4732597768306732, -8.385472297668457, -7.485316276550293, 25.001047134399414, 81.50696563720703, 137.09970092773438, 174.55819702148438, 135.29901123046875, 71.71401977539062, -16.591114044189453, -3.0318615436553955, 28.296743392944336, 82.37110137939453, 516.3770141601562, 242.88446044921875, 553.0668334960938]
[1.9787778854370117, -5.41167688369751, -16.624385833740234, 3.6000311374664307, 39.28868865966797, 95.5655288696289, 138.46202087402344, 153.44056701660156, 190.74920654296875, 173.16607666015625, 92.04637908935547, 44.31526184082031, -65.44649505615234, -161.72044372558594, 30.3758544921875, 266.8506164550781]
[3.1106626987457275, -2.0203471183776855, -10.180564880371094, -10.78318977355957, 1.5640170574188232, 33.63279724121094, 77.46856689453125, 154.47384643554688, 238.69003295898438, 241.678955078125, 220.33192443847656, 455.75787353515625, 216.7896270751953, 129.76846313476562, 63.851192474365234, 62.52748107910156]
[4.687244892120361, 2.001783609390259, -4.458975315093994, -19.476375579833984, -27.908430099487305, -12.147723197937012, 21.927576065063477, 36.72168731689453, 68.56940460205078, 132.68353271484375, 211.16180419921875, 200.60406494140625, 373.5118713378906, 382.70477294921875, 230.39842224121094, 214.26727294921875]
[6.321733474731445, 8.799221992492676, 4.431768894195557, -1.083970069885254, 1.7384430170059204, -20.599098205566406, -9.308710098266602, -88.3294906616211, -47.784305572509766, 18.348791122436523, 45.30189514160156, -24.162837982177734, -0.7353940606117249, 114.03414916992188, 138.98574829101562, 177.90223693847656]
[8.299328804016113, 14.829103469848633, 18.56804656982422, 20.96892547607422, 17.741065979003906, 9.885724067687988, -0.055726826190948486, 36.162567138671875, -28.902976989746094, -47.55937576293945, -35.618446350097656, -38.55763244628906, -12.303313255310059, -87.31184387207031, -171.216552734375, -150.41635131835938]
[10.0, 21.42855453491211, 34.38496017456055, 47.8138313293457, 64.73065185546875, 83.08209228515625, 104.60948944091797, 227.68911743164062, 152.95315551757812, 322.8858947753906, 191.62034606933594, 189.66505432128906, 277.7617492675781, 225.0668487548828, 379.3370056152344, 224.67674255371094]
[11.779479026794434, 27.591060638427734, 51.48355484008789, 69.94478607177734, 114.17147827148438, 129.0876007080078, 140.3388214111328, 169.1141815185547, 188.52268981933594, 422.8497009277344, 266.63427734375, 184.3247528076172, 200.05206298828125, 267.5552673339844, 180.21420288085938, 307.6058349609375]
[13.479097366333008, 36.11312484741211, 59.65639114379883, 98.40032196044922, 113.26708984375, 168.28378295898438, 160.59909057617188, 145.09251403808594, 138.5696258544922, 131.19821166992188, 96.82070922851562, 56.80414581298828, -53.27370071411133, 16.3015079498291, -166.19374084472656, 114.30681610107422]
[15.291264533996582, 41.79584884643555, 71.5755615234375, 92.34200286865234, 117.55069732666016, 114.99840545654297, 92.07972717285156, 50.604949951171875, 25.243032455444336, -72.01318359375, -84.7131118774414, 2.606828212738037, -11.055352210998535, 100.27375030517578, 309.2530212402344, 252.5634307861328]
[16.945886611938477, 45.16478729248047, 70.88032531738281, 89.85456848144531, 76.73912048339844, 48.201656341552734, 28.210437774658203, -48.40047073364258, -19.35242462158203, 4.9444780349731445, 85.26863098144531, 143.05799865722656, 305.9227600097656, 368.7359924316406, 656.3156127929688, 396.0409851074219]
[18.465295791625977, 46.824981689453125, 73.33828735351562, 62.48008346557617, 39.39598846435547, 10.935633659362793, -32.5034065246582, 0.23280219733715057, 62.3659782409668, 181.41226196289062, 310.3943176269531, 330.43365478515625, 231.09381103515625, 137.03807067871094, -88.94156646728516, -32.86835479736328]
[19.354736328125, 46.18353271484375, 58.025840759277344, 38.671104431152344, -10.203920364379883, -31.92764663696289, 4.068154335021973, 87.38436126708984, 160.4456024169922, 203.7996368408203, 454.76287841796875, 100.93330383300781, 1.4061360359191895, -18.65342140197754, -28.499425888061523, 224.91439819335938]
[21.287038803100586, 45.66161346435547, 48.8161735534668, 6.454395771026611, -18.316572189331055, -7.659088611602783, 86.04141235351562, 187.7853240966797, 154.48388671875, 127.34076690673828, 20.706785202026367, -140.84295654296875, 11.326245307922363, 185.34555053710938, 490.17388916015625, 393.7889709472656]
[22.34903335571289, 44.46503829956055, 31.04781723022461, -5.152440547943115, -9.79544734954834, 59.861270904541016, 139.5691680908203, 177.69906616210938, 88.29947662353516, -75.62064361572266, -76.71857452392578, 124.02596282958984, 618.7963256835938, 255.4935760498047, 127.76091766357422, 106.51057434082031]
[22.912813186645508, 41.834930419921875, 17.00069236755371, -22.955684661865234, 20.782934188842773, 102.0704574584961, 156.28289794921875, 84.12783813476562, -83.52257537841797, -2.815103530883789, 196.99813842773438, 282.9022521972656, 377.26800537109375, -76.0035171508789, -11.751375198364258, 290.9980773925781]
[23.923606872558594, 34.68595886230469, 1.3328546285629272, -11.949710845947266, 66.53912353515625, 123.70122528076172, 106.4926528930664, -30.686138153076172, -2.0406219959259033, 149.72874450683594, 250.28717041015625, 138.1866455078125, -155.62789916992188, 20.803579330444336, 319.49285888671875, 642.7972412109375]
[23.355518341064453, 29.3338565826416, -9.520540237426758, 10.831283569335938, 106.8852310180664, 118.93273162841797, 5.764272689819336, -32.300968170166016, 263.78717041015625, 217.06460571289062, 110.36248016357422, -74.07398986816406, 68.9236831665039, 717.8274536132812, 222.64239501953125, 89.38133239746094]
[24.546451568603516, 21.965255737304688, -17.41318130493164, 33.892547607421875, 113.43119812011719, 70.19182586669922, -48.82485580444336, 60.346187591552734, 223.2489776611328, 112.96034240722656, -91.92596435546875, 103.02872467041016, 196.05545043945312, 356.3083801269531, -67.76807403564453, 89.1540298461914]
[23.7756290435791, 15.151946067810059, -9.133452415466309, 64.218505859375, 112.44805908203125, 2.4872946739196777, 22.145381927490234, 185.66819763183594, 192.2484893798828, -29.977954864501953, 39.37723922729492, 291.9267883300781, 160.4909210205078, 34.282814025878906, 165.1880645751953, 428.78729248046875]
[23.994850158691406, 7.8486151695251465, -3.4773471355438232, 80.17473602294922, 80.87245178222656, -47.310089111328125, 140.3395538330078, 201.32977294921875, 7.215391159057617, 45.36865997314453, 177.72470092773438, 346.396728515625, -167.40687561035156, 184.08493041992188, 262.11029052734375, 41.81413650512695]
[23.69698715209961, 1.219138741493225, 9.024690628051758, 88.42002868652344, 33.7160530090332, 5.090766429901123, 316.9811096191406, 102.1734848022461, -6.336191654205322, 172.56805419921875, 228.39212036132812, -132.10324096679688, 124.96086120605469, 232.59410095214844, 0.7278228998184204, 19.40613555908203]
[23.35631561279297, -4.667416572570801, 23.623165130615234, 86.65205383300781, -1.3680742979049683, 44.907630920410156, 338.7886962890625, 18.112468719482422, 57.0506591796875, 216.58624267578125, 40.58479690551758, 77.04116821289062, 220.7095947265625, 18.562440872192383, -10.099447250366211, 370.9215087890625]
[22.231861114501953, -6.521413326263428, 40.41153335571289, 80.15435028076172, -15.960860252380371, 106.87620544433594, 120.4616470336914, -7.248338222503662, 172.75604248046875, 118.91867065429688, -75.68072509765625, 299.1996154785156, 122.44180297851562, 28.0893497467041, 303.3095703125, 32.938323974609375]
[21.330286026000977, -6.078400611877441, 54.349063873291016, 54.165897369384766, -19.947891235351562, 118.43928527832031, 21.80720329284668, 36.28711700439453, 208.0906524658203, 15.618104934692383, 140.95053100585938, 223.5835418701172, -4.950981140136719, 329.890380859375, 292.3921203613281, 30.419906616210938]
[19.730466842651367, -5.530699729919434, 66.20689392089844, 22.021671295166016, 18.948715209960938, 125.16973114013672, -57.505271911621094, 138.3470001220703, 103.6962890625, 25.46758460998535, 231.92214965820312, -21.064916610717773, 151.0693817138672, 196.0334014892578, -40.811763763427734, 430.000244140625]
[17.983171463012695, -6.553468227386475, 74.8334732055664, 0.09611634910106659, 62.136356353759766, 84.3963851928711, 12.293301582336426, 211.16001892089844, -49.95066833496094, 161.80548095703125, 122.71353912353516, 26.46602439880371, 386.01617431640625, -1.7151000499725342, 612.2237548828125, 139.62728881835938]
[16.829097747802734, -3.4963653087615967, 71.7864990234375, -6.078947067260742, 100.97699737548828, 20.036813735961914, 61.88633346557617, 132.00421142578125, -30.80632781982422, 198.5321807861328, -11.777620315551758, 250.20089721679688, 81.37555694580078, 116.4884033203125, 330.0196228027344, 2.1308505535125732]
[15.229135513305664, 2.3582534790039062, 70.77156066894531, -7.1854400634765625, 104.3063735961914, 4.465142250061035, 135.75155639648438, 11.080499649047852, 102.66841125488281, 129.0832061767578, 47.62713623046875, 206.9625701904297, -134.68234252929688, 340.0887756347656, -65.69152069091797, 363.2158508300781]
[13.566493034362793, 6.918570041656494, 58.05602264404297, -4.596109390258789, 121.70030212402344, -41.690216064453125, 190.9048614501953, 8.015007019042969, 252.8760986328125, 7.535712242126465, 231.2799072265625, 59.629241943359375, 194.83743286132812, 56.53322219848633, 168.23081970214844, 169.87998962402344]
[11.765456199645996, 13.809157371520996, 40.50870895385742, 22.095703125, 74.11297607421875, 11.753084182739258, 117.2213134765625, 33.95298385620117, 175.66598510742188, -21.23716926574707, 260.4681396484375, 19.712730407714844, 295.7836608886719, -111.3680191040039, 462.34515380859375, 68.74156951904297]
[10.0, 21.473751068115234, 25.88467788696289, 48.25532150268555, 36.064945220947266, 77.22714233398438, 47.35406494140625, 125.71028137207031, 30.198532104492188, 317.3486022949219, 47.66722106933594, 232.13746643066406, 43.07426834106445, 327.5778503417969, 11.95379638671875, 529.6602783203125]
[8.167055130004883, 28.31159019470215, 11.181811332702637, 75.01976776123047, -9.651890754699707, 127.61038208007812, -12.73349380493164, 234.24697875976562, 8.142411231994629, 484.1861267089844, -82.51750946044922, 185.31202697753906, -100.41300964355469, 249.7169189453125, 69.7996597290039, 480.9611511230469]
[6.562833309173584, 36.178489685058594, 0.6429234743118286, 92.41728973388672, -18.875497817993164, 153.82989501953125, -22.73154640197754, 158.705078125, 6.9384965896606445, 126.65161895751953, 129.98333740234375, 80.63433074951172, 563.7898559570312, -175.9064483642578, 446.2377624511719, 94.4825210571289]
[4.768808841705322, 38.511417388916016, -14.663878440856934, 86.41790008544922, -18.148517608642578, 102.31214904785156, 49.506370544433594, 46.77265548706055, 161.7301483154297, 26.764774322509766, 497.1786804199219, 34.425296783447266, 443.0140686035156, 107.56784057617188, 139.40728759765625, 269.2047424316406]
[3.3431878089904785, 46.85940170288086, -12.231141090393066, 91.2922134399414, 17.59186363220215, 51.619102478027344, 136.7289581298828, -14.240559577941895, 178.36029052734375, -27.123977661132812, 313.65203857421875, 195.72738647460938, -78.07701873779297, 653.0843505859375, -62.21969223022461, 194.00970458984375]
[2.0194661617279053, 45.87880325317383, -12.27436351776123, 61.592872619628906, 61.9947624206543, -19.362627029418945, 137.55825805664062, -51.01459503173828, 117.78826904296875, 141.67953491210938, -6.37005090713501, 327.78778076171875, -43.08797073364258, 133.9159393310547, 325.1681213378906, -24.077775955200195]
[0.7671589851379395, 49.1544075012207, 3.9564332962036133, 38.593833923339844, 109.54035186767578, -1.204531192779541, 131.7953338623047, 187.1913604736328, 34.80739212036133, 180.4171600341797, -19.796728134155273, 94.60586547851562, 185.71359252929688, -106.81228637695312, 258.015380859375, 256.68194580078125]
[-1.1182987689971924, 50.1357421875, 14.962508201599121, 11.465811729431152, 134.32077026367188, -15.154687881469727, 57.84819030761719, 193.22792053222656, -61.47500991821289, 131.19105529785156, 176.47244262695312, -146.97119140625, 212.01052856445312, 224.6082763671875, -150.962646484375, 303.88250732421875]
[-1.5168379545211792, 43.38707733154297, 28.873865127563477, -13.674912452697754, 109.920654296875, 59.918663024902344, -17.73992156982422, 193.82467651367188, 91.70320129394531, -72.27685546875, 173.33966064453125, 130.17123413085938, 42.597129821777344, 340.8658142089844, 168.46119689941406, -138.89041137695312]
[-2.5356459617614746, 42.1940803527832, 44.801544189453125, -21.257856369018555, 85.50691223144531, 121.39247131347656, -13.208697319030762, 82.26253509521484, 162.24574279785156, -49.34868240356445, 26.393924713134766, 468.38360595703125, 17.875980377197266, 40.62147903442383, 685.3278198242188, 159.68035888671875]
[-3.5392041206359863, 34.37859344482422, 60.790069580078125, -2.293288230895996, 38.122955322265625, 134.25917053222656, 43.148887634277344, -7.26975154876709, 155.05186462402344, 154.0722198486328, 1.6997785568237305, 287.550537109375, 258.5165100097656, -23.851865768432617, 0.6386579871177673, 205.96119689941406]
[-3.518369674682617, 28.335432052612305, 71.8456039428711, 13.62132740020752, 6.677324295043945, 136.7454071044922, 137.7935791015625, -48.111663818359375, 115.11285400390625, 186.55474853515625, 109.47413635253906, -124.88980865478516, 207.7249755859375, 287.8739013671875, 150.5281982421875, -121.86837768554688]
[-4.598063945770264, 22.08482551574707, 71.1275863647461, 34.1578483581543, -36.87556838989258, 72.96138000488281, 168.69654846191406, 68.33078002929688, -99.63236999511719, 114.86366271972656, 215.20877075195312, 94.55652618408203, -145.83203125, 170.56361389160156, 301.4059143066406, 102.02046966552734]
[-4.787042617797852, 14.99913501739502, 64.57532501220703, 58.99020767211914, -15.299283981323242, 24.44428062438965, 147.07565307617188, 164.7549285888672, 52.20146179199219, 28.24073028564453, 180.49273681640625, 280.76995849609375, 110.38329315185547, -116.72608947753906, 126.23088073730469, 366.67132568359375]
[-3.807114839553833, 9.372851371765137, 67.15145874023438, 81.04877471923828, 21.112180709838867, -10.040234565734863, 63.594478607177734, 191.62603759765625, 165.9742889404297, -30.037303924560547, 5.1541361808776855, 171.49826049804688, 317.3227233886719, 171.05088806152344, -96.38740539550781, 63.70722961425781]
[-3.2459654808044434, 2.8272244930267334, 51.35243606567383, 104.75682830810547, 64.18574523925781, -25.711416244506836, -9.37674331665039, 114.16543579101562, 230.06173706054688, 188.37159729003906, 48.56991958618164, 2.2684690952301025, 137.92893981933594, 346.3917541503906, 188.62896728515625, 133.006103515625]
[-3.192948579788208, -2.922508478164673, 36.98469543457031, 83.68878936767578, 93.59453582763672, 42.6442756652832, -30.92327117919922, 2.502751111984253, 127.1090087890625, 196.52438354492188, 152.85862731933594, 15.557900428771973, -66.36038970947266, 71.49996185302734, 304.04412841796875, 820.728759765625]
[-2.2538936138153076, -6.080376148223877, 21.024831771850586, 85.02860260009766, 131.91371154785156, 97.2536392211914, 23.24478530883789, -59.83903884887695, -31.67284393310547, 116.5039291381836, 202.64041137695312, 354.3062438964844, 155.81980895996094, -83.92972564697266, -134.01174926757812, 29.655349731445312]
[-0.6698293685913086, -6.8743791580200195, 2.9325220584869385, 55.03126525878906, 117.37834930419922, 122.54869079589844, 99.35264587402344, 25.73190689086914, 7.175877571105957, -22.3970890045166, 52.51408004760742, 228.87042236328125, 355.1652526855469, 325.0985107421875, 170.71383666992188, -113.82703399658203]
[-0.11791086196899414, -5.964258193969727, -3.2033376693725586, 24.122175216674805, 80.0327377319336, 119.27892303466797, 152.71600341796875, 162.65110778808594, 74.69085693359375, 29.764759063720703, -6.895086288452148, -22.87141227722168, 76.56917572021484, 571.4547729492188, 386.58905029296875, 308.3353271484375]
[1.9828448295593262, -5.015088081359863, -12.16059684753418, 4.919404029846191, 38.72722244262695, 82.93944549560547, 153.70860290527344, 177.38290405273438, 233.9787139892578, 164.27804565429688, 94.9368667602539, 15.636975288391113, -194.24453735351562, 10.580989837646484, 47.3742790222168, 136.05978393554688]
[3.39263916015625, -3.8787152767181396, -12.564458847045898, -12.32809829711914, 3.344224452972412, 31.117292404174805, 77.72991180419922, 157.79852294921875, 194.8612518310547, 277.8160705566406, 183.62928771972656, 212.21084594726562, 355.938720703125, 211.24505615234375, 89.79022216796875, -40.5794563293457]
[4.602975368499756, 1.2298961877822876, -1.3456361293792725, -11.581208229064941, -36.95750427246094, -15.29854679107666, -8.674209594726562, 30.18181610107422, 68.15431213378906, 132.29345703125, 187.3318634033203, 258.1468200683594, 633.1802368164062, 251.38470458984375, 480.8190002441406, 243.68946838378906]
[6.315756320953369, 7.670793056488037, 4.933598518371582, 1.8278836011886597, 0.1846662014722824, -14.254718780517578, 0.06460750102996826, -1.0449515581130981, 22.78095054626465, -14.68880558013916, 37.75523376464844, -8.136820793151855, 74.33340454101562, 57.533119201660156, 128.7701873779297, 199.7521209716797]
[8.176456451416016, 14.209973335266113, 18.93246078491211, 17.526554107666016, 18.413991928100586, 25.256200790405273, 48.86360549926758, 11.567058563232422, 18.941720962524414, 27.262788772583008, 52.25031280517578, -44.93775939941406, 7.440743446350098, 86.63399505615234, 73.02808380126953, -54.820701599121094]
[10.0, 21.311294555664062, 34.38832473754883, 46.8370246887207, 64.00089263916016, 83.52916717529297, 212.10609436035156, 105.9177474975586, 137.06605529785156, 348.11187744140625, 354.9195556640625, 202.31002807617188, 189.22869873046875, 242.1758575439453, 678.2033081054688, 376.0769348144531]
[11.777060508728027, 27.739973068237305, 49.84856414794922, 80.71878051757812, 107.9195327758789, 145.0878143310547, 322.6678161621094, 191.61814880371094, 267.8028869628906, 396.17333984375, 520.2174682617188, 281.3193359375, 180.91342163085938, 328.6450500488281, 423.98382568359375, 220.1554718017578]
[13.691760063171387, 33.76545333862305, 66.73754119873047, 97.04666137695312, 134.23516845703125, 158.220458984375, 148.04742431640625, 142.08262634277344, 133.78933715820312, 134.70945739746094, 188.449951171875, 43.546024322509766, 19.292675018310547, -88.71473693847656, -174.072265625, -178.0552978515625]
[15.198930740356445, 40.327392578125, 64.6220703125, 89.61587524414062, 101.06463623046875, 120.72943115234375, 84.51863098144531, 63.89830780029297, -14.83248233795166, -64.07555389404297, -23.85000228881836, -19.469945907592773, 7.119175434112549, 83.49638366699219, 173.12115478515625, 286.0973815917969]
[16.696733474731445, 45.54936218261719, 77.95865631103516, 86.37903594970703, 73.00747680664062, 50.81343460083008, 17.38996124267578, -30.138967514038086, -65.89627838134766, -49.59223937988281, 83.19451904296875, 372.56072998046875, 247.11769104003906, 270.3360290527344, 266.5589904785156, 700.6107788085938]
[18.267292022705078, 49.64461898803711, 69.5700912475586, 65.06437683105469, 35.05671310424805, -4.325187683105469, -0.8297291994094849, 9.80778694152832, 60.603607177734375, 174.45132446289062, 262.5143127441406, 533.916015625, 237.862060546875, 133.70037841796875, 96.95975494384766, 17.680233001708984]
[19.689136505126953, 50.81421661376953, 55.367740631103516, 38.54669189453125, 7.737536907196045, -29.632646560668945, 27.304353713989258, 86.70662689208984, 173.3531036376953, 212.81903076171875, 226.60752868652344, 173.8675994873047, 25.009483337402344, 65.49201965332031, 77.72290802001953, 493.24853515625]
[20.715835571289062, 45.424644470214844, 46.066402435302734, 6.134374618530273, -37.59663772583008, -4.469221591949463, 87.45161437988281, 202.93896484375, 155.32000732421875, 114.5550537109375, 51.47235870361328, -104.21436309814453, 96.03487396240234, 179.17027282714844, 223.92388916015625, 428.0201721191406]
[21.71527099609375, 44.84834671020508, 31.00308609008789, -16.056001663208008, -6.522026538848877, 59.88711166381836, 161.21499633789062, 158.31829833984375, 87.78307342529297, 36.4686279296875, 1.0434726476669312, 129.33961486816406, 265.8628845214844, 195.8643341064453, 137.4254913330078, -145.47767639160156]
[22.265260696411133, 40.494930267333984, 16.51384735107422, -14.572644233703613, 13.60525131225586, 126.19139862060547, 161.37619018554688, 83.90119934082031, -65.25083923339844, -27.737403869628906, 145.7978515625, 347.8259582519531, 235.12322998046875, 80.97979736328125, -151.41159057617188, 158.8704833984375]
[23.548999786376953, 34.0637321472168, 0.5978054404258728, -1.5684534311294556, 65.04251861572266, 141.9864044189453, 94.70367431640625, -5.672674179077148, -40.20960235595703, 146.47677612304688, 287.2145080566406, 138.2584686279297, -134.97486877441406, 25.1085147857666, 354.0895690917969, 501.6488037109375]
[24.046140670776367, 29.340669631958008, -11.354917526245117, 7.775589466094971, 90.69942474365234, 137.39144897460938, 35.55316162109375, -10.535676002502441, 133.3222198486328, 278.16510009765625, 110.56893920898438, -140.43600463867188, 91.16650390625, 654.2716064453125, 257.5709533691406, -145.05743408203125]
[23.778806686401367, 22.111902236938477, -13.637459754943848, 34.483524322509766, 130.01666259765625, 72.99983215332031, -34.895511627197266, 129.3050537109375, 214.7722625732422, 131.0307159423828, -5.532632827758789, 72.59232330322266, 193.18753051757812, 378.5179748535156, -78.16744232177734, 107.29731750488281]
[23.511066436767578, 14.706747055053711, -11.101852416992188, 66.25625610351562, 99.42589569091797, 15.949170112609863, 11.88881778717041, 183.16868591308594, 325.6278076171875, -26.065433502197266, 60.098045349121094, 222.9239959716797, 152.58685302734375, -49.3725700378418, 158.09022521972656, 371.7635498046875]
[23.4185848236084, 8.482678413391113, -7.288005828857422, 75.62100982666016, 84.38076782226562, -2.466273784637451, 75.76298522949219, 188.25277709960938, 59.09170913696289, 30.8010196685791, 266.6873474121094, 191.94432067871094, -13.39370346069336, 158.29345703125, 424.5455017089844, -4.380398750305176]
[22.950571060180664, 3.0110905170440674, 8.455615043640137, 96.17467498779297, 35.075260162353516, -2.305372476577759, 176.572021484375, 122.80016326904297, -56.52108383178711, 143.4375762939453, 215.04232788085938, -68.54757690429688, 229.47140502929688, 296.1645202636719, -37.04391860961914, 20.324214935302734]
[22.595844268798828, -1.8273224830627441, 23.657989501953125, 93.0924301147461, -1.4807052612304688, 43.58799743652344, 143.4444580078125, 3.716885566711426, 53.51396179199219, 205.29539489746094, 24.688636779785156, 36.281925201416016, 717.1987915039062, 107.69871520996094, 39.59468460083008, 463.3716735839844]
[22.240995407104492, -7.528173923492432, 40.51847839355469, 79.45490264892578, -4.7774248123168945, 111.11231231689453, 126.9087905883789, -57.08635711669922, 212.93783569335938, 126.65867614746094, -0.5908681154251099, 265.5524597167969, 123.17809295654297, -79.56452178955078, 657.107177734375, 18.630199432373047]
[20.853303909301758, -10.696176528930664, 53.01579666137695, 51.024620056152344, -17.08453941345215, 151.72763061523438, 16.629648208618164, 31.094711303710938, 256.8827209472656, -60.34542465209961, 130.9154510498047, 164.43382263183594, 58.29030990600586, 328.4044189453125, 269.8722839355469, -87.75527954101562]
[19.97353744506836, -6.092724800109863, 65.97956085205078, 21.840354919433594, 18.356983184814453, 129.17379760742188, -33.60456466674805, 137.39804077148438, 107.73870086669922, -21.951017379760742, 217.03134155273438, 29.770751953125, 189.9733123779297, 231.89988708496094, 84.97039794921875, 664.7581787109375]
[18.548391342163086, -5.881180763244629, 75.8957290649414, 4.172183513641357, 62.042152404785156, 92.71183776855469, -11.321784019470215, 209.03018188476562, -63.98764419555664, 175.2865447998047, 121.80189514160156, 75.63631439208984, 340.23779296875, -16.158344268798828, 233.68553161621094, 242.01283264160156]
[16.48805046081543, -1.1567519903182983, 72.98456573486328, -4.038604259490967, 110.06918334960938, 20.531890869140625, 60.404266357421875, 144.27439880371094, -14.776610374450684, 276.47247314453125, -118.40338897705078, 239.123779296875, 90.3265151977539, 110.9917984008789, 319.9658508300781, 28.44989013671875]
[15.073028564453125, 2.423924207687378, 68.31484985351562, -14.292671203613281, 108.68157196044922, -35.474063873291016, 133.5541229248047, 46.7692756652832, 107.07040405273438, 131.77108764648438, 99.52558898925781, 177.2791290283203, 55.020442962646484, 388.0915222167969, -88.2029800415039, 372.0267639160156]
[13.486705780029297, 6.5714921951293945, 58.355979919433594, 2.1810336112976074, 99.09575653076172, -36.772132873535156, 192.7192840576172, -47.98945999145508, 222.78939819335938, 12.45142650604248, 468.52130126953125, 63.69450378417969, 175.86166381835938, 71.03351593017578, 172.88131713867188, 210.1979217529297]
[11.732548713684082, 14.454567909240723, 40.953514099121094, 22.300565719604492, 72.29947662353516, 21.576589584350586, 139.08346557617188, 11.10601806640625, 167.6997528076172, 37.827152252197266, 451.939453125, -32.29668045043945, 308.0211486816406, -155.1403350830078, 202.12088012695312, 26.527847290039062]
[10.0, 21.490379333496094, 26.097442626953125, 48.91712188720703, 32.90283203125, 77.07869720458984, 49.02341842651367, 121.13280487060547, 37.78767776489258, 303.3035888671875, 14.263505935668945, 463.5791320800781, 30.264760971069336, 237.78558349609375, 94.92369079589844, 226.34405517578125]
[8.309115409851074, 27.97464942932129, 10.134842872619629, 77.42127990722656, -1.1548347473144531, 116.42032623291016, -52.10490417480469, 175.3274688720703, -69.78206634521484, 524.1832275390625, 0.46271446347236633, 533.8164672851562, -27.41618537902832, 185.9956817626953, 101.24901580810547, 302.2223815917969]
[6.3437066078186035, 33.63417053222656, 0.8454558253288269, 98.66545867919922, -10.710186958312988, 145.4528350830078, -15.852411270141602, 166.97219848632812, 37.97019577026367, 130.4691619873047, 138.6786651611328, 77.26832580566406, 297.4918212890625, -34.4205322265625, 279.051025390625, -7.117321968078613]
[4.772326946258545, 42.258392333984375, -5.1711578369140625, 107.0355453491211, -3.346235513687134, 119.35334014892578, 53.239864349365234, 63.2833251953125, 177.2332000732422, -83.94501495361328, 186.78765869140625, -116.34661102294922, 244.98095703125, 119.90592193603516, 127.6206283569336, 284.5757141113281]
[3.029569149017334, 46.141727447509766, -11.080964088439941, 95.90572357177734, 21.81422233581543, 48.47650909423828, 114.33019256591797, -54.35146713256836, 184.93907165527344, 44.44990158081055, 166.10311889648438, 170.89820861816406, 1.5771595239639282, 606.3648681640625, -34.87582015991211, 278.01483154296875]
[1.5103830099105835, 45.99750900268555, -12.265342712402344, 64.9778823852539, 62.71559524536133, -8.175752639770508, 152.1669464111328, -19.093639373779297, 107.16549682617188, 155.86624145507812, 9.015944480895996, 347.2160339355469, 35.49250793457031, 292.1582946777344, 204.37608337402344, 46.14820098876953]
[0.444304496049881, 49.397727966308594, -1.2603291273117065, 38.573490142822266, 98.40436553955078, -47.8149528503418, 127.3168716430664, 88.38502502441406, 11.225494384765625, 272.2988586425781, -21.33681297302246, 104.77664184570312, 267.6953125, -161.02618408203125, 261.5915222167969, 238.4096221923828]
[-1.4027073383331299, 48.16862106323242, 12.098727226257324, 9.774087905883789, 110.68476867675781, 7.172391891479492, 56.792179107666016, 161.4330291748047, -25.757247924804688, 122.42106628417969, 176.14016723632812, -52.07171630859375, 197.48306274414062, 163.46688842773438, 15.117308616638184, 256.1300048828125]
[-2.1552653312683105, 47.33246994018555, 28.99603271484375, -5.188828468322754, 105.20191955566406, 59.90816879272461, -42.20348358154297, 198.8015899658203, 93.15216064453125, 34.3565788269043, 299.9625244140625, 124.8397445678711, -53.55150604248047, 276.0608215332031, 315.2256164550781, 27.420259475708008]
[-2.9152560234069824, 41.79143524169922, 44.08100509643555, -9.630507469177246, 82.48480987548828, 129.5215606689453, -48.3092041015625, 82.50218963623047, 256.2684326171875, 16.095918655395508, 44.113826751708984, 249.44032287597656, 120.94014739990234, -65.33094787597656, 654.4954833984375, 292.7178649902344]
[-3.684222936630249, 36.014373779296875, 61.64689254760742, -17.484378814697266, 34.18369674682617, 120.11320495605469, 67.0602035522461, -44.60854721069336, 152.3373565673828, 148.38250732421875, -27.907155990600586, 128.82334899902344, 454.5926513671875, 45.05083465576172, 90.02338409423828, 758.315673828125]
[-4.293676376342773, 28.63497543334961, 63.46357345581055, 6.669373512268066, -2.836306571960449, 115.42920684814453, 261.8076171875, 11.51120662689209, 63.21157455444336, 249.04148864746094, 109.46680450439453, 50.398277282714844, 204.9333953857422, 272.0133361816406, -17.339717864990234, -73.28547668457031]
[-4.132421493530273, 22.13208770751953, 78.31620025634766, 34.50714111328125, -7.227950572967529, 70.10116577148438, 183.0762176513672, 68.4748306274414, -80.70500946044922, 133.7562255859375, 296.1036682128906, 78.02098083496094, -79.46595001220703, 160.73577880859375, 362.93975830078125, 146.83021545410156]
[-4.100489139556885, 14.967903137207031, 75.41876220703125, 58.523841857910156, -11.931719779968262, -3.609710454940796, 168.36868286132812, 194.2020721435547, 15.965235710144043, 20.134286880493164, 151.40850830078125, 304.001953125, 98.56056213378906, -61.93279266357422, 145.6551971435547, 545.3540649414062]
[-4.426570415496826, 7.370387554168701, 66.67713165283203, 78.83653259277344, 17.07620620727539, -28.938926696777344, 65.37156677246094, 218.1941680908203, 167.14791870117188, -13.657706260681152, -25.364173889160156, 192.1390380859375, 348.5991516113281, 157.9811553955078, -130.9396209716797, 15.069533348083496]
[-3.55242657661438, 3.5755996704101562, 51.31183624267578, 101.0378189086914, 62.47563552856445, -11.902887344360352, -25.255258560180664, 113.65972137451172, 497.8168640136719, 156.4722442626953, -12.790925025939941, -84.84674835205078, 132.57437133789062, 352.9769287109375, 316.6147155761719, 78.11970520019531]
[-3.0648350715637207, -1.1700294017791748, 36.02953338623047, 103.80359649658203, 91.89290618896484, 33.72215270996094, -10.954245567321777, 17.094707489013672, 284.1104736328125, 192.8010711669922, 179.94911193847656, 73.93235778808594, 49.8487548828125, -20.324485778808594, 294.609619140625, 507.3407287597656]
[-2.0667848587036133, -7.2210211753845215, 20.842668533325195, 72.31903839111328, 117.45696258544922, 90.06754302978516, 29.61896514892578, -33.52503967285156, 25.74227523803711, 135.32762145996094, 319.3029479980469, 256.31939697265625, 151.1735382080078, -42.68162155151367, -184.5574188232422, 84.78486633300781]
[-0.7317892909049988, -6.989444255828857, 5.483154296875, 52.45448684692383, 107.67311096191406, 117.75569915771484, 103.57872772216797, 72.02989196777344, 2.7872231006622314, -30.640029907226562, 74.16643524169922, 193.3135986328125, 404.8581848144531, 354.19342041015625, 166.01791381835938, 93.05640411376953]
[0.13982407748699188, -7.727301120758057, -2.9935998916625977, 23.694547653198242, 81.41548156738281, 118.77621459960938, 150.48768615722656, 168.9588165283203, 81.96937561035156, 28.51588249206543, -104.3041000366211, -73.62071228027344, 64.98383331298828, 253.61370849609375, 381.80853271484375, 326.46600341796875]
[1.7864181995391846, -7.205752849578857, -9.297965049743652, 7.179500579833984, 32.57762145996094, 96.08908081054688, 136.1143341064453, 228.2331085205078, 202.3710174560547, 167.42910766601562, 200.43934631347656, 64.10568237304688, -44.924705505371094, -4.951244831085205, -19.747167587280273, 117.97885131835938]
[2.916590452194214, -2.4048407077789307, -7.098417282104492, -22.857423782348633, 8.196455001831055, 30.198177337646484, 79.1341323852539, 114.73770904541016, 226.763916015625, 250.16812133789062, 409.6566162109375, 473.22467041015625, 189.79754638671875, 249.19882202148438, 22.946510314941406, -135.0906982421875]
[4.736123085021973, 2.768782138824463, -9.247121810913086, -25.926084518432617, -14.643857955932617, 1.8068645000457764, -17.19410514831543, 41.12828063964844, 76.85342407226562, 122.3244857788086, 181.88168334960938, 288.7838439941406, 272.0063171386719, 789.1673583984375, 368.4091491699219, 391.8036193847656]
[6.467367649078369, 7.5297465324401855, 2.0789854526519775, -7.0456743240356445, 2.5397849082946777, -39.77170181274414, -30.6298828125, -23.840343475341797, -43.19041061401367, 6.35692024230957, -73.38619995117188, 73.202880859375, -0.651131272315979, 51.16826629638672, 290.7587890625, 191.8691864013672]
[8.183272361755371, 13.823942184448242, 19.906930923461914, 17.07767677307129, 19.63264274597168, 15.343908309936523, 7.636521339416504, 22.019882202148438, 11.90995979309082, 2.0217385292053223, -18.279178619384766, -47.05349349975586, 54.238037109375, -30.098297119140625, -176.44837951660156, -119.4660415649414]
[10.0, 21.414514541625977, 34.677547454833984, 47.522727966308594, 64.34359741210938, 82.66419219970703, 97.55239868164062, 132.9785614013672, 134.61119079589844, 361.8598937988281, 177.94154357910156, 189.56809997558594, 174.19212341308594, 180.34617614746094, 684.2444458007812, 503.09674072265625]
[11.709049224853516, 28.175048828125, 52.216670989990234, 70.34396362304688, 93.2042007446289, 129.1061248779297, 180.8306121826172, 201.04481506347656, 207.1703643798828, 544.0, 179.1227264404297, 254.14163208007812, 205.82708740234375, 186.16883850097656, 214.24533081054688, 435.87213134765625]
[13.522000312805176, 34.300357818603516, 58.677406311035156, 89.39308166503906, 114.52936553955078, 135.46542358398438, 131.664794921875, 178.03016662597656, 168.88551330566406, 122.00254821777344, 92.8944091796875, 22.253948211669922, -45.87886428833008, -19.662931442260742, 17.440128326416016, -158.07183837890625]
[15.104629516601562, 40.091552734375, 65.73579406738281, 94.79500579833984, 120.2178726196289, 120.39724731445312, 91.63670349121094, 63.1599235534668, -19.583086013793945, -76.77875518798828, -92.1145248413086, -42.21457290649414, 60.070091247558594, 84.95831298828125, 168.0498504638672, 203.97308349609375]
[17.10943603515625, 44.61857604980469, 77.55085754394531, 79.4592514038086, 79.67989349365234, 51.19940185546875, 12.390439987182617, -13.392215728759766, -55.29899215698242, -22.764850616455078, 91.18036651611328, 187.026123046875, 597.6968994140625, 242.20046997070312, 460.0167236328125, 217.4270477294922]
[18.70537567138672, 47.91938781738281, 63.950157165527344, 62.366512298583984, 37.01911926269531, 2.3628523349761963, -54.3991813659668, -10.23865795135498, 64.26811981201172, 168.0572052001953, 283.4710998535156, 187.2547607421875, 263.5340270996094, 136.13294982910156, -83.13302612304688, -173.16990661621094]
[20.006534576416016, 49.9543571472168, 60.50554656982422, 38.670738220214844, -2.525218963623047, -14.837778091430664, 6.973068714141846, 91.41692352294922, 217.4755096435547, 230.50265502929688, 233.9072723388672, 103.75589752197266, -47.908592224121094, -6.693719387054443, 22.957530975341797, 181.18055725097656]
[21.29322052001953, 47.24678039550781, 48.52052307128906, 12.260092735290527, -28.03342056274414, -15.401617050170898, 90.56250762939453, 190.89474487304688, 176.9554901123047, 121.5812759399414, -54.13437271118164, 22.618438720703125, 84.8724136352539, 168.8843994140625, 211.8197479248047, 461.3333740234375]
[21.374309539794922, 44.335750579833984, 30.99588966369629, -9.886472702026367, -9.770519256591797, 59.90217590332031, 136.1986083984375, 167.12705993652344, 87.74732208251953, -49.422149658203125, -80.05445861816406, 123.9259033203125, 271.0015563964844, 397.3808898925781, 134.8418426513672, -120.54141235351562]
[22.976585388183594, 40.36467361450195, 14.899402618408203, -15.006559371948242, 14.466937065124512, 109.5846176147461, 175.7243194580078, 82.74607849121094, -77.87586975097656, 45.938514709472656, 158.81594848632812, 203.83920288085938, 197.92733764648438, 85.94292449951172, -134.0465087890625, 159.759521484375]
[24.036413192749023, 36.300350189208984, 2.733269214630127, -10.88453483581543, 64.41185760498047, 155.28067016601562, 99.01753997802734, -18.762086868286133, -2.3539350032806396, 179.41488647460938, 299.17791748046875, 136.1044921875, -70.7938232421875, 92.64017486572266, 214.28482055664062, 294.8597412109375]
[23.39820098876953, 29.319494247436523, -11.862228393554688, 4.890075206756592, 114.66320037841797, 112.12646484375, 4.998323440551758, -43.892513275146484, 114.05880737304688, 186.21585083007812, 110.32340240478516, -146.12974548339844, 110.85143280029297, 320.75054931640625, 252.64755249023438, -45.751197814941406]
[24.419689178466797, 22.128320693969727, -12.857672691345215, 34.28432083129883, 103.88408660888672, 71.71309661865234, -21.423593521118164, 57.22655487060547, 214.9959716796875, 114.1741943359375, -107.61518096923828, 71.45601654052734, 416.1505432128906, 368.0726623535156, 37.667179107666016, 78.15139770507812]
[24.367719650268555, 14.717618942260742, -10.641980171203613, 59.67597579956055, 110.13278198242188, -2.8054709434509277, 15.460318565368652, 189.69732666015625, 185.57147216796875, -80.88501739501953, 67.91915893554688, 214.98204040527344, 150.07028198242188, -45.19211196899414, 160.6035919189453, 273.40155029296875]
[23.262487411499023, 7.156296730041504, -4.448519229888916, 86.9449462890625, 72.53285217285156, -13.807623863220215, 75.76797485351562, 158.087890625, 5.943728923797607, -40.94533920288086, 271.3901672363281, 361.0052185058594, -26.325403213500977, 328.6244201660156, 616.746337890625, 18.57437515258789]
[23.045358657836914, 1.6989203691482544, 6.097681999206543, 100.98776245117188, 35.514862060546875, -18.927825927734375, 134.26661682128906, 121.7804946899414, -73.66093444824219, 171.61907958984375, 185.87742614746094, -6.208267688751221, 124.56221771240234, 275.95574951171875, 27.802165985107422, 52.72343063354492]
[22.71139907836914, -0.6564710736274719, 23.79561424255371, 83.92707061767578, 7.574232578277588, 43.35353469848633, 161.55081176757812, 11.1505765914917, 65.02943420410156, 262.36810302734375, 75.33965301513672, 100.75276947021484, 194.4895477294922, 0.8445629477500916, 90.53280639648438, 679.1222534179688]
[21.99726676940918, -4.525075435638428, 38.12724685668945, 72.17461395263672, -30.854270935058594, 105.2426986694336, 121.76581573486328, -37.99446105957031, 393.673095703125, 120.71589660644531, -128.98260498046875, 310.5017395019531, 109.256591796875, 50.620155334472656, 215.17129516601562, 116.12178039550781]
[20.940261840820312, -7.757290363311768, 54.2998046875, 51.442039489746094, -9.692469596862793, 123.73397827148438, 42.536170959472656, 34.461673736572266, 378.2347412109375, -54.13645553588867, 296.5920104980469, 225.66085815429688, -111.32467651367188, 249.490478515625, 132.78848266601562, -103.41739654541016]
[20.053203582763672, -10.33415699005127, 63.4976921081543, 27.196352005004883, 23.44091033935547, 135.58743286132812, -26.56061553955078, 130.27186584472656, 199.8052978515625, -22.806856155395508, 201.5125274658203, -51.24168395996094, 154.6128692626953, 231.18392944335938, -156.0106658935547, 330.4217224121094]
[18.244123458862305, -3.929270029067993, 74.43569946289062, -0.07874985784292221, 60.77128982543945, 90.80734252929688, -21.982824325561523, 205.18206787109375, 13.559317588806152, 168.5624542236328, 127.46316528320312, 8.280473709106445, 228.15830993652344, -67.99284362792969, 329.53179931640625, 149.83351135253906]
[17.1140193939209, -4.833535671234131, 73.352294921875, -7.730179786682129, 96.52657318115234, 36.4027099609375, 121.7844467163086, 133.95079040527344, -54.00587463378906, 308.7259216308594, -85.33843994140625, 268.4982604980469, 100.5765151977539, 120.7756118774414, 337.0252380371094, -62.07199478149414]
[15.120222091674805, 3.117244005203247, 64.32505798339844, -19.044300079345703, 116.58097839355469, 2.3535475730895996, 152.275634765625, 43.77094268798828, 106.5382308959961, 132.23974609375, 68.68304443359375, 270.46783447265625, -59.505977630615234, 293.6646728515625, 47.4420280456543, 469.2709655761719]
[13.49080753326416, 6.599300384521484, 56.452781677246094, 2.897954225540161, 112.4843978881836, -2.817565679550171, 185.89324951171875, -92.1270980834961, 256.2936096191406, 37.62704849243164, 174.41905212402344, 21.28937339782715, 346.065185546875, 101.67919921875, 171.40672302246094, 170.31924438476562]
[11.829766273498535, 14.804633140563965, 41.81610107421875, 17.788818359375, 76.99484252929688, 17.061372756958008, 134.58961486816406, 20.746240615844727, 162.41893005371094, -11.505021095275879, 250.4366912841797, 9.683694839477539, 323.0180969238281, -125.24031066894531, 239.1857452392578, -111.33538818359375]
[10.0, 21.478662490844727, 26.183256149291992, 48.11048126220703, 35.26536178588867, 80.41559600830078, 41.23460006713867, 131.39512634277344, 37.78134536743164, 298.606689453125, 64.08946228027344, 169.17774963378906, 9.65722370147705, 255.09866333007812, 94.07035827636719, 300.0537414550781]
[8.161713600158691, 27.951759338378906, 10.60903549194336, 69.67130279541016, -15.041518211364746, 124.98312377929688, -4.36950159072876, 224.6680450439453, -64.40569305419922, 454.14544677734375, 16.293041229248047, 291.16851806640625, 1.234323263168335, 352.42657470703125, 112.16898345947266, 277.17730712890625]
[6.636104583740234, 33.93916320800781, -1.2196862697601318, 88.1427230834961, -7.567774295806885, 122.22789001464844, 13.087742805480957, 184.04615783691406, 7.044406414031982, 125.05036163330078, 137.31082153320312, 77.7811508178711, 224.4669189453125, -132.48538208007812, 264.55780029296875, -238.0808563232422]
[4.768390655517578, 42.396358489990234, -9.599349975585938, 95.73783874511719, -16.7545223236084, 95.75257873535156, 54.94319534301758, 49.83774185180664, 172.09764099121094, -34.82583999633789, 320.85638427734375, -100.94087982177734, 207.1134033203125, 103.96609497070312, 139.2505340576172, 316.40423583984375]
[3.233635187149048, 43.80427932739258, -16.765525817871094, 79.72640228271484, 16.162410736083984, 47.60574722290039, 126.83573913574219, -16.003576278686523, 196.4813232421875, 7.833762168884277, 127.64038848876953, 148.15187072753906, 36.71764373779297, 786.1494140625, -184.33409118652344, 534.2151489257812]
[1.3710854053497314, 46.25102996826172, -7.38812780380249, 67.22659301757812, 61.9554328918457, -3.2542762756347656, 191.51821899414062, 8.024694442749023, 109.65643310546875, 131.44898986816406, 46.190982818603516, 271.1255798339844, 50.61328125, 262.86468505859375, 525.2671508789062, -278.1405944824219]
[0.4100535213947296, 46.77830123901367, -4.147615432739258, 38.72782516479492, 105.58406066894531, -6.692833423614502, 268.42425537109375, 195.73193359375, -5.840839385986328, 557.1328735351562, 51.597511291503906, 172.40798950195312, 568.5059204101562, -172.8731231689453, 446.4861755371094, 469.311767578125]
[-1.147105097770691, 48.87297439575195, 14.683679580688477, 16.51975440979004, 111.15973663330078, -3.2237303256988525, 101.68110656738281, 381.2742919921875, -22.714929580688477, 269.28326416015625, 439.6213684082031, -82.2883529663086, 460.4830627441406, 507.7967224121094, -158.769775390625, 543.2302856445312]
[-2.2350566387176514, 43.95783615112305, 29.0483341217041, -1.8681628704071045, 99.79208374023438, 59.85566711425781, -36.890567779541016, 142.05722045898438, 92.97994232177734, -37.70418167114258, 215.2532958984375, 130.50015258789062, 47.59107971191406, 246.277587890625, 156.23953247070312, -89.22701263427734]
[-3.3051226139068604, 39.476715087890625, 46.06473922729492, -23.78384017944336, 83.12864685058594, 105.27580261230469, 3.9172489643096924, 83.69373321533203, 161.539306640625, -20.630943298339844, 57.034244537353516, 274.4249267578125, 25.175254821777344, -10.48796272277832, 263.8126220703125, 158.84620666503906]
[-3.8587536811828613, 35.20020294189453, 54.124027252197266, -18.317298889160156, 39.263450622558594, 130.154541015625, 46.53285598754883, -22.80333137512207, 150.32350158691406, 153.1114501953125, -15.217710494995117, 134.0371551513672, 404.5513000488281, -48.17864990234375, -75.93515014648438, 413.38165283203125]
[-3.93491530418396, 28.64324951171875, 65.78977966308594, 11.82882308959961, 4.3538289070129395, 118.35157012939453, 108.16995239257812, -56.319950103759766, 49.08712387084961, 209.55625915527344, 109.74683380126953, -103.66883087158203, 186.2533416748047, 393.36505126953125, 32.69504928588867, 42.721771240234375]
[-3.5798749923706055, 22.275354385375977, 73.19403076171875, 34.90968322753906, -6.383613109588623, 67.78204345703125, 154.6434783935547, 61.08909225463867, 13.986937522888184, 132.58575439453125, 221.462890625, 86.54129791259766, -54.97829055786133, 206.38772583007812, 417.31903076171875, 96.71019744873047]
[-3.5553433895111084, 14.83853530883789, 68.986572265625, 58.30888748168945, -9.158944129943848, -3.26586651802063, 152.6934356689453, 167.75416564941406, -2.846367359161377, 20.147188186645508, 173.38723754882812, 222.9813690185547, 112.1789321899414, -155.57443237304688, 132.6749267578125, 512.3037109375]
[-4.0834269523620605, 7.252530574798584, 60.08665466308594, 79.7577896118164, 14.671128273010254, -5.281010150909424, 63.74666976928711, 222.04534912109375, 134.58750915527344, 46.08200454711914, -21.075363159179688, 142.4253387451172, 248.26353454589844, 166.56642150878906, 11.443692207336426, 102.5230712890625]
[-4.088724613189697, 2.039361000061035, 54.11667251586914, 92.98884582519531, 65.39546966552734, 8.796456336975098, 1.3660353422164917, 117.93729400634766, 245.34434509277344, 167.77549743652344, -39.4703483581543, -9.974321365356445, 132.1349639892578, 383.65789794921875, 319.3592834472656, -20.60725975036621]
[-2.977501153945923, -1.2261759042739868, 37.15403747558594, 88.88114166259766, 114.65061950683594, 44.513694763183594, -19.313915252685547, -21.42369842529297, 138.84689331054688, 245.0926971435547, 237.37738037109375, 41.367919921875, -12.501006126403809, 23.89021110534668, 180.15626525878906, 208.30152893066406]
[-2.3007748126983643, -6.558401107788086, 20.201505661010742, 80.41796112060547, 109.54801940917969, 107.01152038574219, 40.75666046142578, 12.411588668823242, -26.775976181030273, 119.5714111328125, 305.2964782714844, 192.6938018798828, 137.44151306152344, 85.20848846435547, -136.6175079345703, 78.75209045410156]
[-0.5282279253005981, -7.079884052276611, 5.978240966796875, 55.099151611328125, 111.07634735107422, 158.0885467529297, 97.38796997070312, 45.966590881347656, -14.018719673156738, -72.14573669433594, 79.77378845214844, 185.7812957763672, 205.26173400878906, 201.65640258789062, 158.62173461914062, 67.10401916503906]
[-0.13567371666431427, -5.974623203277588, -2.7290899753570557, 23.782787322998047, 74.67308807373047, 135.2089080810547, 195.38363647460938, 124.20577239990234, 79.13460540771484, 19.173036575317383, -18.113554000854492, 56.35902404785156, 103.99932098388672, 212.1719207763672, 469.1175537109375, 345.34649658203125]
[1.489735722541809, -7.587813377380371, -10.489773750305176, 7.087924957275391, 35.99041748046875, 93.51533508300781, 144.81124877929688, 185.61294555664062, 194.9615478515625, 191.74778747558594, 98.15274810791016, -33.376888275146484, -143.10162353515625, -34.202213287353516, -61.393550872802734, 249.7131805419922]
[3.485090970993042, -3.902893304824829, -5.7085371017456055, -10.134293556213379, -2.805950403213501, 36.22224426269531, 78.64799499511719, 128.9905242919922, 194.9717254638672, 195.5125274658203, 230.6376953125, 179.80831909179688, 214.5644989013672, 110.33360290527344, 14.682775497436523, -138.05838012695312]
[4.951253890991211, 2.6047518253326416, -2.509305477142334, -22.27802848815918, -13.141928672790527, -14.879938125610352, -22.37614631652832, 28.317577362060547, 63.77980422973633, 119.35388946533203, 206.26861572265625, 309.6961669921875, 343.2836608886719, 741.7474975585938, 837.0084228515625, 651.9344482421875]
[6.624983310699463, 7.0481181144714355, 1.19487464427948, -3.7644097805023193, -22.11313247680664, -25.238676071166992, 2.3260185718536377, 4.137801170349121, -32.94398498535156, -22.384672164916992, -20.87660789489746, 0.4962226450443268, 84.17654418945312, 189.0032196044922, 275.66973876953125, 195.06967163085938]
[8.306615829467773, 14.239876747131348, 18.353609085083008, 20.71332359313965, 16.08469009399414, 26.989255905151367, 20.700252532958984, 38.61369323730469, 20.10477638244629, -49.310237884521484, -34.011207580566406, -5.296504497528076, 38.50260543823242, -32.29167938232422, -24.301965713500977, 112.72188568115234]
[10.0, 21.4735107421875, 34.80486297607422, 49.2901496887207, 63.62300491333008, 76.56171417236328, 95.47161865234375, 123.6443099975586, 161.60121154785156, 161.04898071289062, 222.75860595703125, 402.1124572753906, 497.83563232421875, 292.8263244628906, 282.86846923828125, 327.8432922363281]
[11.840445518493652, 28.193862915039062, 52.176639556884766, 74.03067016601562, 114.1209487915039, 110.99139404296875, 183.7173614501953, 233.6865234375, 200.62811279296875, 219.52015686035156, 184.9903564453125, 488.213623046875, 566.3488159179688, 224.61801147460938, 290.488525390625, 185.9486846923828]
[13.417665481567383, 33.957672119140625, 64.72749328613281, 85.89236450195312, 110.12692260742188, 134.72515869140625, 181.11663818359375, 157.11831665039062, 171.2810516357422, 124.27552032470703, 187.60809326171875, 139.4976348876953, -17.173248291015625, 57.063201904296875, -18.062946319580078, -122.31446075439453]
[15.308788299560547, 39.135536193847656, 66.04338836669922, 96.656982421875, 114.70087432861328, 99.30656433105469, 90.48824310302734, 53.20929718017578, 13.299581527709961, -2.8777029514312744, -10.330049514770508, -128.79762268066406, -34.75762939453125, 25.56406593322754, 165.57223510742188, 301.6943054199219]
[16.569339752197266, 45.85889434814453, 75.63772583007812, 89.39897918701172, 77.2132568359375, 51.63470458984375, -0.9302201271057129, -23.255205154418945, -32.499603271484375, 21.75312614440918, 115.97919464111328, 156.82327270507812, 300.0885009765625, 236.11993408203125, 476.1016845703125, 216.85711669921875]
[18.127588272094727, 46.37309265136719, 64.1369400024414, 65.7139663696289, 36.49031066894531, -18.584871292114258, -37.78551483154297, -11.80765151977539, 57.98476028442383, 283.59326171875, 291.8371276855469, 321.249755859375, 230.0841522216797, 132.87510681152344, -53.915138244628906, 29.307472229003906]
[20.13384437561035, 48.79006576538086, 58.358455657958984, 38.56845474243164, -3.1839752197265625, -49.96009826660156, 6.67161226272583, 93.18968200683594, 212.11729431152344, 377.98370361328125, 204.46432495117188, 75.09654235839844, -65.2324447631836, -143.3884735107422, 50.91529083251953, 226.42611694335938]
[21.330862045288086, 45.60475540161133, 47.511932373046875, 15.539112091064453, -6.105011463165283, -3.654008150100708, 81.8204345703125, 146.3015594482422, 355.05670166015625, 266.4416198730469, -12.001830101013184, -112.2317886352539, 2.5097999572753906, 172.89112854003906, 312.1696472167969, 437.1825866699219]
[22.322961807250977, 44.89480209350586, 31.217988967895508, -11.0558500289917, -12.826123237609863, 59.87724685668945, 129.44361877441406, 145.7760009765625, 189.27415466308594, 13.985013008117676, -80.32147979736328, 127.56427001953125, 228.8418426513672, 239.53805541992188, 137.568115234375, -34.24560546875]
[22.647239685058594, 41.31930160522461, 14.091087341308594, -25.13530921936035, 14.627439498901367, 110.15762329101562, 135.3501739501953, 82.9249496459961, -55.442832946777344, 28.17316436767578, 185.63784790039062, 293.5306701660156, 238.3002471923828, -12.734417915344238, 75.71643829345703, 158.65576171875]
[23.884342193603516, 35.697265625, 0.7830362915992737, -4.968710422515869, 61.054527282714844, 142.23788452148438, 92.00248718261719, 12.112914085388184, 8.477466583251953, 175.68833923339844, 302.76885986328125, 139.66009521484375, -113.55489349365234, 39.63081359863281, 323.0338439941406, 568.3585205078125]
[23.264137268066406, 28.470582962036133, -9.750601768493652, 5.886299133300781, 113.09821319580078, 110.06890869140625, 16.080101013183594, -57.086395263671875, 134.4564971923828, 240.32781982421875, 110.21900939941406, 46.963783264160156, 97.2353286743164, 349.82891845703125, 289.2185974121094, -133.63595581054688]
[24.266027450561523, 21.92551612854004, -15.444548606872559, 35.12656784057617, 117.76559448242188, 73.42952728271484, -2.641700029373169, 135.5331268310547, 219.93153381347656, 122.37577819824219, -43.45932388305664, 79.38663482666016, 323.6077880859375, 172.0683135986328, -206.37315368652344, 217.36630249023438]
[24.080867767333984, 14.686323165893555, -7.242743015289307, 64.0593490600586, 114.73025512695312, -2.2472245693206787, -27.49498748779297, 343.4449157714844, 138.2336883544922, -7.060956954956055, 79.0458755493164, 215.04885864257812, 149.5369415283203, 27.2969913482666, 323.091796875, 268.06097412109375]
[24.271446228027344, 9.119577407836914, -5.73140811920166, 92.30323791503906, 82.73545837402344, -17.268939971923828, 76.37962341308594, 229.1633758544922, 19.284564971923828, -2.8861591815948486, 293.816650390625, 195.44256591796875, 3.082484006881714, 341.9300842285156, 611.6135864257812, 110.7823257446289]
[23.081796646118164, 3.7982616424560547, 9.18659496307373, 91.11819458007812, 35.33470916748047, -2.331146001815796, 307.4039611816406, 99.00142669677734, -67.24562072753906, 140.44691467285156, 195.30088806152344, -13.85244083404541, 124.48619079589844, 723.357177734375, -47.33718490600586, 97.11004638671875]
[22.79534912109375, -2.561068296432495, 22.825899124145508, 89.37970733642578, 10.822985649108887, 37.72914505004883, 332.8965148925781, -24.294795989990234, 57.67266845703125, 238.9951629638672, -23.42649269104004, 74.55470275878906, 199.2353515625, 90.55372619628906, 13.240385055541992, 414.0572814941406]
[21.750232696533203, -7.670297622680664, 39.58403396606445, 76.14456176757812, -25.735422134399414, 101.75086975097656, 224.7401885986328, 6.432028770446777, 152.10939025878906, 135.73753356933594, -79.14442443847656, 197.40843200683594, 107.78862762451172, 88.48744201660156, 439.7374267578125, 36.190956115722656]
[21.279434204101562, -6.27452278137207, 57.189796447753906, 52.074893951416016, -13.509940147399902, 132.89340209960938, 24.584510803222656, 47.26706314086914, 200.9113006591797, 27.972063064575195, 161.12429809570312, 234.53561401367188, -174.8877410888672, 214.65359497070312, 135.4008026123047, 114.43746948242188]
[19.372817993164062, -9.981012344360352, 69.09638214111328, 24.74185562133789, 21.36505699157715, 126.42169189453125, -11.258325576782227, 122.17232513427734, 107.28742980957031, 35.48095703125, 310.2225036621094, 21.78951072692871, 343.634521484375, 260.043212890625, -131.92706298828125, 269.77923583984375]
[18.079683303833008, -8.782530784606934, 70.61253356933594, 5.760668754577637, 64.7999267578125, 100.71392059326172, 11.109504699707031, 196.01092529296875, 10.534192085266113, 132.23500061035156, 136.2050323486328, -7.477759838104248, 728.0969848632812, 73.46833038330078, 361.81414794921875, 137.95191955566406]
[16.78314208984375, -5.328286170959473, 70.45323181152344, -23.232484817504883, 102.09723663330078, 25.24137306213379, 63.32853698730469, 149.19398498535156, 2.8193037509918213, 271.5672912597656, -105.23223114013672, 496.402587890625, 42.853946685791016, 126.6065444946289, 288.968505859375, -151.1933135986328]
[15.450438499450684, 2.4274115562438965, 66.47758483886719, -13.764370918273926, 118.78620147705078, -27.801061630249023, 143.12588500976562, 43.84855270385742, 103.86138153076172, 117.60265350341797, 46.64279556274414, 512.4932250976562, -129.9851837158203, 312.6990966796875, -67.05880737304688, 373.0787658691406]
[13.68364143371582, 6.424689769744873, 55.44940185546875, -2.925626277923584, 116.2608642578125, -21.87099838256836, 168.1468505859375, -17.15424156188965, 230.53451538085938, -51.72903060913086, 273.5399475097656, -12.344029426574707, 240.2478485107422, 64.7552490234375, 165.06117248535156, 168.65879821777344]
[11.816162109375, 14.28945255279541, 42.14601516723633, 20.595523834228516, 77.27685546875, 9.018774032592773, 130.1142120361328, 1.076005458831787, 170.1707000732422, 1.6931813955307007, 512.9533081054688, 61.06715393066406, 337.80877685546875, 53.08353805541992, 258.47442626953125, 92.22055053710938]
[10.0, 21.496915817260742, 25.483030319213867, 48.52653884887695, 33.813106536865234, 85.71527099609375, 35.34621047973633, 131.30308532714844, 20.093233108520508, 168.6459197998047, 65.02584075927734, 212.17799377441406, -6.9220476150512695, 243.86929321289062, 33.42217254638672, 732.9075927734375]
[8.208216667175293, 28.881193161010742, 10.067584991455078, 70.34784698486328, -6.604403972625732, 139.50743103027344, -12.383319854736328, 203.41273498535156, -21.107515335083008, 305.6341857910156, -84.49335479736328, 257.9766540527344, -16.99102210998535, 344.6335754394531, -26.06391716003418, 538.8461303710938]
[6.309825420379639, 35.38473892211914, -3.9343862533569336, 83.30828094482422, -32.74481201171875, 128.5658416748047, -38.75706100463867, 139.0907745361328, 52.0367431640625, 127.31263732910156, 136.47230529785156, 17.683124542236328, 316.93829345703125, 78.09947204589844, 463.4044189453125, -156.5916748046875]
[4.827788352966309, 41.45749282836914, -15.779444694519043, 105.04762268066406, -20.951677322387695, 113.93999481201172, 44.09071350097656, 55.26905822753906, 141.3259735107422, -54.64563751220703, 228.2323760986328, 55.41704177856445, 274.73486328125, 110.31781005859375, 282.54632568359375, 286.8937683105469]
[3.3003647327423096, 44.07442855834961, -16.562118530273438, 85.02156829833984, 14.830914497375488, 51.870391845703125, 114.5147933959961, -19.63237953186035, 208.31639099121094, -18.00002670288086, 157.81088256835938, 145.57113647460938, 27.4876766204834, 353.2367248535156, -125.5045166015625, 209.27664184570312]
[2.086841106414795, 46.86079788208008, -7.80389928817749, 62.49648666381836, 63.253631591796875, 4.836425304412842, 190.53692626953125, -20.78279685974121, 128.31289672851562, 344.1028747558594, -103.17434692382812, 247.11752319335938, 8.791430473327637, 135.80101013183594, 617.249755859375, -60.16788864135742]
[0.764090895652771, 45.94733810424805, 3.2196154594421387, 38.46910095214844, 91.39493560791016, -28.582870483398438, 116.05554962158203, 92.18407440185547, -22.415191650390625, 400.58929443359375, -25.87156105041504, 94.97489166259766, 301.63238525390625, -50.824066162109375, 217.01666259765625, 223.5259246826172]
[-0.8243905901908875, 46.107913970947266, 12.288010597229004, 10.926783561706543, 123.8896484375, -1.93012535572052, 52.095314025878906, 174.5239715576172, -16.838470458984375, 264.4635009765625, 201.1271514892578, -127.76866149902344, 242.9557647705078, 415.03167724609375, -1.0182440280914307, 376.17645263671875]
[-1.7674164772033691, 46.865413665771484, 29.036075592041016, -1.5003068447113037, 107.73602294921875, 59.87645721435547, -21.113739013671875, 215.52865600585938, 94.02523803710938, -69.74978637695312, 306.0695495605469, 128.0333251953125, 40.379783630371094, 646.1695556640625, 156.4020233154297, -57.46941375732422]
[-2.8486225605010986, 39.06317138671875, 44.22346496582031, -20.00426483154297, 81.93415832519531, 108.59503173828125, -19.927837371826172, 83.00658416748047, 479.4926452636719, 12.92385196685791, 82.95097351074219, 288.0235900878906, 36.90251541137695, -67.67744445800781, 232.6461944580078, 158.97348022460938]
[-3.3660354614257812, 35.751739501953125, 54.929847717285156, -20.384130477905273, 33.70412063598633, 138.33145141601562, 34.2552604675293, -3.984527111053467, 395.7377014160156, 156.6503143310547, -48.06822204589844, 126.46076965332031, 274.8816223144531, -10.624106407165527, 96.25483703613281, 383.8529968261719]
[-4.443589687347412, 29.992212295532227, 62.897647857666016, 5.307569980621338, -5.921596527099609, 140.53826904296875, 107.13872528076172, -1.4213415384292603, 125.77421569824219, 197.2925567626953, 109.65184020996094, 19.128259658813477, 179.3975372314453, 418.79412841796875, 96.16754913330078, -3.4237191677093506]
[-3.4578049182891846, 21.97427749633789, 66.24115753173828, 33.33918762207031, -7.835348129272461, 67.55513763427734, 161.7440948486328, 63.00728225708008, -31.95838165283203, 137.1607208251953, 221.43292236328125, 74.9156265258789, -2.7809760570526123, 212.0097198486328, 270.310791015625, 59.21976852416992]
[-4.752736568450928, 15.41264820098877, 68.19414520263672, 57.715232849121094, -13.63797664642334, 8.513615608215332, 166.7662353515625, 146.54039001464844, 40.584754943847656, -56.48733901977539, 148.31008911132812, 284.158447265625, 192.9691925048828, 32.13411331176758, 130.7301788330078, 542.7970581054688]
[-3.3371691703796387, 7.365377902984619, 65.75038146972656, 79.28504943847656, 18.369873046875, -39.36907958984375, 63.55236053466797, 224.56553649902344, 131.80661010742188, -30.21078872680664, 23.872465133666992, 145.01585388183594, 552.1285400390625, 179.8289031982422, -52.72898483276367, -64.00270080566406]
[-3.402043581008911, 2.320610761642456, 49.568870544433594, 94.26187896728516, 61.43077087402344, -30.864215850830078, 16.507272720336914, 108.07353973388672, 202.24813842773438, 172.01332092285156, 58.35486602783203, -147.23294067382812, 138.26547241210938, 311.6437072753906, 330.6488342285156, 57.675498962402344]
[-2.3959386348724365, -1.3549199104309082, 36.20176696777344, 95.57981872558594, 110.2270278930664, 32.740631103515625, -52.210716247558594, 16.196382522583008, 147.4504852294922, 282.60601806640625, 216.55007934570312, 88.83403015136719, -14.070487022399902, 103.01390075683594, 344.81500244140625, 820.6061401367188]
[-1.5950744152069092, -6.493503093719482, 21.1755313873291, 79.99459075927734, 135.1142120361328, 109.31619262695312, 27.488561630249023, -84.96846771240234, -29.161203384399414, 115.52239227294922, 288.925537109375, 562.5180053710938, 137.6387939453125, 65.72980499267578, -112.6082534790039, 110.18480682373047]
[-0.9419849514961243, -6.9550299644470215, 6.7812652587890625, 51.7523193359375, 106.34387969970703, 139.27659606933594, 113.27371215820312, 80.45269012451172, -51.58769607543945, -64.09931182861328, 72.7882080078125, 195.72610473632812, 333.6810607910156, 325.007080078125, 161.29922485351562, -73.36857604980469]
[0.09976281970739365, -10.062274932861328, -7.291032314300537, 25.36026954650879, 83.91190338134766, 141.87901306152344, 163.5135955810547, 274.7090759277344, 72.35697174072266, -16.989398956298828, -111.37956237792969, -46.344482421875, 81.62689208984375, 187.57757568359375, 835.0831909179688, 526.0601806640625]
[1.9819217920303345, -7.288995265960693, -13.596356391906738, -1.4401549100875854, 38.68125915527344, 88.27098083496094, 159.04794311523438, 216.05601501464844, 160.95909118652344, 157.89404296875, 87.77887725830078, 21.957813262939453, -61.86800003051758, -70.59346008300781, -49.162086486816406, 115.60553741455078]
[2.983144998550415, -4.7004523277282715, -13.438386917114258, -18.692527770996094, -12.963329315185547, 37.442317962646484, 78.6775131225586, 159.490966796875, 163.8029327392578, 275.1328430175781, 519.6770629882812, 282.6506652832031, 222.7626190185547, 116.89642333984375, 101.61322021484375, -177.6809539794922]
[4.8677263259887695, 3.0476861000061035, -3.1963906288146973, -7.314084053039551, -21.977758407592773, -1.1923900842666626, 8.473593711853027, 28.316255569458008, 75.05744171142578, 128.37953186035156, 384.9966735839844, 212.71107482910156, 232.87229919433594, 467.3600769042969, 337.9335632324219, 402.5272216796875]
[6.423153400421143, 7.3739848136901855, 1.2986054420471191, -7.4088287353515625, -16.111602783203125, -6.920801639556885, -18.193885803222656, -8.89969539642334, 13.050529479980469, 28.5976505279541, -68.27719116210938, 74.29766845703125, 51.31456756591797, 147.93275451660156, 135.5050811767578, 166.6648712158203]
[8.264727592468262, 14.234728813171387, 17.8936710357666, 23.372644424438477, 24.372713088989258, 25.833984375, 22.780242919921875, -8.6921968460083, -6.931928634643555, -46.865943908691406, -41.651920318603516, -100.60712432861328, -103.41532135009766, -4.395688056945801, -130.3658447265625, 46.24879455566406]
[10.0, 21.332962036132812, 33.70795822143555, 47.4741325378418, 64.58061218261719, 78.731689453125, 215.43441772460938, 121.60082244873047, 149.7023468017578, 145.38807678222656, 177.82199096679688, 222.10757446289062, 234.00897216796875, 555.493408203125, 218.58213806152344, 361.734130859375]
[11.860000610351562, 28.35725212097168, 51.679725646972656, 71.44585418701172, 91.66162872314453, 120.69715118408203, 325.73876953125, 179.21661376953125, 251.35586547851562, 192.34896850585938, 291.8668212890625, 195.20925903320312, 357.9543762207031, 342.3385925292969, 181.93850708007812, 221.02627563476562]
[13.355121612548828, 36.03403854370117, 64.75982666015625, 96.61539459228516, 132.46588134765625, 122.17338562011719, 324.12457275390625, 177.9336700439453, 130.20252990722656, 113.99872589111328, 98.48760986328125, 36.529319763183594, -9.364401817321777, -26.220067977905273, -202.5269775390625, 95.1081771850586]
[15.081768035888672, 40.4383544921875, 64.21643829345703, 100.17265319824219, 117.55677795410156, 110.57064819335938, 86.1399917602539, 57.75270080566406, -11.260047912597656, -79.43040466308594, -67.78230285644531, -48.27725601196289, -4.412556171417236, 94.46150207519531, 154.9445037841797, 275.2956848144531]
[17.146215438842773, 42.76216125488281, 68.65507507324219, 90.13677215576172, 72.51881408691406, 52.09142303466797, 15.239373207092285, -57.426551818847656, -65.9223403930664, -39.014163970947266, 59.038108825683594, 140.2593231201172, 337.6165771484375, 418.1778259277344, 358.4678649902344, 229.74977111816406]
[18.08741569519043, 46.64129638671875, 72.9117202758789, 61.3332405090332, 33.41719436645508, 13.372467994689941, -7.151179790496826, 1.9057199954986572, 69.96490478515625, 329.0987243652344, 241.66111755371094, 206.68629455566406, 200.5671844482422, 133.26718139648438, 28.825712203979492, -163.28147888183594]
[20.112878799438477, 49.34233856201172, 59.355613708496094, 38.42743682861328, -7.327154159545898, -10.5082426071167, -9.751882553100586, 90.4544677734375, 219.54296875, 392.1905822753906, 193.1887969970703, 101.50574493408203, -109.95468139648438, 47.344051361083984, 19.835712432861328, 468.2065124511719]
[21.400611877441406, 49.50365447998047, 45.72632598876953, 10.889410972595215, -8.350395202636719, 2.0458192825317383, 85.0500259399414, 193.5137176513672, 193.71774291992188, 227.7822265625, -3.269202709197998, -137.31051635742188, 107.22457885742188, 164.56072998046875, 222.05393981933594, 786.5585327148438]
[22.42467498779297, 47.00701141357422, 31.129417419433594, -6.176883697509766, -16.98841667175293, 59.87697219848633, 174.81427001953125, 187.6730499267578, 85.97699737548828, -31.89544677734375, -23.482988357543945, 131.6427001953125, 603.5408935546875, 286.2507629394531, 140.1647491455078, -127.504150390625]
[23.16123390197754, 40.394676208496094, 16.7279109954834, -12.29076099395752, 21.311094284057617, 123.83728790283203, 144.69448852539062, 83.92305755615234, -33.01200866699219, -0.5031197667121887, 181.58372497558594, 236.79579162597656, 199.335205078125, -46.559326171875, -100.12565612792969, 159.03456115722656]
[22.81797218322754, 34.17005157470703, 3.5262646675109863, -0.9589674472808838, 64.86662292480469, 147.9140625, 109.12220001220703, 18.9742374420166, -42.01861572265625, 157.22869873046875, 286.8856201171875, 262.86187744140625, -131.76504516601562, 33.974857330322266, 544.2131958007812, 298.0029602050781]
[24.108205795288086, 29.587064743041992, -11.875635147094727, 7.993509769439697, 111.22283935546875, 109.04354858398438, 13.950064659118652, -52.459388732910156, 242.20896911621094, 171.7210693359375, 110.35336303710938, -70.13481140136719, 47.32209396362305, 272.4861145019531, 436.88336181640625, 66.97418212890625]
[24.681489944458008, 22.051780700683594, -18.078306198120117, 34.946746826171875, 120.80052185058594, 69.88685607910156, -61.89650344848633, 65.57816314697266, 451.6053161621094, 122.92829895019531, -8.015742301940918, 187.79742431640625, 207.78692626953125, 161.41732788085938, -250.21875, 106.90938568115234]
[24.170604705810547, 15.417710304260254, -8.30500602722168, 63.38328552246094, 98.74816131591797, 18.21265411376953, 19.279741287231445, 193.84414672851562, 310.0613708496094, -55.95500946044922, 55.56484603881836, 283.3034362792969, 170.13565063476562, -39.97639083862305, 169.2978057861328, 327.8870544433594]
[24.40491485595703, 9.004619598388672, 1.4289323091506958, 77.90071105957031, 72.79107666015625, -23.420194625854492, 75.61649322509766, 151.66140747070312, 0.5996071100234985, 13.03017807006836, 303.2190856933594, 173.1734619140625, -97.42808532714844, 166.82608032226562, 256.4988098144531, 48.96049118041992]
[23.859983444213867, 2.050638198852539, 11.332901000976562, 85.92920684814453, 33.38912582397461, 9.46180534362793, 165.43911743164062, 114.75486755371094, -25.26152992248535, 140.64663696289062, 261.28656005859375, -4.481301307678223, 124.91475677490234, 801.3815307617188, 108.96468353271484, 135.3837432861328]
[22.71023941040039, -0.43360066413879395, 23.50796127319336, 86.50956726074219, -4.981745719909668, 37.70463180541992, 175.89205932617188, -0.42761510610580444, 32.17643356323242, 268.25762939453125, 68.3206558227539, 57.94906997680664, 315.7956848144531, 44.775962829589844, 14.904794692993164, 403.8526916503906]
[21.83339500427246, -5.559472560882568, 38.88459396362305, 80.96234893798828, -37.23282241821289, 103.98699188232422, 99.09294128417969, -51.51887893676758, 185.10140991210938, 131.26536560058594, -30.5889949798584, 259.9334716796875, 115.8083267211914, 80.90509796142578, 484.5447082519531, 36.535919189453125]
[20.567628860473633, -9.360300064086914, 56.99141311645508, 53.403133392333984, -18.3392391204834, 146.72547912597656, 41.97700119018555, 45.952423095703125, 222.5552520751953, -23.4490909576416, 324.2104187011719, 218.7869110107422, 37.677181243896484, 389.46466064453125, 144.42877197265625, 26.991474151611328]
[19.233118057250977, -5.760895252227783, 62.0975341796875, 23.619661331176758, 13.533859252929688, 123.29667663574219, -54.62037658691406, 147.5493621826172, 104.55751037597656, -52.264198303222656, 477.35137939453125, 39.30193328857422, 174.24188232421875, 194.5843505859375, -150.33566284179688, 241.41123962402344]
[18.26822853088379, -5.88320255279541, 76.3155517578125, -5.135572910308838, 66.34347534179688, 94.01240539550781, -7.511592864990234, 189.5546112060547, 13.513235092163086, 149.01451110839844, 246.39874267578125, -3.63543701171875, 201.61422729492188, -91.6904067993164, 298.9197082519531, 258.894287109375]
[17.036170959472656, -2.3095781803131104, 77.33602905273438, -7.141544818878174, 96.58993530273438, 24.0211238861084, 62.589263916015625, 123.49138641357422, -55.430179595947266, 281.36273193359375, -9.169496536254883, 245.69378662109375, 98.17926788330078, 128.10594177246094, 255.811767578125, -144.75648498535156]
[15.08551025390625, 3.4135141372680664, 71.72978973388672, -6.235202789306641, 125.62449645996094, -0.5495173335075378, 133.2601318359375, 15.584480285644531, 117.30378723144531, 120.2278060913086, 35.262062072753906, 284.6003112792969, 61.80101776123047, 321.43121337890625, -114.48558807373047, 673.5421142578125]
[13.398144721984863, 6.681338787078857, 57.47084426879883, -6.640475273132324, 115.587890625, -39.282711029052734, 181.87490844726562, -65.81961822509766, 264.597900390625, 25.86734390258789, 226.32086181640625, -4.464385986328125, 260.693603515625, 101.37933349609375, 166.33123779296875, 179.8489532470703]
[11.697151184082031, 14.056418418884277, 42.3584098815918, 19.567934036254883, 73.56596374511719, 30.680950164794922, 139.2005615234375, 23.31572914123535, 169.5590057373047, -35.08932876586914, 235.6495361328125, -1.8071448802947998, 382.2487487792969, 28.97902488708496, 237.4606170654297, -23.558515548706055]
[10.0, 21.526254653930664, 25.80577278137207, 48.01425552368164, 35.727325439453125, 75.29688262939453, 33.451229095458984, 251.80152893066406, 46.39842224121094, 171.27503967285156, 3.57183837890625, 177.99623107910156, 44.997215270996094, 343.139404296875, -76.88316345214844, 293.6546630859375]
[8.269763946533203, 28.985239028930664, 8.90605640411377, 77.53437042236328, 8.550164222717285, 150.5430145263672, 3.151947259902954, 195.951904296875, -71.93170928955078, 306.1119384765625, -53.487525939941406, 243.13104248046875, -89.46793365478516, 301.6676940917969, 91.99479675292969, 192.638916015625]
[6.3983259201049805, 35.12898254394531, 2.228022813796997, 96.2146224975586, -3.786280632019043, 137.33651733398438, -46.89332962036133, 155.0165252685547, 56.788795471191406, 117.31098175048828, 134.04884338378906, 70.21456909179688, 569.5794677734375, 33.76126480102539, 685.758544921875, -127.66693115234375]
[4.538992404937744, 39.81285095214844, -10.773816108703613, 99.14774322509766, -9.217015266418457, 121.93698120117188, 56.2113037109375, 45.90345764160156, 187.4107208251953, 30.59457015991211, 298.0228576660156, 11.533454895019531, 276.0379333496094, 81.66294860839844, 283.3173828125, 217.0517578125]
[3.1939518451690674, 42.88422393798828, -16.663434982299805, 84.53449249267578, 19.170154571533203, 52.31431198120117, 144.2698211669922, -2.5393707752227783, 160.76760864257812, 44.36384963989258, 137.48098754882812, 194.6118621826172, -69.16886138916016, 452.0623779296875, -188.6862030029297, 376.3365783691406]
[1.3044058084487915, 45.09111785888672, -14.048730850219727, 62.042903900146484, 63.276275634765625, -20.1893367767334, 147.0924835205078, -19.490934371948242, 111.87733459472656, 281.799072265625, -99.72874450683594, 594.5945434570312, -35.332275390625, 134.11460876464844, 232.8301239013672, -71.62906646728516]
[0.6402817368507385, 47.860313415527344, -2.271777868270874, 38.869041442871094, 99.44377899169922, -28.711589813232422, 144.6038818359375, 87.6346664428711, -1.278194546699524, 456.4964599609375, -26.625333786010742, 173.0968475341797, 344.13287353515625, -126.18189239501953, 200.1888885498047, 191.39144897460938]
[-1.0090668201446533, 45.91362762451172, 13.37879467010498, 12.793575286865234, 134.23890686035156, 19.160860061645508, 58.64997482299805, 202.42599487304688, 16.828527450561523, 237.25608825683594, 166.36541748046875, -111.60967254638672, 180.3863525390625, 476.7624816894531, -23.197555541992188, 289.6851501464844]
[-2.223118543624878, 44.77417755126953, 28.97117805480957, -4.216944694519043, 121.90811920166016, 59.89738464355469, 3.7973015308380127, 196.15611267089844, 92.77107238769531, 16.79390525817871, 233.28799438476562, 132.52505493164062, -101.52870178222656, 602.1387329101562, 173.00848388671875, 84.27001953125]
[-3.014799118041992, 42.895774841308594, 43.98635482788086, -25.717180252075195, 79.58146667480469, 112.13842010498047, -2.4843556880950928, 82.03982543945312, 232.4337158203125, -24.81979751586914, 65.53217315673828, 388.82391357421875, 73.73983764648438, -32.7604866027832, 439.5972900390625, 159.20401000976562]
[-3.4074525833129883, 34.24834442138672, 57.0985221862793, -6.520304203033447, 33.528865814208984, 142.4580078125, 67.08195495605469, -14.422599792480469, 202.5266876220703, 174.5867919921875, 11.869112968444824, 128.3608856201172, 371.4851989746094, 17.18535804748535, -15.872676849365234, 626.9230346679688]
[-4.1684489250183105, 29.270248413085938, 68.7054672241211, 8.06147289276123, 5.544522762298584, 122.75249481201172, 252.27212524414062, -19.12416648864746, 40.94597625732422, 178.55348205566406, 109.67511749267578, 26.538129806518555, 153.4776611328125, 365.49725341796875, 1.9577642679214478, -0.0810343474149704]
[-4.548815727233887, 22.03803253173828, 75.9859848022461, 34.1682014465332, -34.30780029296875, 69.60123443603516, 378.7816162109375, 56.64584732055664, -48.21806335449219, 119.74688720703125, 234.56552124023438, 87.86824035644531, 34.73347091674805, 200.72662353515625, 218.11988830566406, 167.04103088378906]
[-4.08768892288208, 15.24593734741211, 68.8597640991211, 61.848731994628906, -25.25750732421875, 18.572006225585938, 132.53501892089844, 180.23377990722656, 15.874073028564453, -5.97395133972168, 181.27877807617188, 374.29473876953125, 103.17131042480469, -17.08027458190918, 130.19813537597656, 550.635986328125]
[-4.0319366455078125, 9.28920841217041, 63.29018783569336, 77.14132690429688, 26.459226608276367, -30.999923706054688, 65.48406982421875, 170.9826202392578, 335.0766296386719, 3.5496304035186768, -25.175662994384766, 198.16476440429688, 283.8494567871094, 172.23367309570312, -134.2078399658203, 62.73063659667969]
[-2.9666175842285156, 0.9660202860832214, 51.28277587890625, 89.92906188964844, 63.96924591064453, -23.425785064697266, 2.583406448364258, 99.5675277709961, 492.58880615234375, 188.9056396484375, 4.764339923858643, -102.92601776123047, 136.368896484375, 239.04344177246094, 320.77374267578125, 100.38958740234375]
[-2.301006317138672, -2.5374507904052734, 36.02988052368164, 102.9545669555664, 108.09205627441406, 39.18665313720703, -14.174223899841309, 26.791481018066406, 134.37420654296875, 243.7979736328125, 350.75286865234375, 34.02703857421875, -5.928919315338135, -6.962441921234131, 342.94171142578125, 513.0691528320312]
[-2.1595659255981445, -3.938401937484741, 20.245874404907227, 82.81713104248047, 120.27945709228516, 111.20574188232422, 29.513206481933594, 11.588434219360352, -19.59314727783203, 127.7862548828125, 547.2047729492188, 285.36444091796875, 141.4208984375, 51.953426361083984, -41.60109329223633, 68.83905792236328]
[-0.8594351410865784, -9.809685707092285, 8.491687774658203, 54.48040008544922, 101.58187103271484, 151.89450073242188, 104.70191955566406, 43.77718734741211, -76.44937896728516, 28.568187713623047, 88.73299407958984, 243.09793090820312, 398.6162414550781, 253.28005981445312, 317.7985534667969, -61.55363464355469]
[0.7470105290412903, -7.5385308265686035, -7.391759872436523, 21.621089935302734, 81.50677490234375, 118.1568374633789, 140.20193481445312, 128.0315704345703, 76.94805145263672, -31.257400512695312, -98.19496154785156, 13.1447114944458, 155.5291748046875, 253.55760192871094, 657.0901489257812, 445.74151611328125]
[1.9945144653320312, -6.310760974884033, -7.5658674240112305, -2.155125617980957, 37.72029495239258, 87.80548858642578, 141.0031280517578, 197.91952514648438, 180.2008056640625, 155.79249572753906, 81.52261352539062, 66.2614974975586, -77.06306457519531, -170.57546997070312, 85.36643981933594, 138.4696044921875]
[2.8903229236602783, -2.1018338203430176, -13.767220497131348, -13.759845733642578, 9.485910415649414, 37.01245880126953, 76.86216735839844, 150.06842041015625, 221.1441650390625, 187.41104125976562, 309.5531921386719, 171.75531005859375, 439.0808410644531, 117.82286071777344, 53.7381591796875, 91.34423828125]
[4.974869728088379, 0.8746175169944763, -5.84624719619751, -7.614924430847168, -18.130001068115234, -7.978790760040283, -18.240707397460938, 48.04983139038086, 78.2828369140625, 118.08722686767578, 174.86380004882812, 317.18719482421875, 344.138916015625, 444.9254455566406, 408.0989074707031, 203.26034545898438]
[6.45504093170166, 6.4481353759765625, 0.8384255766868591, -0.024341629818081856, -24.57887840270996, -22.672515869140625, -45.09356689453125, 2.8703367710113525, -19.49651336669922, -27.13680648803711, -10.081045150756836, -6.324784278869629, 72.65380859375, 79.6616439819336, 137.5443878173828, 203.38458251953125]
[8.305981636047363, 14.893527030944824, 20.023448944091797, 16.972736358642578, 21.14251136779785, 27.301740646362305, 31.225313186645508, 15.467582702636719, 17.67575454711914, -11.500326156616211, 4.4742112159729, -75.81599426269531, -35.801334381103516, -145.4709014892578, -154.74842834472656, -155.3822784423828]
[10.0, 21.452884674072266, 33.96434020996094, 47.068931579589844, 63.41158676147461, 79.67765045166016, 90.62149047851562, 106.47074890136719, 141.99794006347656, 157.688232421875, 153.90267944335938, 404.05560302734375, 193.48223876953125, 496.1925354003906, 317.1902160644531, 715.346435546875]
[11.768096923828125, 28.23017692565918, 51.592491149902344, 67.65481567382812, 91.3182144165039, 152.747802734375, 150.91775512695312, 185.5659942626953, 241.36569213867188, 283.0934753417969, 207.6585235595703, 570.9461059570312, 317.9570007324219, 527.2399291992188, 297.4533996582031, 485.057373046875]
[13.627973556518555, 35.07545471191406, 57.555721282958984, 95.32074737548828, 121.02056884765625, 156.65599060058594, 172.20370483398438, 128.34230041503906, 160.44210815429688, 136.26043701171875, 89.20069122314453, 79.93428802490234, 7.778716564178467, -106.45877838134766, -76.1428451538086, -106.1219253540039]
[15.201395988464355, 40.47233581542969, 72.90357971191406, 96.74872589111328, 112.1061782836914, 104.01756286621094, 91.07917785644531, 47.38382339477539, 7.000094413757324, 9.321013450622559, -7.227130889892578, 2.883904457092285, 17.874725341796875, 105.93611145019531, 163.79754638671875, 346.8099365234375]
[16.875064849853516, 42.351356506347656, 74.596435546875, 79.09263610839844, 76.76067352294922, 49.014522552490234, -5.046414852142334, -33.31910705566406, -21.879182815551758, 43.56769943237305, 69.68595886230469, 168.74081420898438, 266.173828125, 301.6294860839844, 305.61138916015625, 391.707275390625]
[18.70865249633789, 46.58121109008789, 66.73825073242188, 67.62326049804688, 39.14055252075195, -9.72573184967041, -28.568405151367188, 15.647902488708496, 56.47319412231445, 302.3116455078125, 207.4033660888672, 290.1045837402344, 234.55422973632812, 137.22438049316406, 78.09415435791016, 65.27649688720703]
[20.079113006591797, 48.3889045715332, 57.66310119628906, 38.756526947021484, -2.7238609790802, -15.350163459777832, 8.718626022338867, 161.69297790527344, 167.3187713623047, 458.5153503417969, 248.50010681152344, 81.69172668457031, -108.11974334716797, -140.80072021484375, -19.849504470825195, 172.6749267578125]
[21.295137405395508, 49.125118255615234, 44.32695388793945, 11.76386547088623, -18.3768253326416, 4.126591205596924, 84.99393463134766, 169.57408142089844, 199.29190063476562, 285.08758544921875, 36.809852600097656, -103.95774841308594, -20.149076461791992, 260.42901611328125, 219.19952392578125, 370.5604248046875]
[21.404325485229492, 46.09983825683594, 30.937801361083984, -1.4938551187515259, -25.45143699645996, 59.86854934692383, 169.29225158691406, 195.61154174804688, 86.754638671875, 7.010648250579834, 38.99710464477539, 128.72354125976562, 197.7689971923828, 336.54998779296875, 275.7119445800781, -155.69500732421875]
[22.864877700805664, 38.80360794067383, 15.85714054107666, -26.6742000579834, 26.050586700439453, 113.84739685058594, 192.6603546142578, 83.32292175292969, -20.275592803955078, -41.548152923583984, 139.04934692382812, 297.80230712890625, 209.02694702148438, 27.039302825927734, -104.71302795410156, 158.5919952392578]
[23.908336639404297, 36.0770263671875, 3.010011911392212, -14.683050155639648, 66.07014465332031, 140.3941650390625, 98.611572265625, -3.9630188941955566, 25.57479476928711, 141.14004516601562, 208.06649780273438, 126.68803405761719, -141.77728271484375, 22.082111358642578, 575.5869140625, 336.1609191894531]
[23.475454330444336, 28.501562118530273, -6.154482364654541, 3.6588733196258545, 107.28068542480469, 139.3561553955078, 14.692279815673828, -25.91046142578125, 127.74835968017578, 208.50701904296875, 110.40719604492188, 24.315202713012695, 58.12902069091797, 291.166015625, 291.85260009765625, 48.92743682861328]
[24.75452995300293, 21.953989028930664, -9.24832534790039, 34.04668426513672, 122.26490020751953, 71.83903503417969, -20.050106048583984, 69.03897857666016, 239.55906677246094, 114.52190399169922, -129.19326782226562, 84.41634368896484, 413.8699645996094, 155.5153350830078, 68.48731994628906, 63.54863357543945]
[23.958789825439453, 15.12914752960205, -7.3293046951293945, 60.608219146728516, 102.23013305664062, 0.21664580702781677, -16.372377395629883, 186.96629333496094, 143.99090576171875, -30.707094192504883, 136.242431640625, 315.7761535644531, 334.05816650390625, 55.458251953125, 161.4514923095703, 373.9990234375]
[24.307954788208008, 9.142148971557617, -6.616783618927002, 80.52523803710938, 85.54083251953125, -37.642250061035156, 76.32733917236328, 166.3629150390625, 45.659568786621094, 37.90316390991211, 498.11669921875, 142.5525360107422, -6.45546293258667, 188.81118774414062, 312.1075744628906, 27.0623722076416]
[23.78473663330078, 3.4647254943847656, 11.772466659545898, 90.66036224365234, 33.773277282714844, -25.22531509399414, 138.24191284179688, 113.56275177001953, -29.62439727783203, 150.61199951171875, 232.27882385253906, 32.691001892089844, 271.3966369628906, 201.92276000976562, -6.149621963500977, 51.781898498535156]
[23.33537483215332, -3.421487331390381, 24.535533905029297, 95.04877471923828, 3.672635316848755, 40.43129348754883, 151.68394470214844, -9.875040054321289, 100.8995590209961, 232.34048461914062, -17.172443389892578, 77.14148712158203, 272.7884521484375, 103.0916748046875, 30.875459671020508, 695.8787841796875]
[22.242097854614258, -5.65130090713501, 38.274757385253906, 74.88249969482422, -32.45817184448242, 105.63722229003906, 112.20779418945312, -59.40634536743164, 414.2034606933594, 134.25390625, -64.25987243652344, 215.55319213867188, 116.837158203125, 54.02370834350586, 495.820556640625, 208.5541534423828]
[20.573604583740234, -7.3386969566345215, 50.73368453979492, 52.290985107421875, -22.892379760742188, 155.00733947753906, 24.329233169555664, 28.184921264648438, 175.4310760498047, -86.60678100585938, 139.93606567382812, 180.72479248046875, -25.325450897216797, 515.0621948242188, 139.48046875, 89.39288330078125]
[19.284242630004883, -10.010250091552734, 70.44046020507812, 25.190378189086914, 25.67472267150879, 151.451904296875, -58.29585266113281, 132.73580932617188, 100.77603149414062, -29.7545108795166, 243.68629455566406, 34.676856994628906, 164.09585571289062, 259.19366455078125, -114.9051284790039, 293.5639343261719]
[17.91651153564453, -8.516433715820312, 67.00289916992188, -4.6855244636535645, 62.9770393371582, 91.78399658203125, -14.4232177734375, 160.9667510986328, -18.729238510131836, 184.60890197753906, 135.3209228515625, -45.27954864501953, 388.5364685058594, -62.066925048828125, 268.8095703125, 136.16680908203125]
[16.62529182434082, -2.289079189300537, 76.7318115234375, -3.7061166763305664, 110.60575103759766, 29.655776977539062, 125.29412841796875, 145.28538513183594, -3.464592933654785, 232.42123413085938, 18.7861328125, 590.326171875, 26.76772117614746, 127.8624038696289, 305.5661926269531, 23.707958221435547]
[15.058244705200195, 2.3188884258270264, 66.62152099609375, -5.677924633026123, 118.41336822509766, -19.939847946166992, 281.5736999511719, 22.138118743896484, 103.59374237060547, 126.47767639160156, 54.598411560058594, 600.9580688476562, 36.17292022705078, 413.95257568359375, -190.77638244628906, 319.6933898925781]
[13.354496955871582, 7.818897724151611, 53.347328186035156, 1.5316184759140015, 101.05756378173828, -35.22180938720703, 153.24107360839844, -4.272335052490234, 216.33509826660156, 21.478891372680664, 283.21844482421875, 30.067115783691406, 187.64065551757812, 72.85185241699219, 172.9491424560547, 199.68206787109375]
[11.825226783752441, 13.989548683166504, 42.86814880371094, 19.634845733642578, 74.02473449707031, 11.405563354492188, 142.20626831054688, 10.006396293640137, 137.7006378173828, -23.209611892700195, 179.25979614257812, 13.810041427612305, 334.27032470703125, 29.60882568359375, 799.267333984375, -55.87159729003906]
[10.0, 21.435077667236328, 25.479671478271484, 49.90285873413086, 32.925662994384766, 87.12321472167969, 33.576534271240234, 113.82029724121094, 44.353214263916016, 175.1230010986328, 9.052907943725586, 164.07180786132812, 29.04685401916504, 275.3287658691406, 1.3507320880889893, 374.53057861328125]
[8.200657844543457, 28.123125076293945, 9.513313293457031, 70.86279296875, 10.424355506896973, 140.6875, -23.15705108642578, 173.3295135498047, -5.171964168548584, 236.59716796875, 15.953116416931152, 339.0672302246094, -86.5485610961914, 308.72515869140625, 59.78899383544922, 281.37554931640625]
[6.376060485839844, 33.8026008605957, 1.8497370481491089, 83.24240112304688, -18.316526412963867, 137.79774475097656, -28.858379364013672, 173.5484619140625, 23.427427291870117, 118.51753234863281, 121.0625991821289, 57.67123794555664, 210.57557678222656, -75.06769561767578, 428.1418151855469, -14.597397804260254]
[4.997737884521484, 40.48507308959961, -10.027960777282715, 93.758544921875, -10.146240234375, 122.1792221069336, 54.83600997924805, 62.16619110107422, 153.77972412109375, 34.01707458496094, 325.11541748046875, -38.51653289794922, 222.67767333984375, 56.46647644042969, 141.1305694580078, 232.26483154296875]
[3.515807867050171, 45.67875671386719, -9.790539741516113, 88.09937286376953, 20.08131217956543, 48.328521728515625, 151.34765625, -4.93691873550415, 259.2222595214844, -33.8540153503418, 144.8061981201172, 194.81776428222656, -17.70469856262207, 459.8936462402344, -160.08555603027344, 199.59857177734375]
[1.3633557558059692, 48.375694274902344, -10.817657470703125, 64.56790924072266, 64.5167465209961, -20.359376907348633, 175.65670776367188, 19.96666145324707, 116.31550598144531, 317.57159423828125, -89.85945892333984, 312.93927001953125, 14.474385261535645, 135.06182861328125, 380.9858703613281, -77.50978088378906]
[0.1264391541481018, 47.056758880615234, 4.207449913024902, 38.501487731933594, 99.49929809570312, -15.963809967041016, 138.34661865234375, 92.03411102294922, 28.69009017944336, 503.36578369140625, -21.25191879272461, 90.3628158569336, 185.4226837158203, -3.434962749481201, 282.63751220703125, 480.5798645019531]
[-0.6379040479660034, 46.779075622558594, 13.452370643615723, 15.477856636047363, 111.18710327148438, -8.067532539367676, 47.1845588684082, 170.98231506347656, -63.367919921875, 256.5408935546875, 258.5152893066406, -70.38936614990234, 452.7362976074219, 259.0027770996094, -51.02509689331055, 560.2492065429688]
[-1.4698848724365234, 43.12411117553711, 28.91194725036621, -6.753087520599365, 117.19523620605469, 59.86096954345703, 13.0839204788208, 204.51206970214844, 91.98296356201172, -82.97711944580078, 269.8382263183594, 123.77076721191406, 10.208734512329102, 606.3031616210938, 174.65391540527344, -157.69033813476562]
[-2.471759080886841, 40.35236740112305, 45.54308319091797, -19.381744384765625, 78.09742736816406, 103.96100616455078, -14.893651962280273, 82.23251342773438, 187.3317108154297, -2.5594699382781982, 128.78517150878906, 267.8420104980469, 106.00199890136719, 57.27342987060547, 382.800537109375, 158.53857421875]
[-3.5640687942504883, 34.04413604736328, 56.53433609008789, -1.6027706861495972, 36.68137741088867, 147.09922790527344, 46.15932083129883, -46.88441848754883, 167.56690979003906, 136.96298217773438, -117.142578125, 130.53121948242188, 379.1432189941406, 24.817739486694336, -40.57449722290039, 495.98895263671875]
[-3.3947808742523193, 29.64534568786621, 69.45672607421875, 9.640416145324707, 4.016728401184082, 144.0264434814453, 132.77206420898438, -20.493038177490234, 51.45627212524414, 226.80758666992188, 227.71839904785156, 40.635528564453125, 155.7700653076172, 411.707763671875, -32.182708740234375, 83.45252227783203]
[-3.961649179458618, 22.332735061645508, 67.60902404785156, 33.22504806518555, -31.71565818786621, 70.54928588867188, 156.58355712890625, 137.31382751464844, 10.63321590423584, 118.8254623413086, 180.66357421875, 86.61499786376953, -0.6921543478965759, 189.69454956054688, 383.9600830078125, 66.74716186523438]
[-4.619526386260986, 14.617534637451172, 76.77288055419922, 58.24066925048828, -16.867584228515625, 16.86553192138672, 142.00326538085938, 156.1478271484375, 39.0125617980957, -65.52478790283203, 164.4483184814453, 338.10797119140625, 88.03606414794922, -125.06492614746094, 143.9542236328125, 427.3054504394531]
[-3.8930399417877197, 9.282852172851562, 61.5117301940918, 89.11285400390625, 26.677467346191406, -19.20245361328125, 65.59534454345703, 183.0267333984375, 181.32310485839844, -18.061227798461914, -55.30623245239258, 205.52015686035156, 428.0353088378906, 156.49655151367188, -58.9780387878418, -76.53811645507812]
[-2.8331832885742188, 1.0044916868209839, 50.89199447631836, 95.73062896728516, 63.884517669677734, -6.792886734008789, 4.799307823181152, 120.15745544433594, 170.0294189453125, 169.99525451660156, -19.26923370361328, -68.45695495605469, 135.15841674804688, 367.2261657714844, 657.6552124023438, -5.572778224945068]
[-3.3388261795043945, -3.657031536102295, 35.963356018066406, 96.00924682617188, 92.72491455078125, 36.95273208618164, -1.8988635540008545, 9.930416107177734, 128.6578826904297, 246.12554931640625, 193.09310913085938, 140.0933380126953, -88.49597930908203, 41.46480178833008, 643.7742919921875, 412.1363220214844]
[-2.405824899673462, -5.740659236907959, 19.312902450561523, 70.4587173461914, 135.78927612304688, 100.16669464111328, 33.256412506103516, -7.143034934997559, -5.809886932373047, 124.50592041015625, 202.49073791503906, 470.4243469238281, 155.28085327148438, -98.10270690917969, 33.1207275390625, 27.491846084594727]
[-0.7058268785476685, -10.223504066467285, 2.5033843517303467, 54.36759948730469, 114.25029754638672, 156.0386199951172, 102.63519287109375, 46.14036178588867, -36.531097412109375, -26.905012130737305, 91.97547912597656, 176.07131958007812, 240.69544982910156, 257.1950378417969, 172.37612915039062, 57.614688873291016]
[-0.0942334532737732, -7.456936836242676, -1.2748678922653198, 27.0952205657959, 78.6114273071289, 121.12860107421875, 194.7364501953125, 129.53204345703125, 160.57862854003906, 19.87186622619629, -117.60615539550781, -35.880615234375, 96.1998062133789, 279.0269470214844, 473.68310546875, 373.1602478027344]
[1.657741904258728, -6.143706798553467, -6.1920037269592285, -0.4235716462135315, 36.49662780761719, 91.20249938964844, 155.47598266601562, 167.3528594970703, 195.1505126953125, 146.13592529296875, 91.02265930175781, 49.56769943237305, -48.9384765625, -87.29354858398438, 29.963571548461914, 260.2263488769531]
[3.0942790508270264, -4.437600612640381, -10.32235336303711, -7.5885796546936035, 2.3756942749023438, 36.498680114746094, 75.09344482421875, 130.21688842773438, 184.32521057128906, 230.9730987548828, 268.8862609863281, 256.7943115234375, 224.704833984375, 132.2633514404297, 100.82999420166016, 0.9751338958740234]
[4.869091510772705, 3.343400478363037, -3.9734649658203125, -17.960554122924805, -3.2165772914886475, -20.912553787231445, -12.117456436157227, 38.6597785949707, 66.13763427734375, 120.42044067382812, 149.66461181640625, 220.19747924804688, 271.7565002441406, 247.5291290283203, 444.0794982910156, 830.6502685546875]
[6.653191089630127, 8.723793983459473, 3.8779075145721436, -5.622459888458252, -23.641603469848633, -19.260677337646484, -7.920859336853027, -2.9291489124298096, -11.260202407836914, -80.6014404296875, -3.038560628890991, 44.53445816040039, 53.58502197265625, 49.72920227050781, 131.33651733398438, 202.33802795410156]
[8.244239807128906, 14.420721054077148, 18.450416564941406, 22.06757354736328, 20.76909065246582, 27.71737289428711, 6.7402448654174805, 18.14116096496582, 36.37470626831055, -49.510799407958984, -30.801355361938477, -19.74791145324707, -41.739742279052734, -44.5532341003418, -93.75965881347656, -10.494065284729004]
[10.0, 21.372875213623047, 33.76544189453125, 47.08202362060547, 61.730384826660156, 78.4404296875, 108.29021453857422, 104.88838958740234, 120.45684814453125, 148.81478881835938, 152.84573364257812, 169.05654907226562, 227.09976196289062, 532.889892578125, 298.42401123046875, 299.1246643066406]
[11.807229042053223, 29.179523468017578, 49.978065490722656, 69.4754638671875, 96.23987579345703, 121.26448822021484, 130.52801513671875, 227.84205627441406, 259.0516662597656, 234.55531311035156, 208.3737030029297, 185.147705078125, 593.6008911132812, 516.7282104492188, 222.59573364257812, 185.89407348632812]
[13.635222434997559, 33.400123596191406, 65.8373794555664, 91.7878646850586, 121.35418701171875, 142.26986694335938, 143.9609832763672, 138.28790283203125, 155.534912109375, 125.06846618652344, 80.84365844726562, 19.591747283935547, 19.336650848388672, -133.71095275878906, 32.7666130065918, -2.7910513877868652]
[15.361671447753906, 39.837013244628906, 69.93465423583984, 92.17172241210938, 121.45526885986328, 101.22667694091797, 95.38660430908203, 54.02347183227539, -5.489794731140137, 25.505403518676758, -20.516258239746094, -114.1746597290039, -5.53208589553833, 27.90566635131836, 172.0259246826172, 238.49905395507812]
[16.846511840820312, 45.85710906982422, 71.41529846191406, 93.69172668457031, 77.5404281616211, 51.1605339050293, 14.426691055297852, -49.806636810302734, -20.602739334106445, 32.70805740356445, 88.22601318359375, 147.42999267578125, 314.23968505859375, 348.3594665527344, 292.0992126464844, 282.43658447265625]
[18.60710334777832, 46.7393798828125, 74.16038513183594, 69.95068359375, 34.949771881103516, 11.393580436706543, -31.785335540771484, 9.506012916564941, 63.049259185791016, 298.17236328125, 251.00682067871094, 267.40380859375, 255.45660400390625, 136.54849243164062, 66.07581329345703, 89.63200378417969]
[19.988815307617188, 50.915470123291016, 57.58018112182617, 38.681060791015625, -6.377091884613037, -1.5663529634475708, -7.113743782043457, 86.92158508300781, 166.13902282714844, 510.36669921875, 344.1114807128906, 102.17912292480469, -118.97918701171875, 70.11846160888672, 124.31682586669922, 233.7158660888672]
[21.160486221313477, 47.26182174682617, 47.529842376708984, 17.090120315551758, -37.60416793823242, 13.244653701782227, 165.77537536621094, 144.52267456054688, 208.05706787109375, 251.2810821533203, -37.4537239074707, -129.93128967285156, 62.06184005737305, 171.4813690185547, 773.8017578125, 265.6225891113281]
[21.37090301513672, 46.456764221191406, 31.039737701416016, -7.4698686599731445, -20.127042770385742, 59.87520980834961, 181.77059936523438, 181.53562927246094, 86.36052703857422, -70.98118591308594, 23.73459815979004, 132.1030731201172, 388.900146484375, 236.8738555908203, 278.544921875, 59.0535888671875]
[22.784000396728516, 42.66010284423828, 14.334199905395508, -11.373563766479492, 13.456032752990723, 123.51911926269531, 148.68048095703125, 83.1217269897461, -56.14303207397461, 10.829689025878906, 193.63497924804688, 355.80279541015625, 197.19332885742188, -42.371185302734375, -69.91046905517578, 158.4658660888672]
[22.9495906829834, 36.903968811035156, 0.7042591571807861, -1.0607672929763794, 63.654197692871094, 154.75802612304688, 110.82756805419922, -23.56692886352539, -44.18723678588867, 146.27503967285156, 313.40447998046875, 276.67193603515625, -33.4976806640625, -23.77758026123047, 263.7030944824219, 554.9849853515625]
[23.629411697387695, 28.648784637451172, -13.500263214111328, 9.87353229522705, 101.57108306884766, 120.30389404296875, 21.29608154296875, -44.145973205566406, 127.77510070800781, 197.7320556640625, 110.56879425048828, -75.43675231933594, 96.44252014160156, 417.4247131347656, 312.74566650390625, -77.63492584228516]
[23.656843185424805, 22.04698944091797, -16.521028518676758, 35.372554779052734, 116.96676635742188, 68.2443618774414, -2.147676944732666, 56.977481842041016, 225.88357543945312, 116.44021606445312, 8.805495262145996, 173.51910400390625, 364.9825744628906, 181.75865173339844, -6.678913116455078, 214.21580505371094]
[24.06483268737793, 14.816202163696289, -5.5307393074035645, 64.02427673339844, 125.69245147705078, 21.90746307373047, -21.809310913085938, 186.9166717529297, 131.9387969970703, -51.85634994506836, 71.37742614746094, 362.7892150878906, 142.23211669921875, 21.46428871154785, 166.28416442871094, 301.40045166015625]
[23.38835334777832, 8.633491516113281, -7.052875518798828, 76.91645050048828, 84.55626678466797, -20.450368881225586, 73.87066650390625, 189.63021850585938, 17.217493057250977, -32.75153350830078, 204.0188751220703, 160.3224639892578, -157.83880615234375, 176.32778930664062, 370.88153076171875, 92.25210571289062]
[22.94622230529785, 0.7712449431419373, 7.068955898284912, 101.11918640136719, 35.653404235839844, 7.44423246383667, 152.31588745117188, 104.48110961914062, -61.70988464355469, 168.5823974609375, 273.6036682128906, -11.60407543182373, 123.20598602294922, 206.2801055908203, -71.13517761230469, 50.35431671142578]
[23.319528579711914, -1.1634318828582764, 22.774452209472656, 97.90866088867188, -11.454936981201172, 37.40928649902344, 198.09567260742188, -16.825685501098633, 32.97118377685547, 308.9591369628906, 46.86693572998047, 31.38176727294922, 219.3966827392578, 94.10420989990234, 111.60639953613281, 346.294677734375]
[22.49526596069336, -8.451630592346191, 39.66837692260742, 76.187744140625, -11.274702072143555, 108.76314544677734, 103.83904266357422, -80.260498046875, 142.0951690673828, 121.47089385986328, -105.79568481445312, 317.41552734375, 110.22074890136719, 75.79639434814453, 231.45465087890625, 122.34679412841797]
[20.75030517578125, -5.412961006164551, 54.80657196044922, 53.42155075073242, -19.2647647857666, 144.14161682128906, 24.16440200805664, 77.34242248535156, 216.68511962890625, -52.46090316772461, 154.5512237548828, 220.72372436523438, -64.7547607421875, 618.4910888671875, 138.77413940429688, 41.9329719543457]
[19.257415771484375, -6.742234230041504, 68.51959991455078, 22.078014373779297, 19.05148696899414, 118.93740844726562, -34.84368133544922, 151.8490447998047, 225.5951690673828, -30.28519058227539, 249.97972106933594, -50.674713134765625, 169.19241333007812, 448.9046936035156, -98.20502471923828, 401.1298522949219]
[18.127086639404297, -5.25317907333374, 75.02588653564453, -5.303933143615723, 61.21112060546875, 93.02175903320312, 14.678853034973145, 171.28311157226562, -58.05521774291992, 170.78594970703125, 120.73998260498047, 22.210359573364258, 759.4259643554688, -108.27050018310547, 364.7099609375, 149.35488891601562]
[17.014232635498047, -2.7609050273895264, 70.19302368164062, -8.349532127380371, 105.54436492919922, 29.103944778442383, 64.1684799194336, 159.94346618652344, -62.518131256103516, 192.14779663085938, -54.35560989379883, 251.6727752685547, 162.38916015625, 105.39444732666016, 202.39564514160156, -126.15755462646484]
[15.100385665893555, 0.8370274305343628, 67.14131164550781, -17.716135025024414, 111.07730865478516, -3.3827321529388428, 133.2940216064453, 16.611356735229492, 107.59390258789062, 128.6250762939453, 0.8583822250366211, 271.21429443359375, -127.77754211425781, 277.5709533691406, -105.85530853271484, 242.2469940185547]
[13.364564895629883, 8.314055442810059, 59.249935150146484, -2.2530860900878906, 113.63133239746094, -18.145038604736328, 156.41078186035156, -9.585489273071289, 245.28659057617188, -46.52104949951172, 226.95863342285156, 77.42181396484375, 243.65103149414062, 83.67134094238281, 338.79595947265625, 179.41404724121094]
[11.785524368286133, 13.870516777038574, 42.95555877685547, 19.043659210205078, 84.8875503540039, 9.472588539123535, 122.35706329345703, 11.214874267578125, 179.15882873535156, 29.287864685058594, 235.47402954101562, -88.00813293457031, 347.1202697753906, -123.80561828613281, 591.4842529296875, -221.19244384765625]
[10.0, 21.512775421142578, 25.359691619873047, 50.05814743041992, 37.2336311340332, 85.55875396728516, 50.96388244628906, 108.8680648803711, 38.7268180847168, 170.93858337402344, 59.402313232421875, 169.0051727294922, 19.190752029418945, 320.4131164550781, 66.0268783569336, 655.5372314453125]
[8.206816673278809, 28.039875030517578, 9.280121803283691, 78.4589614868164, 1.8539915084838867, 140.01901245117188, -28.634424209594727, 166.94424438476562, -45.68290328979492, 252.64743041992188, 6.279826641082764, 328.4298400878906, -74.62516784667969, 332.4194641113281, 32.634822845458984, 457.7507019042969]
[6.550412178039551, 34.119354248046875, -2.9676592350006104, 91.9355239868164, -8.99152946472168, 151.18133544921875, 12.379481315612793, 165.31593322753906, 22.89144515991211, 113.41622161865234, 130.79078674316406, 54.494171142578125, 187.45591735839844, -6.510855197906494, 473.647705078125, -69.60675048828125]
[4.75706148147583, 38.53399658203125, -4.771151065826416, 92.54508209228516, 1.7158323526382446, 111.55667877197266, 54.137882232666016, 62.899288177490234, 183.12088012695312, -48.759830474853516, 504.9895324707031, -62.523319244384766, 307.9807434082031, 64.80665588378906, 130.65023803710938, 292.59393310546875]
[3.317408561706543, 43.328208923339844, -16.350046157836914, 85.34262084960938, 24.85726547241211, 50.4940185546875, 119.57450103759766, -34.33873748779297, 180.85845947265625, 47.39207077026367, 280.8433837890625, 159.994140625, -52.48915481567383, 237.9309844970703, 80.53923034667969, 248.03697204589844]
[1.6765273809432983, 49.079654693603516, -10.763221740722656, 71.15275573730469, 61.223663330078125, 14.191868782043457, 154.51686096191406, -29.177288055419922, 107.62606811523438, 343.7618103027344, -48.224979400634766, 611.1082763671875, 61.046112060546875, 134.9192352294922, 342.45965576171875, -80.72924041748047]
[0.19313542544841766, 46.112548828125, 4.108529090881348, 38.85292434692383, 97.1630859375, -5.029670238494873, 121.97332763671875, 94.26676177978516, 19.954708099365234, 572.3701171875, 14.305662155151367, 173.28759765625, 365.3606872558594, -134.0944061279297, 206.92323303222656, 254.1499786376953]
[-0.48848381638526917, 47.39676284790039, 14.107420921325684, 14.69339370727539, 103.86994934082031, -14.189541816711426, 57.57750701904297, 211.6334228515625, 20.37868881225586, 238.13832092285156, 224.4631805419922, -75.94512939453125, 183.33224487304688, 251.4297637939453, 53.936763763427734, 385.9057922363281]
[-1.3508429527282715, 43.04291915893555, 28.936359405517578, -3.458688735961914, 123.49646759033203, 59.91416931152344, -30.704967498779297, 161.48812866210938, 92.59213256835938, -33.04227066040039, 198.8247528076172, 129.48451232910156, -30.336029052734375, 404.31561279296875, 163.8711395263672, 96.96003723144531]
[-3.3930811882019043, 40.367584228515625, 44.48561477661133, -13.874186515808105, 83.13619232177734, 135.0952911376953, -21.75897979736328, 83.88728332519531, 183.4578094482422, -1.8706700801849365, 22.008182525634766, 363.0787048339844, 27.828527450561523, -73.86642456054688, 371.7784118652344, 159.66661071777344]
[-3.7135839462280273, 36.275848388671875, 57.879817962646484, -3.8709182739257812, 37.53403854370117, 133.71173095703125, 35.06993865966797, 2.1648929119110107, 202.52935791015625, 172.172607421875, 0.3367200493812561, 127.03228759765625, 199.29617309570312, 74.0953598022461, 26.19302749633789, 398.3261413574219]
[-4.297009468078613, 28.56859588623047, 73.36701202392578, 11.564092636108398, 0.0324159637093544, 128.46910095214844, 116.68265533447266, -9.861631393432617, 42.0245361328125, 297.48779296875, 109.38571166992188, -6.448915958404541, 213.65147399902344, 545.9992065429688, 85.03376770019531, 22.605966567993164]
[-4.395092010498047, 22.311891555786133, 69.82647705078125, 34.879638671875, -35.31498718261719, 72.36996459960938, 136.56536865234375, 60.210243225097656, 5.524864196777344, 116.71919250488281, 210.44607543945312, 78.09341430664062, 54.22774887084961, 155.58572387695312, 294.9145202636719, 132.72288513183594]
[-4.361515522003174, 15.083243370056152, 68.93540954589844, 64.6469497680664, -2.4321000576019287, 5.142484664916992, 156.48379516601562, 184.41445922851562, 9.73829460144043, -57.75444793701172, 165.57225036621094, 231.72666931152344, 85.40455627441406, -105.70918273925781, 262.194580078125, 368.57342529296875]
[-4.030216217041016, 7.74910306930542, 65.8095703125, 82.95052337646484, 13.419551849365234, -11.982489585876465, 66.73739624023438, 171.2775115966797, 156.89804077148438, -43.6654052734375, 19.821578979492188, 187.97137451171875, 586.7748413085938, 188.08981323242188, -15.617049217224121, -49.635501861572266]
[-3.463798761367798, 2.1532886028289795, 54.099056243896484, 101.76656341552734, 66.29229736328125, -12.76707935333252, 10.276958465576172, 109.21060180664062, 228.92807006835938, 153.52886962890625, 30.20250129699707, -107.96345520019531, 288.2410583496094, 440.7619323730469, 484.7452087402344, 134.03558349609375]
[-2.9456193447113037, -4.393548488616943, 37.08100509643555, 87.17699432373047, 106.85868835449219, 33.613094329833984, -74.50296020507812, -8.175175666809082, 120.29569244384766, 245.49078369140625, 241.96749877929688, 17.5938777923584, -177.91786193847656, 67.16265869140625, 221.4972686767578, 717.3953857421875]
[-2.037010431289673, -6.664796829223633, 21.858667373657227, 78.69559478759766, 116.71942901611328, 110.1963119506836, 59.83589172363281, -26.4776611328125, 18.07025909423828, 130.51531982421875, 232.18194580078125, 212.5093231201172, 152.8517608642578, -28.588102340698242, -132.25039672851562, 188.5850067138672]
[-1.3430051803588867, -9.388243675231934, 3.1184914112091064, 53.4449462890625, 125.00250244140625, 149.7007598876953, 110.60830688476562, 44.12544250488281, 2.6692793369293213, -75.23983764648438, 59.12199020385742, 224.28549194335938, 358.6791687011719, 226.32943725585938, 155.4447784423828, -7.3225836753845215]
[0.6564338207244873, -10.442891120910645, -0.593442440032959, 24.308061599731445, 80.11038970947266, 131.00833129882812, 145.6065673828125, 152.49266052246094, 73.26570892333984, 45.667659759521484, -101.01085662841797, -68.74662780761719, 75.25244903564453, 232.19032287597656, 382.2155456542969, 299.48773193359375]
[1.359786033630371, -5.582512378692627, -12.627402305603027, 4.203339099884033, 35.11763000488281, 96.42855072021484, 141.2556915283203, 150.13758850097656, 207.5785369873047, 133.93431091308594, 79.24702453613281, -55.406063079833984, -149.24375915527344, -34.578243255615234, 109.07615661621094, 143.6147918701172]
[3.405360460281372, -3.580866575241089, -15.036516189575195, -24.46356201171875, -11.071540832519531, 24.815217971801758, 77.38385009765625, 153.52069091796875, 394.6013488769531, 284.6141052246094, 181.9891815185547, 247.0640869140625, 163.51467895507812, 113.09857940673828, 30.56909942626953, 110.6187515258789]
[4.983023643493652, 0.561408281326294, -7.080317497253418, -8.150568008422852, -15.876134872436523, -12.581453323364258, 0.29305803775787354, 66.17352294921875, 151.9704132080078, 124.52323150634766, 155.3596954345703, 202.84140014648438, 301.6549377441406, 431.6083984375, 466.17498779296875, 304.2516174316406]
[6.517244815826416, 6.571988105773926, 0.45429739356040955, -2.6443238258361816, -15.067072868347168, -12.332503318786621, -37.20709991455078, -61.10462188720703, -108.3490982055664, -27.61039161682129, -16.789602279663086, 74.2308349609375, 42.42763900756836, 53.19891357421875, 139.15538024902344, 206.19073486328125]
[8.225801467895508, 14.515226364135742, 19.545618057250977, 18.29218292236328, 22.15184211730957, 26.148630142211914, -1.3653156757354736, 2.6353909969329834, 4.645496368408203, -13.579154014587402, -56.90217208862305, -31.2121639251709, -75.6279525756836, 2.4792604446411133, 90.1126937866211, -53.75666046142578]
[10.0, 21.281370162963867, 33.687347412109375, 49.623756408691406, 65.81018829345703, 78.17407989501953, 97.31913757324219, 126.85338592529297, 146.88482666015625, 150.86184692382812, 323.2723693847656, 386.6114196777344, 201.70013427734375, 255.53207397460938, 326.5063171386719, 251.6074676513672]
[11.708366394042969, 28.09657859802246, 52.284210205078125, 71.39002990722656, 102.00015258789062, 143.80665588378906, 169.41928100585938, 180.64407348632812, 218.59303283691406, 302.067138671875, 524.7088012695312, 608.27490234375, 225.05596923828125, 575.5224609375, 298.95892333984375, 282.6343994140625]
[13.55958366394043, 34.686893463134766, 62.790550231933594, 90.89332580566406, 127.99937438964844, 142.7667999267578, 166.70120239257812, 138.70616149902344, 128.9099884033203, 117.3471450805664, 185.25677490234375, 82.53128051757812, 13.828667640686035, -110.38223266601562, -168.60853576660156, 75.28974151611328]
[15.005433082580566, 39.28221893310547, 70.4409408569336, 85.51496124267578, 98.71414947509766, 124.67292785644531, 86.25333404541016, 54.262901306152344, 7.272149562835693, -76.9973373413086, 1.0763132572174072, -32.63017654418945, 47.40790557861328, 173.80816650390625, 172.61279296875, 333.63861083984375]
[17.106929779052734, 43.54574966430664, 78.1539535522461, 82.65849304199219, 76.6495590209961, 46.81301498413086, 5.217382907867432, -58.736759185791016, -88.84188842773438, -39.85922622680664, 87.49705505371094, 175.94166564941406, 259.2538146972656, 328.3284606933594, 705.869873046875, 327.3656005859375]
[18.026941299438477, 47.07379913330078, 73.19674682617188, 70.08576965332031, 35.306941986083984, -18.256101608276367, -56.672943115234375, -35.39722442626953, 72.62064361572266, 339.7570495605469, 183.03909301757812, 324.6174621582031, 172.69615173339844, 137.36996459960938, -72.9511947631836, -184.73382568359375]
[20.050613403320312, 48.52428436279297, 63.3972282409668, 38.75664520263672, -0.06504423171281815, -11.794775009155273, 25.66191864013672, 91.86930084228516, 178.87188720703125, 394.5356750488281, 183.9064178466797, 94.38487243652344, -43.94173049926758, 75.41004180908203, 162.1146240234375, 399.8099060058594]
[20.80583381652832, 48.54998016357422, 46.2037239074707, 10.096633911132812, -11.092041015625, 17.137826919555664, 90.46283721923828, 145.38108825683594, 214.26840209960938, 245.993408203125, 54.50246047973633, -145.34695434570312, 6.606428623199463, 224.88320922851562, 452.17816162109375, 724.8844604492188]
[22.511016845703125, 47.27421951293945, 31.202817916870117, -4.041121959686279, -23.717235565185547, 59.86343002319336, 139.31610107421875, 191.18307495117188, 87.81951141357422, -66.70362091064453, -62.36369323730469, 131.8160400390625, 567.9374389648438, 241.17266845703125, 126.3437728881836, 109.5197525024414]
[22.752655029296875, 39.319313049316406, 14.227655410766602, -12.13489055633545, 22.524829864501953, 128.51055908203125, 159.9655303955078, 84.15977478027344, -50.34470748901367, -16.606592178344727, 156.52976989746094, 318.907470703125, 382.6441345214844, -49.90156555175781, -58.26969909667969, 159.40440368652344]
[23.77447509765625, 34.71706771850586, -1.123831868171692, -2.578592538833618, 60.882755279541016, 166.89334106445312, 91.2662124633789, -23.344043731689453, 18.806339263916016, 145.60043334960938, 318.3935546875, 132.47775268554688, -116.59008026123047, 102.70563507080078, 339.1532287597656, 226.9652862548828]
[23.80122184753418, 29.8043212890625, -7.161457538604736, 2.709986925125122, 94.90010833740234, 121.21782684326172, 13.52393627166748, -53.020145416259766, 122.67987060546875, 209.90577697753906, 110.44044494628906, -22.51116943359375, 87.08187866210938, 396.8546142578125, 188.19627380371094, -38.552398681640625]
[23.950504302978516, 22.32786750793457, -14.355216979980469, 33.34770584106445, 111.81877899169922, 72.38349151611328, -38.145267486572266, 56.86296844482422, 223.46356201171875, 116.52039337158203, -82.2143325805664, 66.88858032226562, 296.3794860839844, 208.42617797851562, 49.72708511352539, 88.43887329101562]
[23.703535079956055, 14.998198509216309, -12.27629280090332, 63.61226272583008, 112.3674545288086, 21.81110954284668, -5.519489288330078, 184.46656799316406, 187.89134216308594, 33.13191604614258, 59.2264518737793, 195.5438232421875, 155.2062530517578, -132.9648895263672, 172.8134765625, 421.5532531738281]
[23.9307861328125, 8.364761352539062, -4.362153053283691, 88.25920104980469, 72.71856689453125, -14.189616203308105, 76.48724365234375, 175.55923461914062, 10.487798690795898, -25.20911979675293, 208.52333068847656, 154.90501403808594, -167.58804321289062, 161.77383422851562, 261.066162109375, -29.329273223876953]
[23.381738662719727, 3.9689667224884033, 7.309512615203857, 98.5787582397461, 38.8897705078125, -6.53696346282959, 130.55938720703125, 102.32101440429688, -0.26375091075897217, 156.6215057373047, 188.3982391357422, -67.46868133544922, 122.76383972167969, 250.4350128173828, 19.108457565307617, 20.694408416748047]
[22.4573974609375, -3.1311686038970947, 23.55792999267578, 85.6308822631836, -9.122220039367676, 39.389984130859375, 175.64593505859375, 23.25318145751953, 29.044050216674805, 308.0246276855469, -29.417251586914062, 45.5125732421875, 392.5812683105469, -1.707656979560852, 72.02236938476562, 547.8297729492188]
[22.067899703979492, -4.554072380065918, 39.237281799316406, 70.39431762695312, -10.940367698669434, 108.43451690673828, 107.4886474609375, -39.26527404785156, 211.2328643798828, 135.34371948242188, -87.06157684326172, 184.42320251464844, 122.9222183227539, 59.48271179199219, 355.7376708984375, 42.388545989990234]
[21.324342727661133, -8.486550331115723, 55.922264099121094, 51.8602180480957, -17.777477264404297, 127.22727966308594, 19.09542465209961, 24.75794219970703, 199.5136260986328, -1.585884928703308, 138.04725646972656, 237.076416015625, -99.50532531738281, 501.3973388671875, 133.71253967285156, 106.7575454711914]
[19.826684951782227, -5.364091873168945, 70.50514221191406, 27.31315803527832, 21.503461837768555, 141.32046508789062, -49.99496078491211, 139.9119110107422, 102.26090240478516, -47.08552551269531, 257.2579040527344, -54.2625846862793, 156.981201171875, 506.68487548828125, -45.492191314697266, 300.0173034667969]
[18.450925827026367, -6.314011096954346, 66.40717315673828, 1.5189974308013916, 62.63304901123047, 97.32755279541016, -11.453770637512207, 181.6768798828125, -21.729780197143555, 161.7822265625, 133.13697814941406, 77.17475891113281, 300.04339599609375, -125.97422790527344, 568.0723266601562, 279.2486572265625]
[16.965673446655273, -2.897329807281494, 68.74893951416016, -22.053577423095703, 99.73480987548828, 31.018966674804688, 62.1598014831543, 124.60282135009766, -40.31763458251953, 250.2713623046875, 31.67039680480957, 498.30816650390625, 47.71891403198242, 125.29566192626953, 420.2536315917969, -140.7286376953125]
[15.084846496582031, 2.4348769187927246, 65.90435028076172, -14.107237815856934, 130.905517578125, -32.51118850708008, 131.2534942626953, 28.564292907714844, 109.00801086425781, 115.1294937133789, 53.88105773925781, 476.0962829589844, 38.798831939697266, 267.2769775390625, -178.17250061035156, 667.339599609375]
[13.383463859558105, 8.017426490783691, 57.0956916809082, -9.973014831542969, 112.09793853759766, -18.42009735107422, 187.00637817382812, 10.84846305847168, 388.361083984375, 15.043330192565918, 462.7031555175781, -16.598215103149414, 212.01609802246094, 60.61363220214844, 176.07723999023438, 199.7382354736328]
[11.752631187438965, 14.599794387817383, 39.932708740234375, 22.7159423828125, 77.83263397216797, 22.807376861572266, 136.33465576171875, 30.91518211364746, 357.0587158203125, 38.992149353027344, 453.1399841308594, -32.49085235595703, 298.678466796875, -85.7419204711914, 362.6880187988281, -171.64755249023438]
[10.0, 21.327800750732422, 25.815143585205078, 47.41533660888672, 32.49538803100586, 78.26586151123047, 82.09874725341797, 119.94962310791016, 89.57413482666016, 167.46524047851562, 70.58001708984375, 219.9673614501953, 23.551618576049805, 254.860107421875, -14.268941879272461, 237.73280334472656]
[8.143067359924316, 28.671527862548828, 11.587398529052734, 68.78559875488281, -2.2460319995880127, 150.30413818359375, -27.34132194519043, 170.3979034423828, -42.694698333740234, 196.9839324951172, -115.17017364501953, 275.126220703125, -15.230978012084961, 286.0526428222656, 114.34526824951172, 270.77825927734375]
[6.452749729156494, 34.72247314453125, -3.774732828140259, 96.49500274658203, -8.77683162689209, 131.082763671875, -39.32389831542969, 191.096435546875, 39.0283088684082, 128.53359985351562, 119.25714874267578, 80.30609130859375, 422.84564208984375, -16.389366149902344, 386.486572265625, -131.54876708984375]
[4.790665626525879, 42.199459075927734, -14.368264198303223, 99.56065368652344, -18.155214309692383, 107.65188598632812, 47.18729782104492, 108.20964050292969, 186.42080688476562, -70.6484375, 288.0953674316406, -96.55516052246094, 488.1819763183594, 69.93919372558594, 140.6885986328125, 290.87408447265625]
[3.4213757514953613, 43.55726623535156, -10.851995468139648, 85.91477966308594, 17.84091567993164, 51.44471740722656, 151.1942138671875, -96.70220947265625, 187.25416564941406, -33.21736145019531, 134.23556518554688, 161.80239868164062, 24.998315811157227, 251.38592529296875, -175.61083984375, 226.7088623046875]
[1.502905011177063, 49.703590393066406, -8.752522468566895, 62.733211517333984, 65.65262603759766, 0.9711743593215942, 180.79515075683594, -35.784664154052734, 115.51686096191406, 302.4610900878906, -63.945045471191406, 377.6675109863281, 19.475553512573242, 133.3676300048828, 248.87342834472656, -20.60360336303711]
[0.355409175157547, 49.77339553833008, -3.60738205909729, 38.40855407714844, 95.30293273925781, -3.4977774620056152, 134.52650451660156, 90.08924865722656, -4.002496242523193, 423.1163330078125, 7.780511379241943, 75.09477996826172, 315.0494689941406, -81.15081787109375, 190.2878875732422, 252.82017517089844]
[-0.7036595940589905, 48.031734466552734, 13.889989852905273, 13.691036224365234, 129.10348510742188, 18.9410343170166, 55.43824005126953, 207.8346710205078, -66.46060943603516, 248.5777587890625, 237.94161987304688, -69.2438735961914, 267.5355224609375, 185.71168518066406, -32.89553451538086, 398.9585876464844]
[-1.5464396476745605, 46.92327880859375, 28.841577529907227, -14.60166072845459, 108.65785217285156, 59.86114501953125, -18.51283836364746, 148.37002563476562, 91.98950958251953, -63.039974212646484, 203.89697265625, 127.70472717285156, 55.69933319091797, 324.9444580078125, 156.82020568847656, -40.57964324951172]
[-2.2166831493377686, 42.593040466308594, 46.114505767822266, -26.417682647705078, 83.44318389892578, 134.91510009765625, -34.45574951171875, 82.69139862060547, 238.0019989013672, -34.473384857177734, 48.198978424072266, 347.1083984375, 28.881710052490234, 24.193204879760742, 251.98118591308594, 159.5497283935547]
[-3.5037004947662354, 36.81441116333008, 58.40535354614258, -15.022897720336914, 37.553382873535156, 161.33834838867188, 36.48411560058594, 1.2612398862838745, 188.64544677734375, 159.85963439941406, -4.91416072845459, 130.5083465576172, 288.8172607421875, 98.63272857666016, 67.58296966552734, 820.6638793945312]
[-3.321615695953369, 29.87186622619629, 65.14585876464844, 6.709725379943848, -10.069225311279297, 133.2922821044922, 107.65789794921875, 13.175511360168457, 42.51530075073242, 308.1044616699219, 109.7547607421875, -147.6172637939453, 152.33990478515625, 618.519775390625, 144.58673095703125, -13.475454330444336]
[-3.503657817840576, 22.116249084472656, 77.33556365966797, 33.46097183227539, -17.686878204345703, 70.08642578125, 324.8511962890625, 120.99513244628906, -30.68468475341797, 261.1986389160156, 550.59814453125, 179.52920532226562, -35.571773529052734, 333.6620788574219, 576.68408203125, 184.86106872558594]
[-4.339268684387207, 15.150840759277344, 69.28694915771484, 57.961185455322266, -12.174960136413574, 17.47911262512207, 290.982421875, 365.2767639160156, 38.217933654785156, -18.381080627441406, 339.14453125, 509.86669921875, 218.16551208496094, -224.89012145996094, 256.40234375, 682.752197265625]
[-3.547396659851074, 7.4616780281066895, 66.31297302246094, 81.8739013671875, 21.802722930908203, -33.10013198852539, 66.63090515136719, 169.66937255859375, 141.32742309570312, 0.8947924375534058, -13.935050010681152, 143.66795349121094, 196.12588500976562, 151.63023376464844, 53.4254264831543, -57.819496154785156]
[-3.8355228900909424, 2.04840087890625, 54.08198928833008, 99.13320922851562, 61.573394775390625, 2.839367151260376, -3.3742733001708984, 114.96392822265625, 187.19921875, 183.71131896972656, -26.485288619995117, -58.121788024902344, 133.35330200195312, 235.73155212402344, 193.4054718017578, 26.012653350830078]
[-3.158512592315674, -3.5717873573303223, 36.502342224121094, 87.2049331665039, 110.0220718383789, 34.3087158203125, -37.61261749267578, 12.266172409057617, 138.67129516601562, 221.21243286132812, 209.1260986328125, 18.546188354492188, -144.7118377685547, 67.48961639404297, 222.11936950683594, 231.16098022460938]
[-1.7148586511611938, -6.977659225463867, 21.920915603637695, 76.40453338623047, 104.00877380371094, 88.58100128173828, 37.774261474609375, -61.379947662353516, -2.633218288421631, 125.98522186279297, 234.82583618164062, 201.27769470214844, 140.45095825195312, 12.595170021057129, 13.225994110107422, 99.3305435180664]
[-1.0773512125015259, -8.889668464660645, 9.445398330688477, 52.78231430053711, 121.20894622802734, 130.20547485351562, 114.96484375, 45.7818489074707, -17.463848114013672, -50.59370040893555, 87.64122772216797, 242.85415649414062, 427.3275451660156, 347.2546691894531, 166.08587646484375, 21.576824188232422]
[0.20959459245204926, -6.427420139312744, -6.660504341125488, 27.06963539123535, 72.16410827636719, 141.00059509277344, 165.46633911132812, 130.52169799804688, 79.88777923583984, 15.588939666748047, -115.48870086669922, 30.378923416137695, 105.07782745361328, 176.3291473388672, 448.08612060546875, 298.0986022949219]
[1.941969633102417, -5.260742664337158, -11.46280574798584, -3.9999537467956543, 37.182220458984375, 87.06188201904297, 145.3856964111328, 173.74900817871094, 203.24966430664062, 157.8877410888672, 91.19892120361328, 42.13737106323242, 64.03732299804688, 51.43305969238281, -3.65757417678833, 126.11446380615234]
[3.2052488327026367, -4.068764686584473, -12.511698722839355, -24.0655574798584, 8.377725601196289, 28.001222610473633, 79.33021545410156, 133.2350311279297, 190.19886779785156, 296.9637145996094, 242.6754913330078, 229.88999938964844, 176.4833984375, 124.25533294677734, 45.70761489868164, -42.628173828125]
[4.977245330810547, 1.9379113912582397, -1.8810359239578247, -6.433391094207764, -13.017601013183594, 3.550462484359741, -2.384366273880005, 8.85225772857666, 67.74580383300781, 123.97989654541016, 208.95867919921875, 219.8509521484375, 358.6973571777344, 340.5179748535156, 258.8497314453125, 230.48765563964844]
[6.325730800628662, 7.110229015350342, 5.827725410461426, -9.843775749206543, -15.070985794067383, -19.67843246459961, -56.44297790527344, -1.4245383739471436, -9.377046585083008, 14.609909057617188, -69.93077850341797, 12.796233177185059, 6.2438740730285645, 56.893455505371094, 141.23558044433594, 195.24765014648438]
[8.204052925109863, 14.169509887695312, 17.528186798095703, 19.702301025390625, 13.702875137329102, 12.283475875854492, 7.372198104858398, 4.084187030792236, -13.543351173400879, -40.41766357421875, -26.17748260498047, -32.08101272583008, -15.891820907592773, -91.56407165527344, -31.747785568237305, -183.6968231201172]
[10.0, 21.38795280456543, 34.018524169921875, 49.86684036254883, 65.64759063720703, 78.84101104736328, 97.925537109375, 107.72132873535156, 154.87852478027344, 137.2637939453125, 144.9813232421875, 209.6630859375, 195.8045196533203, 232.63465881347656, 260.3995666503906, 324.526611328125]
[11.736003875732422, 29.191701889038086, 50.97048568725586, 72.43002319335938, 105.30552673339844, 130.2338104248047, 192.1788330078125, 194.57447814941406, 213.7836151123047, 233.46730041503906, 225.33248901367188, 354.43890380859375, 259.65106201171875, 359.893310546875, 245.98641967773438, 500.5018005371094]
[13.413399696350098, 34.84004592895508, 57.70254135131836, 81.64185333251953, 105.96659088134766, 136.12327575683594, 127.70160675048828, 153.9597625732422, 147.59518432617188, 127.53494262695312, 85.86634826660156, 39.64051818847656, 76.78651428222656, -69.50872039794922, -55.221927642822266, -236.8148193359375]
[15.195518493652344, 41.32271957397461, 74.35076141357422, 92.89917755126953, 103.49688720703125, 119.17546844482422, 85.8862075805664, 63.453880310058594, -6.352172374725342, -48.73338317871094, -126.24568939208984, -117.46763610839844, -30.956642150878906, 145.30783081054688, 352.72967529296875, 479.47393798828125]
[17.02623176574707, 45.617027282714844, 72.75963592529297, 78.7444076538086, 82.17092895507812, 48.39557647705078, 29.217594146728516, -29.520172119140625, -33.13920593261719, -43.1614990234375, 75.43710327148438, 180.755859375, 333.12200927734375, 597.0279541015625, 569.5313720703125, 212.75942993164062]
[17.932252883911133, 48.800052642822266, 68.4407958984375, 68.25902557373047, 32.67332458496094, 1.9990103244781494, 0.912839949131012, 13.730230331420898, 66.10662078857422, 186.9238739013672, 303.8124084472656, 192.75987243652344, 414.0353088378906, 265.3101501464844, 59.956321716308594, -215.58026123046875]
[19.996244430541992, 48.725101470947266, 61.95705795288086, 38.51030731201172, 9.776591300964355, 0.013111834414303303, -4.895209312438965, 90.15728759765625, 229.30422973632812, 287.1239929199219, 237.05990600585938, 200.93142700195312, -95.11917114257812, 29.9666805267334, -12.95882797241211, 224.40383911132812]
[20.400753021240234, 44.8061408996582, 44.321964263916016, 9.47460651397705, -8.207650184631348, 3.8528082370758057, 81.33905029296875, 172.58917236328125, 202.9620361328125, 113.35521697998047, -2.638430595397949, -13.749297142028809, 73.6242904663086, 220.78390502929688, 255.503173828125, 277.19940185546875]
[22.510622024536133, 43.98564910888672, 30.95444679260254, -15.516312599182129, -8.314549446105957, 59.91473388671875, 158.96481323242188, 202.19541931152344, 86.91645050048828, -13.756365776062012, 20.288970947265625, 257.8427429199219, 233.7371063232422, 417.45037841796875, 144.25228881835938, -184.9739227294922]
[23.095836639404297, 42.41937255859375, 17.0205135345459, -6.049118518829346, 13.52295970916748, 126.53311920166016, 133.28591918945312, 81.8416748046875, -51.651466369628906, -11.79277515411377, 346.8585510253906, 246.53330993652344, 223.85972595214844, -51.4185791015625, -110.73400115966797, 159.49111938476562]
[23.638084411621094, 35.247676849365234, 1.507102131843567, -8.565510749816895, 64.1455307006836, 141.30567932128906, 107.08235931396484, -24.152420043945312, -39.35380935668945, 141.8446502685547, 581.203857421875, 130.36788940429688, -59.00114822387695, -27.47512435913086, 386.4870300292969, 506.2164306640625]
[24.3970947265625, 29.424671173095703, -3.5450828075408936, 8.767231941223145, 91.4764404296875, 121.93610382080078, 33.78173065185547, -44.187015533447266, 127.19342041015625, 412.47967529296875, 110.39632415771484, 8.883137702941895, 61.550601959228516, 348.32257080078125, 276.8785095214844, -60.32572555541992]
[23.77935791015625, 22.08409309387207, -13.832573890686035, 35.10948944091797, 136.53610229492188, 71.483642578125, -38.11183547973633, 67.74398803710938, 203.96286010742188, 247.01466369628906, -32.48273849487305, 78.52198028564453, 327.18597412109375, 215.3283233642578, -32.48698806762695, 137.5286102294922]
[23.566314697265625, 15.39792537689209, -10.376502990722656, 64.14326477050781, 110.22640228271484, 15.9292631149292, -23.881576538085938, 136.74293518066406, 369.8838195800781, -40.27460861206055, 37.62042999267578, 193.42388916015625, 144.88377380371094, -98.8630599975586, 160.90283203125, 398.3021240234375]
[24.57268524169922, 8.038244247436523, 0.8423400521278381, 76.33397674560547, 82.92386627197266, -5.6998491287231445, 73.98583221435547, 173.72474670410156, 43.85898208618164, 48.20737075805664, 302.888671875, 189.37557983398438, -22.842971801757812, 183.62217712402344, 357.49078369140625, 16.218233108520508]
[22.948915481567383, 1.2113360166549683, 10.137645721435547, 104.4906997680664, 37.39299011230469, -14.69180679321289, 159.23870849609375, 108.12486267089844, -91.52090454101562, 144.176025390625, 225.78343200683594, 49.495079040527344, 126.89053344726562, 436.4837951660156, -30.514575958251953, 130.11961364746094]
[23.051965713500977, -4.2210307121276855, 23.927295684814453, 99.44312286376953, -6.746395587921143, 38.53731155395508, 152.1740264892578, 30.82608985900879, 28.391399383544922, 286.6575012207031, 42.96021270751953, 11.843515396118164, 387.2135925292969, 80.88981628417969, 2.286957025527954, 662.3307495117188]
[22.057289123535156, -7.172711372375488, 38.845542907714844, 70.66462707519531, -3.58575439453125, 92.87416076660156, 101.67169189453125, -90.20216369628906, 197.01719665527344, 124.70431518554688, 41.442501068115234, 313.9317321777344, 110.79055786132812, -81.19602966308594, 379.1026306152344, 140.3926544189453]
[20.379840850830078, -6.287766456604004, 51.24763870239258, 53.79085159301758, -2.615445375442505, 125.29330444335938, 37.03981018066406, 59.27778625488281, 202.87892150878906, -18.269176483154297, 158.63824462890625, 202.2122344970703, -65.68594360351562, 387.6294860839844, 260.0718688964844, -0.44144296646118164]
[20.023624420166016, -5.730994701385498, 62.935733795166016, 23.985496520996094, 23.664064407348633, 142.80470275878906, -54.43584060668945, 272.4360046386719, 107.05076599121094, -11.410097122192383, 258.00152587890625, 44.287899017333984, 172.11361694335938, 196.55650329589844, -78.16028594970703, 339.7510070800781]
[18.37654685974121, -6.28549861907959, 69.3095474243164, -5.25288200378418, 64.94914245605469, 87.07061767578125, 16.835391998291016, 164.4739990234375, 7.73252010345459, 145.79017639160156, 130.80917358398438, 37.594234466552734, 243.05247497558594, -58.910491943359375, 504.2247619628906, 119.31315612792969]
[16.833953857421875, -1.1990481615066528, 77.47727966308594, -5.831913471221924, 103.44635009765625, 37.64370346069336, 122.21517944335938, 141.2967987060547, 20.5136775970459, 236.94265747070312, -61.524383544921875, 225.5679473876953, 94.14842987060547, 257.510986328125, 302.7926025390625, -128.7529754638672]
[15.222890853881836, 3.082698106765747, 68.64789581298828, -22.78412628173828, 103.86302947998047, -5.379738807678223, 293.3348388671875, 14.47872257232666, 113.2880859375, 120.11170959472656, -4.424032688140869, 252.33702087402344, 49.57533264160156, 519.7717895507812, -207.19998168945312, 348.3460388183594]
[13.413328170776367, 6.767538070678711, 54.91868591308594, -3.47102689743042, 120.19608306884766, -19.035717010498047, 375.5085144042969, -61.098880767822266, 182.7548828125, -28.909740447998047, 287.7856140136719, 51.34764099121094, 183.7784423828125, 89.15232849121094, 164.3419189453125, 210.86520385742188]
[11.737435340881348, 14.863775253295898, 43.28847122192383, 20.55088233947754, 83.66151428222656, 30.800771713256836, 106.6280746459961, 1.3933244943618774, 184.7322540283203, -46.79268264770508, 220.29537963867188, -1.807564377784729, 546.6632690429688, 5.960219383239746, 334.5508117675781, -226.71328735351562]
[10.0, 21.551929473876953, 25.65799903869629, 48.16078186035156, 33.489742279052734, 81.0215835571289, 42.90864562988281, 126.75215911865234, 55.210086822509766, 157.12876892089844, 51.751739501953125, 188.31871032714844, 103.97119140625, 243.30392456054688, 71.31619262695312, 300.4799499511719]
[8.19118595123291, 28.111061096191406, 11.510835647583008, 76.82076263427734, -2.275887966156006, 122.0633773803711, -8.278024673461914, 192.9892120361328, -64.77984619140625, 292.5110778808594, -52.31743621826172, 568.26025390625, -83.05243682861328, 258.4448547363281, 4.774106979370117, 252.61476135253906]
[6.489957332611084, 34.39089584350586, -5.86225700378418, 84.23213195800781, -2.801328420639038, 132.5122833251953, 5.643017292022705, 175.2160186767578, 35.46759033203125, 119.67906188964844, 135.17747497558594, 83.50325775146484, 217.97055053710938, -128.37110900878906, 423.0077209472656, -94.3685531616211]
[4.675827503204346, 38.59324645996094, -4.736166000366211, 100.31785583496094, -18.60438346862793, 114.58900451660156, 47.81086730957031, 52.956459045410156, 186.58432006835938, 1.6525864601135254, 322.035400390625, -155.88836669921875, 277.4785461425781, 51.989776611328125, 144.15582275390625, 284.11444091796875]
[3.4194488525390625, 43.89952087402344, -10.863530158996582, 80.68441009521484, 14.793867111206055, 51.18581771850586, 118.19181060791016, -31.068578720092773, 221.79808044433594, 2.521402597427368, 148.20623779296875, 185.72421264648438, -7.516340732574463, 410.92071533203125, -53.06206130981445, 387.6554870605469]
[1.930603265762329, 46.68138122558594, -5.938756465911865, 64.3521957397461, 62.532073974609375, 12.396099090576172, 198.84463500976562, -6.085910320281982, 114.49816131591797, 150.10301208496094, 18.28580665588379, 205.0750274658203, 21.9632568359375, 136.1104278564453, 205.5374298095703, -18.25062370300293]
[0.4824238121509552, 49.38485336303711, 4.553481578826904, 38.822383880615234, 108.13954162597656, -35.63911056518555, 141.99012756347656, 86.84762573242188, 19.274574279785156, 282.0235900878906, 64.48428344726562, 104.56952667236328, 275.9625549316406, -125.55782318115234, 222.16212463378906, 460.1437072753906]
[-0.8100697994232178, 49.66781234741211, 12.254876136779785, 10.778493881225586, 111.7249755859375, -4.687068939208984, 47.742401123046875, 168.9215850830078, 17.145051956176758, 124.38453674316406, 493.3923645019531, -57.58351516723633, 213.4766387939453, 220.4170379638672, -83.87715148925781, 626.371337890625]
[-1.6142085790634155, 46.96772384643555, 28.832496643066406, -5.685441493988037, 125.94690704345703, 59.88253402709961, -15.118108749389648, 198.36148071289062, 93.14746856689453, -70.70580291748047, 290.4941711425781, 130.6600799560547, 10.986857414245605, 212.1508026123047, 167.99716186523438, -106.17013549804688]
[-2.64017391204834, 42.75942611694336, 45.18914794921875, -24.257789611816406, 82.27239227294922, 120.46633911132812, -11.108846664428711, 82.33882141113281, 168.87619018554688, 10.374897956848145, 56.48099136352539, 305.0989685058594, 71.44693756103516, 22.206682205200195, 742.6101684570312, 159.2919158935547]
[-3.6010687351226807, 36.878173828125, 54.75275802612305, -1.9433579444885254, 35.597511291503906, 132.0277862548828, 39.80500411987305, 13.083629608154297, 228.9589080810547, 153.80441284179688, 15.430196762084961, 140.46510314941406, 307.724609375, 94.5606460571289, 113.17745971679688, 345.1808776855469]
[-4.342065334320068, 28.725343704223633, 72.39952850341797, 7.143287181854248, -6.896924018859863, 112.9272689819336, 128.3756103515625, -46.8878059387207, 56.20468521118164, 538.4027099609375, 109.71199798583984, -20.6711368560791, 180.76101684570312, 247.80665588378906, 149.60043334960938, 91.34354400634766]
[-4.50803804397583, 22.211347579956055, 75.32561492919922, 34.24536895751953, -5.207454681396484, 73.26634216308594, 169.51031494140625, 60.91764450073242, -79.8636474609375, 245.69085693359375, 308.5360412597656, 96.32340240478516, 26.483169555664062, 356.4678955078125, 369.2174377441406, 95.27874755859375]
[-4.334924221038818, 14.886591911315918, 65.93396759033203, 61.5206184387207, -1.9704023599624634, -3.9953644275665283, 128.4796142578125, 181.07000732421875, 18.085206985473633, -108.19816589355469, 164.60272216796875, 240.55575561523438, 92.91852569580078, -151.2336883544922, 140.18190002441406, 420.53460693359375]
[-4.366415977478027, 8.505743980407715, 61.405948638916016, 76.60082244873047, 13.781128883361816, -25.237070083618164, 65.1900405883789, 208.00271606445312, 157.89364624023438, -0.9924190044403076, -88.34696197509766, 183.58172607421875, 241.42527770996094, 341.23760986328125, -154.4103546142578, -23.622920989990234]
[-3.523592472076416, 2.8845036029815674, 52.75913619995117, 91.54279327392578, 62.97981643676758, 2.371371030807495, -21.034637451171875, 115.86133575439453, 470.1566162109375, 158.0098876953125, -31.862579345703125, -112.46236419677734, 134.9276580810547, 240.38243103027344, 270.4097900390625, -19.533065795898438]
[-2.2327687740325928, -2.251162528991699, 36.74430847167969, 89.18754577636719, 114.71405792236328, 32.91555404663086, -53.116111755371094, 31.281660079956055, 289.0587158203125, 289.8642578125, 218.7942657470703, 27.072782516479492, -39.368186950683594, 101.48006439208984, 254.13308715820312, 236.90028381347656]
[-1.7014877796173096, -7.845695495605469, 19.555570602416992, 70.91290283203125, 117.1683349609375, 98.8390884399414, 35.24311447143555, -23.066177368164062, 33.012237548828125, 127.32240295410156, 309.55755615234375, 345.0200500488281, 152.73907470703125, 54.51187515258789, -81.75895690917969, 29.940982818603516]
[-1.0081688165664673, -9.197958946228027, 9.484370231628418, 54.0831413269043, 124.08299255371094, 134.5142822265625, 110.5405502319336, 51.23952865600586, -51.98833084106445, -30.045799255371094, 80.70356750488281, 157.5177001953125, 507.07763671875, 385.20355224609375, 165.46568298339844, 105.6442642211914]
[0.5229184031486511, -6.644689083099365, -2.4346923828125, 21.860090255737305, 80.18952941894531, 113.78421020507812, 139.8926544189453, 138.55494689941406, 77.18197631835938, 17.201005935668945, -29.413616180419922, -23.55327606201172, 157.01901245117188, 282.35302734375, 311.3153076171875, 252.64410400390625]
[1.8340998888015747, -6.670034885406494, -14.248384475708008, -5.689145088195801, 37.26605987548828, 84.69593811035156, 131.8831329345703, 159.7322235107422, 190.41033935546875, 165.47608947753906, 80.59176635742188, -52.68974685668945, -168.4092254638672, -82.24359893798828, 81.31169891357422, 141.8528289794922]
[3.2335052490234375, -4.4204020500183105, -8.832924842834473, -4.689382553100586, -1.5230588912963867, 37.02634048461914, 79.32545471191406, 151.42282104492188, 204.9400634765625, 305.38726806640625, 303.87762451171875, 505.30694580078125, 179.0315399169922, 115.88275909423828, 8.812281608581543, -61.77621078491211]
[4.630783557891846, 2.1758925914764404, -3.513483762741089, -11.608778953552246, -12.548589706420898, -10.700246810913086, 3.477023124694824, 32.21305847167969, 77.82247924804688, 131.2985076904297, 176.67527770996094, 584.3464965820312, 276.99102783203125, 460.2421569824219, 420.230224609375, 791.6194458007812]
[6.3752617835998535, 8.196924209594727, 6.209120273590088, 3.7811317443847656, -6.368418216705322, -43.50456237792969, -2.4429028034210205, -115.02616119384766, -27.816802978515625, -33.71622085571289, 40.644615173339844, 5.518729209899902, 3.100285530090332, 119.72728729248047, 145.2295379638672, 350.8808898925781]
[8.149539947509766, 14.849459648132324, 17.10344696044922, 24.343019485473633, 21.951217651367188, 29.87516975402832, 4.146595478057861, 30.841537475585938, 30.93317413330078, -15.134291648864746, -68.21946716308594, -99.01722717285156, 52.21824264526367, -18.353500366210938, 5.253861904144287, 19.11435317993164]
[10.0, 21.49160385131836, 34.202518463134766, 48.10604476928711, 60.66946029663086, 86.74275207519531, 94.46929168701172, 223.31777954101562, 152.55885314941406, 140.08750915527344, 201.01478576660156, 177.58258056640625, 196.28077697753906, 328.0870666503906, 583.9506225585938, 284.6868591308594]
[11.735719680786133, 28.21314811706543, 49.6790657043457, 73.57180786132812, 111.87662506103516, 124.80403137207031, 177.7401123046875, 216.97840881347656, 224.2358856201172, 188.6888885498047, 323.9619445800781, 345.4121398925781, 324.5873107910156, 196.93150329589844, 490.6711730957031, 268.9769592285156]
[13.477593421936035, 36.291282653808594, 58.260589599609375, 95.94330596923828, 105.24343872070312, 127.007568359375, 152.58956909179688, 140.4958953857422, 132.8952178955078, 117.16203308105469, 176.0688018798828, 72.68431091308594, -51.96628189086914, 89.16624450683594, -27.24200439453125, -173.61111450195312]
[15.28425121307373, 39.226444244384766, 71.92842864990234, 100.35078430175781, 126.9482421875, 99.45916748046875, 86.16736602783203, 56.81982421875, -1.7781046628952026, 3.047842025756836, -58.02756881713867, -90.45887756347656, 67.97508239746094, 100.84642028808594, 175.89247131347656, 226.19491577148438]
[16.959014892578125, 42.34881591796875, 72.96147155761719, 80.42533874511719, 83.1551513671875, 48.77199935913086, 24.74228858947754, -40.05720901489258, 1.6943624019622803, -26.272260665893555, 138.04359436035156, 174.64059448242188, 321.7131652832031, 724.6373291015625, 232.36090087890625, 194.96347045898438]
[18.665130615234375, 49.44585037231445, 71.03617095947266, 66.57205963134766, 36.933589935302734, 0.42792627215385437, -39.3819465637207, -44.13870620727539, 53.63523864746094, 190.09326171875, 282.1700439453125, 283.1066589355469, 248.64378356933594, 278.45989990234375, -31.94837760925293, 6.466582298278809]
[19.644559860229492, 49.335792541503906, 59.03244400024414, 38.80061721801758, 8.917684555053711, -8.211739540100098, -0.8155103325843811, 92.86177825927734, 197.9906005859375, 174.3389434814453, 251.3451385498047, 81.44712829589844, -80.5982437133789, -39.660438537597656, -39.47431945800781, 237.99732971191406]
[20.537273406982422, 45.73731231689453, 48.60295486450195, 15.126012802124023, -15.522407531738281, 3.3799312114715576, 186.6673583984375, 169.2364044189453, 222.59388732910156, 117.69698333740234, 7.820745468139648, -78.63642883300781, -18.316736221313477, 181.02313232421875, 414.86065673828125, 410.3599853515625]
[21.99428367614746, 45.377281188964844, 30.963701248168945, -12.573498725891113, -19.954126358032227, 59.911739349365234, 266.2071228027344, 154.05519104003906, 86.00633239746094, 8.471538543701172, -35.614810943603516, 129.57080078125, 351.95166015625, 197.6650848388672, 140.01876831054688, -132.0579071044922]
[22.6540470123291, 40.962860107421875, 14.963210105895996, -15.243657112121582, 16.67917251586914, 120.36660766601562, 189.6080780029297, 82.8690414428711, -22.009336471557617, -46.68476104736328, 153.3876190185547, 343.4088439941406, 172.3251953125, 87.7635726928711, 95.06535339355469, 159.02342224121094]
[22.860782623291016, 36.07418441772461, 4.734147071838379, -19.854480743408203, 64.43817901611328, 125.8553466796875, 103.99691009521484, -40.237327575683594, 29.872098922729492, 189.27096557617188, 337.6616516113281, 125.71295928955078, -99.9598159790039, 6.607143878936768, 361.4365234375, 267.77349853515625]
[24.186080932617188, 28.81545639038086, -4.687283992767334, 9.127969741821289, 94.02099609375, 134.7061309814453, 20.136465072631836, -7.351943016052246, 119.80866241455078, 517.91357421875, 110.28963470458984, -105.0936050415039, 108.0723648071289, 243.9633331298828, 283.2469787597656, 91.10525512695312]
[24.39629554748535, 22.003034591674805, -18.590097427368164, 33.92597198486328, 127.86356353759766, 70.05021667480469, -57.12718200683594, 62.846900939941406, 229.6146697998047, 244.10317993164062, -116.52891540527344, 74.50949096679688, 552.0572509765625, 160.08859252929688, -119.24081420898438, 153.671630859375]
[24.031343460083008, 15.28756332397461, -13.078553199768066, 66.27230834960938, 115.89579010009766, 5.136181354522705, -1.2410463094711304, 178.00491333007812, 172.60736083984375, -27.11485481262207, 58.861637115478516, 369.13482666015625, 328.0436096191406, -172.54129028320312, 169.97732543945312, 584.7749633789062]
[24.277976989746094, 9.445419311523438, -7.652951240539551, 76.13264465332031, 72.49097442626953, -21.556196212768555, 73.71250915527344, 222.97225952148438, 7.513747692108154, 46.23766326904297, 312.7518005371094, 146.06288146972656, -35.46442413330078, 152.00946044921875, 356.3812561035156, -2.4775378704071045]
[23.345033645629883, 1.9743455648422241, 5.837922096252441, 86.3364028930664, 33.80171203613281, -26.207380294799805, 142.42892456054688, 115.6298599243164, 14.535192489624023, 170.79168701171875, 218.66015625, -47.54963302612305, 123.07772827148438, 383.6784973144531, -69.37664794921875, 117.02619934082031]
[23.283479690551758, -3.4564385414123535, 23.914058685302734, 91.22254180908203, 10.81467056274414, 33.14152908325195, 153.48519897460938, -6.848514556884766, 29.530078887939453, 198.23985290527344, 50.73987579345703, 110.30473327636719, 397.4939270019531, 74.72295379638672, 130.76463317871094, 225.8078155517578]
[21.539030075073242, -5.8753132820129395, 40.394371032714844, 77.8331298828125, -11.202662467956543, 89.16661071777344, 122.67286682128906, -38.153568267822266, 335.9676818847656, 126.04788208007812, -16.99399757385254, 514.9479370117188, 114.39578247070312, -61.08067321777344, 876.7174072265625, 89.2734375]
[20.52540397644043, -8.02380084991455, 54.57621765136719, 51.75143051147461, -23.104476928710938, 148.6602325439453, 38.50513458251953, 38.778682708740234, 447.1640625, -45.717411041259766, 141.66067504882812, 482.8155212402344, -133.00445556640625, 194.75424194335938, 263.055419921875, 16.669113159179688]
[19.471101760864258, -7.770900249481201, 61.42655944824219, 22.66854476928711, 13.846845626831055, 143.10736083984375, -9.285691261291504, 140.5518798828125, 206.10752868652344, -25.22992515563965, 324.1916198730469, -37.78070068359375, 196.40577697753906, 223.9072265625, 1.4556787014007568, 260.7267761230469]
[18.377695083618164, -8.962825775146484, 71.94380187988281, 2.308587074279785, 66.56645202636719, 92.5873794555664, 4.5621562004089355, 150.68264770507812, -46.234039306640625, 148.50466918945312, 138.3192138671875, -11.12326431274414, 394.556396484375, 62.90854263305664, 294.7298889160156, 143.06126403808594]
[16.921361923217773, -4.5361151695251465, 71.89937591552734, -10.739620208740234, 110.1461181640625, 35.153465270996094, 63.34473419189453, 130.70843505859375, 19.020084381103516, 201.55210876464844, -62.766544342041016, 235.80616760253906, 61.87861633300781, 229.94345092773438, 328.4166259765625, -63.06894302368164]
[15.012206077575684, 2.2313451766967773, 70.66974639892578, -5.334218502044678, 123.43549346923828, -25.31296730041504, 146.70297241210938, 47.629547119140625, 115.7295913696289, 126.2579345703125, 35.06923294067383, 183.1045379638672, -37.618370056152344, 680.458251953125, -129.46212768554688, 495.18768310546875]
[13.352376937866211, 7.181850910186768, 54.819034576416016, -3.6215412616729736, 121.53331756591797, -32.762535095214844, 142.13087463378906, -28.273330688476562, 195.89300537109375, -13.976875305175781, 292.024658203125, -7.356043815612793, 179.48719787597656, 213.81480407714844, 162.60511779785156, 183.31460571289062]
[11.787178039550781, 14.66503620147705, 42.80609893798828, 18.359418869018555, 84.82386779785156, 24.409128189086914, 110.24872589111328, 7.193551063537598, 180.4422607421875, -6.718349933624268, 443.6260681152344, -45.25094985961914, 256.7613220214844, -13.923691749572754, 324.9283142089844, -185.55673217773438]
[10.0, 21.477149963378906, 25.664724349975586, 48.147918701171875, 38.20307540893555, 83.63157653808594, 45.18946075439453, 116.18402099609375, 48.51939392089844, 185.78392028808594, 31.728761672973633, 227.31588745117188, 7.453023910522461, 286.9884948730469, -56.77225112915039, 428.969970703125]
[8.243135452270508, 27.88138198852539, 9.092827796936035, 78.64485931396484, 5.86588191986084, 152.62460327148438, -12.345734596252441, 211.993896484375, -94.17084503173828, 216.14849853515625, -70.16143035888672, 253.64663696289062, -76.00543212890625, 270.1645812988281, -34.59214782714844, 388.15264892578125]
[6.393917083740234, 33.48459243774414, -1.453385353088379, 102.0787124633789, -34.53778839111328, 156.48275756835938, 8.084195137023926, 130.95655822753906, 22.379091262817383, 118.51571655273438, 137.0786895751953, 20.632673263549805, 239.96603393554688, 44.95585632324219, 452.08367919921875, -246.98300170898438]
[4.606597423553467, 39.26170349121094, -14.017817497253418, 89.5075454711914, -1.9110217094421387, 123.48713684082031, 44.41602325439453, 56.819034576416016, 182.66909790039062, -36.40781021118164, 210.09434509277344, -58.38639450073242, 265.82904052734375, 40.96448516845703, 126.82254791259766, 473.9190673828125]
[3.4910309314727783, 42.16347885131836, -15.340883255004883, 91.10520935058594, 20.84374237060547, 49.92810821533203, 113.48546600341797, -59.86591720581055, 206.40933227539062, -23.148744583129883, 161.54811096191406, 195.40896606445312, 14.883055686950684, 260.55670166015625, 75.33956146240234, 342.0415954589844]
[1.5721818208694458, 44.79303741455078, -14.409235954284668, 70.53260803222656, 64.5121841430664, -20.844120025634766, 202.83558654785156, -27.774688720703125, 128.1658477783203, 190.91412353515625, 42.03765869140625, 328.4005432128906, -5.138903617858887, 136.7764892578125, 365.9626159667969, -158.53741455078125]
[-0.07153904438018799, 47.57706069946289, 0.5529314875602722, 38.603172302246094, 107.17932891845703, -9.512459754943848, 128.3274688720703, 185.22500610351562, 2.5162391662597656, 305.2501220703125, -9.463540077209473, 107.41069793701172, 508.0863342285156, 14.130629539489746, 285.9454040527344, 191.8717803955078]
[-1.061668038368225, 46.14601516723633, 13.709981918334961, 12.779886245727539, 109.83135986328125, -4.75850772857666, 50.535133361816406, 170.61767578125, 18.22475814819336, 132.81080627441406, 186.68516540527344, -72.51976013183594, 480.97802734375, 189.83432006835938, 45.839786529541016, 383.2142028808594]
[-2.103046178817749, 45.4270133972168, 28.960784912109375, -14.273725509643555, 112.24542236328125, 59.9127082824707, 6.716681003570557, 160.22718811035156, 91.69847869873047, 34.49702453613281, 189.79232788085938, 125.38480377197266, -83.78065490722656, 343.9536437988281, 312.0198974609375, 80.65477752685547]
[-2.5948243141174316, 39.982933044433594, 42.82029724121094, -19.462709426879883, 77.74752044677734, 130.55868530273438, -36.507652282714844, 83.08653259277344, 228.0272216796875, 41.35751724243164, 35.11713790893555, 290.5888977050781, 87.05339813232422, 9.022832870483398, 597.8624267578125, 159.08616638183594]
[-3.1437480449676514, 35.02305221557617, 60.21493911743164, -19.41219711303711, 35.96356964111328, 135.51803588867188, 41.379241943359375, -16.24553680419922, 157.06686401367188, 147.45648193359375, -56.018409729003906, 128.92100524902344, 288.8666687011719, 67.16828155517578, 79.9295883178711, 393.7373962402344]
[-4.059227466583252, 28.35944175720215, 70.25723266601562, 7.515733242034912, -0.12081481516361237, 106.24117279052734, 105.55276489257812, -56.27757263183594, 40.8058967590332, 395.9420471191406, 109.58634185791016, -142.93215942382812, 178.56488037109375, 446.8450012207031, 4.388996601104736, -147.87925720214844]
[-4.222577095031738, 21.931774139404297, 66.59684753417969, 34.1922607421875, -8.670625686645508, 72.80853271484375, 184.19183349609375, 65.4474868774414, 12.986727714538574, 232.4296417236328, 231.9985809326172, 154.0460205078125, -97.28243255615234, 191.21017456054688, 430.20556640625, 106.84640502929688]
[-4.4487810134887695, 15.417381286621094, 75.1968002319336, 58.015384674072266, -9.191352844238281, 11.774284362792969, 139.0973358154297, 194.81532287597656, 25.624114990234375, -55.63318634033203, 168.77772521972656, 560.6974487304688, 100.77265930175781, -245.8168487548828, 128.73377990722656, 551.7254638671875]
[-4.483499050140381, 8.311710357666016, 59.4647216796875, 80.94096374511719, 24.923154830932617, -35.699832916259766, 64.56283569335938, 146.2230224609375, 174.01312255859375, -10.459562301635742, -83.26182556152344, 171.71585083007812, 350.57427978515625, 350.4394226074219, -120.32373046875, 133.3750457763672]
[-2.8193023204803467, 0.5866646766662598, 52.74453353881836, 94.50806427001953, 65.9577865600586, -3.348806142807007, -23.951820373535156, 121.57781982421875, 256.3844909667969, 159.1271209716797, -32.001914978027344, -23.501625061035156, 137.8013153076172, 735.7877197265625, 232.14163208007812, -1.743172526359558]
[-2.8831019401550293, -1.475900650024414, 36.71700668334961, 96.70006561279297, 105.01217651367188, 44.53607940673828, -43.6406364440918, -18.63381576538086, 120.5020980834961, 280.15777587890625, 213.02781677246094, 36.11930847167969, -88.12017059326172, -21.164628982543945, 284.0850524902344, 869.3139038085938]
[-1.5851844549179077, -7.675649642944336, 21.425580978393555, 84.62037658691406, 127.735595703125, 99.27153015136719, 67.8966064453125, 6.739729881286621, -37.33037567138672, 134.2038116455078, 326.10162353515625, 299.2078857421875, 147.23667907714844, -21.81121063232422, 33.80322265625, 201.88670349121094]
[-1.185332179069519, -8.205838203430176, 7.469364166259766, 55.0060920715332, 111.58476257324219, 141.3386688232422, 201.7555694580078, 21.986005783081055, -37.69422149658203, -60.65786361694336, 57.57603073120117, 160.51492309570312, 297.56048583984375, 229.6136932373047, 174.3416748046875, -36.6549072265625]
[0.21439604461193085, -9.467897415161133, -9.003253936767578, 25.166048049926758, 85.42230987548828, 127.10049438476562, 197.2844696044922, 154.38880920410156, 169.46994018554688, -3.927009105682373, -32.45085144042969, 52.50651550292969, 108.07389831542969, 190.67137145996094, 324.7935791015625, 258.523681640625]
[1.423120141029358, -9.024920463562012, -16.387990951538086, 7.9884233474731445, 37.250186920166016, 90.76728057861328, 173.84715270996094, 156.0929718017578, 361.7772216796875, 180.9673614501953, 87.79901885986328, 51.675296783447266, -91.18529510498047, -174.765869140625, -51.04402160644531, 140.40814208984375]
[2.8587207794189453, -2.2909178733825684, -13.99786376953125, -15.75290584564209, -0.6312591433525085, 25.444984436035156, 77.3199691772461, 122.09870147705078, 407.7703857421875, 177.05459594726562, 572.2508544921875, 197.7095184326172, 193.5917510986328, 118.9111328125, 26.913928985595703, 114.37191009521484]
[4.887426853179932, 2.062839984893799, -11.1506929397583, -11.135547637939453, -10.634058952331543, -19.956281661987305, -4.364531517028809, 23.974546432495117, 70.71807861328125, 126.87464141845703, 305.31134033203125, 286.39434814453125, 388.2859191894531, 297.1140441894531, 503.08282470703125, 328.45892333984375]
[6.464829921722412, 7.377776145935059, 2.335479259490967, -9.638131141662598, -23.942201614379883, -43.71372604370117, -47.954864501953125, -5.71921968460083, -34.66487121582031, -68.68795013427734, -69.04621887207031, -25.061153411865234, 36.03694534301758, 62.51496505737305, 272.6443176269531, 208.59283447265625]
[8.292336463928223, 14.093663215637207, 17.411334991455078, 22.073366165161133, 22.648143768310547, 20.92287254333496, 24.173320770263672, 15.882794380187988, -21.725927352905273, 24.9564151763916, -0.9820348024368286, 48.29228591918945, -61.468589782714844, -126.70967102050781, 11.010923385620117, -67.15036010742188]
[10.0, 21.32322883605957, 34.18070983886719, 48.301788330078125, 63.324424743652344, 83.5073471069336, 89.15338897705078, 125.96566772460938, 151.29678344726562, 151.9854736328125, 146.70938110351562, 166.12551879882812, 459.8450012207031, 236.08876037597656, 594.4451293945312, 400.523193359375]
[11.839576721191406, 28.27400779724121, 48.635623931884766, 77.58346557617188, 110.0211181640625, 143.13792419433594, 160.00775146484375, 215.7726287841797, 191.8636474609375, 246.7150421142578, 312.5028991699219, 350.89404296875, 515.6328125, 241.4178466796875, 289.526611328125, 179.32501220703125]
[13.42354679107666, 34.31382369995117, 61.877872467041016, 83.1610107421875, 117.60527801513672, 132.72311401367188, 133.26637268066406, 169.4927978515625, 171.00320434570312, 123.18856048583984, 87.66683959960938, 91.43036651611328, 90.03128814697266, -77.4114990234375, -192.9612274169922, -236.81741333007812]
[15.186530113220215, 41.575801849365234, 69.58621978759766, 90.93448638916016, 111.75464630126953, 107.03235626220703, 83.44706726074219, 57.708518981933594, 20.660600662231445, 27.446197509765625, 29.03883934020996, -106.77427673339844, -8.50173282623291, 72.40481567382812, 172.12832641601562, 223.92694091796875]
[16.991239547729492, 43.27009201049805, 71.46263885498047, 77.64452362060547, 79.72308349609375, 52.41023635864258, 7.9237961769104, 3.4271652698516846, -48.48104476928711, -30.043275833129883, 56.87259292602539, 185.59014892578125, 204.0962371826172, 455.7142333984375, 213.33346557617188, 224.72988891601562]
[18.50731658935547, 46.96204376220703, 70.77601623535156, 65.8655776977539, 38.964927673339844, 3.5936214923858643, -34.81059265136719, -25.365087509155273, 66.76993560791016, 134.9445343017578, 266.5869140625, 309.48138427734375, 182.59727478027344, 272.9244689941406, -15.080317497253418, 33.93318176269531]
[19.952795028686523, 45.906211853027344, 60.41130065917969, 38.890777587890625, 6.654445648193359, -7.805265426635742, -6.750500202178955, 90.66913604736328, 215.17286682128906, 188.3853302001953, 249.56002807617188, 174.55810546875, -79.43203735351562, -85.15335845947266, 114.04532623291016, 434.1360168457031]
[20.51799964904785, 46.24909973144531, 47.91725158691406, 9.930638313293457, -22.363462448120117, -2.5986506938934326, 91.51461791992188, 143.57814025878906, 162.94754028320312, 118.33855438232422, 55.33674621582031, -47.75227355957031, 89.93755340576172, 412.4893493652344, 374.7031555175781, 582.065673828125]
[21.538545608520508, 45.74484634399414, 31.115753173828125, 0.17016854882240295, -9.731234550476074, 59.912925720214844, 146.74319458007812, 176.294189453125, 86.14305114746094, -13.460777282714844, -93.0482406616211, 272.4984130859375, 217.204833984375, 343.0809020996094, 142.25244140625, 24.640546798706055]
[22.615814208984375, 40.284637451171875, 14.515458106994629, -18.89238929748535, 13.676745414733887, 108.72343444824219, 175.43919372558594, 82.02528381347656, -1.3016175031661987, -22.605195999145508, 177.47894287109375, 196.53443908691406, 164.2019500732422, -68.65694427490234, -91.91708374023438, 158.64564514160156]
[23.40146827697754, 34.805259704589844, 2.845571994781494, -9.96518325805664, 66.88705444335938, 158.0646209716797, 106.1657943725586, -17.233745574951172, -12.32850456237793, 140.88308715820312, 190.5271759033203, 127.82478332519531, 6.761814117431641, -6.102770805358887, 295.71368408203125, 240.71502685546875]
[23.2988224029541, 29.51144027709961, -2.339555501937866, 7.142388343811035, 89.63555908203125, 141.32554626464844, 31.56587028503418, -67.5303726196289, 132.98910522460938, 477.07830810546875, 110.54158782958984, -111.96269226074219, 75.00530242919922, 312.4291687011719, 260.19903564453125, 65.15312957763672]
[24.382158279418945, 22.136077880859375, -13.688092231750488, 35.137168884277344, 136.5332794189453, 73.30460357666016, -60.2781867980957, 124.49543762207031, 220.18324279785156, 222.1964874267578, -100.38201141357422, 70.0036392211914, 323.911865234375, 204.1170196533203, -120.24300384521484, 84.62996673583984]
[24.759641647338867, 15.217620849609375, -12.56835651397705, 66.27727508544922, 96.59461975097656, 4.635329723358154, -26.954330444335938, 168.7538299560547, 148.5526580810547, -52.57579803466797, 57.23252487182617, 235.2895050048828, 152.514892578125, -56.087181091308594, 160.18594360351562, 371.40533447265625]
[23.36851692199707, 7.755192756652832, -1.2292275428771973, 79.06855010986328, 83.82882690429688, -26.9306697845459, 74.25912475585938, 160.86546325683594, 18.27557373046875, -34.106468200683594, 268.03350830078125, 202.4071807861328, -44.87947082519531, 157.2087860107422, 790.205078125, -14.791343688964844]
[23.896533966064453, 3.337394952774048, 9.299134254455566, 85.80958557128906, 32.880210876464844, -19.011960983276367, 159.93605041503906, 107.86712646484375, -89.8112564086914, 159.793701171875, 171.30918884277344, 2.9135313034057617, 121.76937103271484, 336.4159851074219, -5.23854923248291, 90.82848358154297]
[23.20018196105957, -0.6407763361930847, 22.941930770874023, 86.1553726196289, 4.893984317779541, 37.58183670043945, 174.9367218017578, 10.291655540466309, 26.840612411499023, 203.22373962402344, 5.769557476043701, 66.17063903808594, 292.0164794921875, 15.52987003326416, 117.53108215332031, 559.5537719726562]
[21.59514045715332, -6.830379486083984, 38.909114837646484, 79.8225326538086, -35.30706024169922, 110.24921417236328, 120.50635528564453, 1.4644148349761963, 212.65798950195312, 130.00738525390625, -29.76959228515625, 328.15008544921875, 115.6134262084961, 39.17832565307617, 317.9765930175781, 82.83467102050781]
[21.076740264892578, -7.122096061706543, 56.91679382324219, 50.47499084472656, -1.1468018293380737, 123.27021789550781, 19.337160110473633, 53.05046463012695, 162.00099182128906, -76.2059555053711, 275.9019470214844, 199.07655334472656, -21.913990020751953, 370.0693664550781, 130.59573364257812, 18.470232009887695]
[20.112682342529297, -9.910199165344238, 67.40400695800781, 26.424333572387695, 26.32292938232422, 125.43453216552734, 3.5248303413391113, 144.74522399902344, 99.10411071777344, 27.54860496520996, 548.1028442382812, -30.09792137145996, 369.8320617675781, 216.15182495117188, -105.84669494628906, 436.755615234375]
[18.019960403442383, -6.280026435852051, 70.3572998046875, 4.668761253356934, 62.164005279541016, 82.30487823486328, -11.609443664550781, 227.38343811035156, -41.898887634277344, 141.80416870117188, 282.4551086425781, -29.360647201538086, 648.5137939453125, -115.64083099365234, 309.74053955078125, 115.83035278320312]
[16.75168800354004, -3.927224636077881, 73.18114471435547, -7.371539115905762, 113.92723083496094, 24.236953735351562, 61.669673919677734, 124.88154602050781, -63.81402587890625, 172.80221557617188, -106.6796646118164, 304.0892639160156, 179.568603515625, 113.88483428955078, 317.0067443847656, -136.71238708496094]
[15.398755073547363, 2.7874226570129395, 65.7947998046875, -19.743558883666992, 121.45249938964844, -20.62572479248047, 124.41944122314453, 14.913168907165527, 234.97694396972656, 118.66175079345703, 14.384779930114746, 256.2216796875, -24.70427703857422, 725.998779296875, -10.989006042480469, 802.7091674804688]
[13.571623802185059, 8.498087882995605, 59.59130859375, -0.42410245537757874, 110.73784637451172, -31.44524574279785, 139.30502319335938, -38.63395309448242, 458.9619140625, -70.8429183959961, 219.8057098388672, 68.6129150390625, 237.4367218017578, 150.92811584472656, 164.6525115966797, 365.0529479980469]
[11.810486793518066, 14.245591163635254, 40.45238494873047, 21.382221221923828, 76.8962631225586, 14.337386131286621, 120.32643127441406, -3.474032402038574, 176.8935089111328, -12.360812187194824, 268.02264404296875, 62.06898498535156, 226.2710418701172, 18.69797134399414, 352.41058349609375, 30.786497116088867]
[10.0, 21.346603393554688, 26.226242065429688, 49.74888229370117, 34.14440155029297, 75.13744354248047, 30.633024215698242, 116.14656066894531, 53.563865661621094, 171.7009735107422, 9.240812301635742, 163.96585083007812, 57.33255386352539, 316.7298583984375, -65.3499526977539, 413.0350341796875]
[8.184196472167969, 28.368518829345703, 10.849879264831543, 72.7686538696289, -14.432559967041016, 126.88066864013672, -28.84743881225586, 223.28887939453125, -54.565799713134766, 204.2024688720703, -19.195009231567383, 613.7776489257812, 2.3205606937408447, 236.33035278320312, 35.57522201538086, 197.03636169433594]
[6.393872261047363, 34.76532745361328, 0.48527124524116516, 93.96440124511719, -11.815876007080078, 144.44686889648438, -47.138694763183594, 181.32728576660156, 44.92110824584961, 131.73184204101562, 136.05780029296875, 139.97828674316406, 194.0626220703125, -86.5196304321289, 458.78466796875, 69.40022277832031]
[4.847181797027588, 40.240318298339844, -13.80650806427002, 101.32808685302734, -2.1805648803710938, 121.2238998413086, 93.93314361572266, 45.97435760498047, 174.91090393066406, -55.71318817138672, 280.10723876953125, -113.40486907958984, 292.30535888671875, 103.57415771484375, 134.6337432861328, 218.595947265625]
[3.160686492919922, 46.08542251586914, -14.631237983703613, 85.69387817382812, 24.80789566040039, 50.70258331298828, 133.4029998779297, -39.95365524291992, 234.715576171875, 35.47941970825195, 132.47012329101562, 171.83676147460938, -28.899110794067383, 408.429931640625, -72.44330596923828, 375.239501953125]
[1.5400490760803223, 45.73164749145508, -9.327225685119629, 70.23104095458984, 64.01750946044922, -14.947334289550781, 195.883544921875, 2.0050582885742188, 127.58475494384766, 166.9708251953125, -8.688994407653809, 212.32077026367188, -3.683302164077759, 138.50015258789062, 536.6892700195312, 106.98635864257812]
[0.24569621682167053, 49.87158966064453, 2.9674301147460938, 38.60218048095703, 111.37352752685547, -14.512892723083496, 143.62225341796875, 93.4554443359375, 26.358400344848633, 218.15322875976562, 38.44630813598633, 107.44744110107422, 361.4745178222656, -25.35784912109375, 460.56103515625, 205.0051727294922]
[-0.4139593839645386, 47.8053092956543, 13.998557090759277, 14.430222511291504, 115.34550476074219, -8.106860160827637, 51.63154602050781, 175.87295532226562, 16.21389389038086, 119.80418395996094, 262.59234619140625, 4.771639823913574, 181.3905029296875, 167.14230346679688, -173.95620727539062, 378.1967468261719]
[-1.8181623220443726, 45.19145202636719, 28.786672592163086, -12.884493827819824, 126.91569519042969, 59.91084671020508, 5.172317028045654, 150.2218017578125, 93.47696685791016, -58.18265151977539, 240.0626220703125, 123.95648956298828, 3.5209615230560303, 354.12750244140625, 175.0153350830078, -49.12449645996094]
[-2.3680789470672607, 39.92089080810547, 45.47382354736328, -23.837949752807617, 74.249267578125, 124.05956268310547, -6.304189682006836, 83.50019836425781, 159.8257293701172, 6.726994514465332, 47.338104248046875, 228.13645935058594, 90.69639587402344, 97.40345001220703, 406.6344299316406, 159.49395751953125]
[-4.099217891693115, 35.09607696533203, 56.288028717041016, -19.420137405395508, 33.1092643737793, 166.80491638183594, 30.66107177734375, 14.871118545532227, 161.1365966796875, 188.08889770507812, -60.767784118652344, 134.21632385253906, 397.9183654785156, 97.33533477783203, 48.452388763427734, 259.1636047363281]
[-4.186574459075928, 28.614700317382812, 68.75398254394531, 12.416830062866211, -2.5997700691223145, 129.12120056152344, 132.8131561279297, -38.587989807128906, 65.3284683227539, 423.6140441894531, 109.49469757080078, 32.80907440185547, 202.89968872070312, 359.6070556640625, 88.92140197753906, 57.643367767333984]
[-4.028143882751465, 22.305002212524414, 68.12242889404297, 34.8179931640625, -26.131559371948242, 68.55049896240234, 165.8900909423828, 62.5765266418457, -74.69905853271484, 239.196533203125, 270.5815124511719, 81.96649169921875, -11.546055793762207, 159.54493713378906, 450.8054504394531, 236.03416442871094]
[-4.291728973388672, 15.218976974487305, 67.25770568847656, 62.358158111572266, -7.8481645584106445, 19.552879333496094, 121.78328704833984, 170.86582946777344, -3.125411033630371, -10.34029483795166, 179.33682250976562, 195.9467010498047, 208.45957946777344, -141.8461456298828, 139.48423767089844, 937.39501953125]
[-3.9014132022857666, 7.83103609085083, 67.1892318725586, 81.44828796386719, 19.80893325805664, -1.770726203918457, 65.66111755371094, 192.81642150878906, 134.71690368652344, 2.4129090309143066, 33.762516021728516, 173.96212768554688, 674.7753295898438, 369.03887939453125, -185.10569763183594, -10.447745323181152]
[-3.5568978786468506, 0.6669973731040955, 54.43219757080078, 86.36996459960938, 63.24392318725586, -4.483590126037598, 0.7156785726547241, 101.62223052978516, 188.6845703125, 157.16542053222656, -6.779721260070801, -104.16043090820312, 295.060302734375, 756.0186157226562, 222.0399169921875, 13.526006698608398]
[-3.061800241470337, -1.5181154012680054, 36.18901443481445, 87.34961700439453, 99.62291717529297, 42.57269287109375, -9.736665725708008, -1.4176549911499023, 147.6237335205078, 209.72312927246094, 376.9234924316406, 82.74933624267578, 5.016654014587402, 54.78124237060547, 207.1909637451172, 436.7878723144531]
[-1.3965133428573608, -3.6536548137664795, 21.453874588012695, 77.48536682128906, 108.03524017333984, 112.69257354736328, 37.0921516418457, -95.80921173095703, -20.621198654174805, 113.01289367675781, 470.2890319824219, 210.3475341796875, 154.1094970703125, 22.761333465576172, -181.15225219726562, 107.4577865600586]
[-1.0605758428573608, -5.339561939239502, 2.546229600906372, 54.9388427734375, 99.5179672241211, 139.12649536132812, 107.3778305053711, 54.17914581298828, 9.729272842407227, -33.14899444580078, 74.61568450927734, 204.0660858154297, 370.3476867675781, 265.313720703125, 163.03392028808594, -79.01078796386719]
[0.4322200119495392, -10.155433654785156, -8.924393653869629, 27.667150497436523, 80.7657699584961, 139.3057098388672, 156.70143127441406, 160.7333984375, 80.77139282226562, 42.921939849853516, -22.892475128173828, 1.9889235496520996, 73.01789093017578, 234.06968688964844, 231.53981018066406, 274.77734375]
[2.019444227218628, -6.5617218017578125, -12.703669548034668, 4.6922783851623535, 32.885093688964844, 99.58610534667969, 177.74977111816406, 219.61529541015625, 209.45640563964844, 183.71189880371094, 89.1598129272461, 72.24462127685547, -160.32537841796875, -12.995677947998047, -76.0875473022461, 139.4332275390625]
[3.4772112369537354, -4.326829433441162, -8.926166534423828, -4.272268295288086, -13.613935470581055, 29.75606918334961, 76.1622314453125, 151.4475860595703, 197.77403259277344, 298.6692199707031, 299.06768798828125, 398.51910400390625, 212.87290954589844, 126.8355712890625, 120.13756561279297, -46.56010437011719]
[4.748692512512207, 1.2174081802368164, -8.783897399902344, -16.808889389038086, -10.421833038330078, -36.25251388549805, -3.6253631114959717, 41.232032775878906, 64.69175720214844, 120.6371841430664, 190.73423767089844, 516.54345703125, 262.0848083496094, 315.2341003417969, 750.6392211914062, 328.3658752441406]
[6.4249725341796875, 6.7817254066467285, 7.386122226715088, -2.58648943901062, 2.386087656021118, -1.6807318925857544, -8.262072563171387, -54.009700775146484, -67.99036407470703, 16.355205535888672, 18.683725357055664, 64.32125091552734, 75.98406219482422, 121.51741790771484, 239.65419006347656, 167.72320556640625]
[8.299522399902344, 14.577343940734863, 19.224002838134766, 20.948440551757812, 17.269535064697266, 21.075223922729492, 28.494386672973633, -3.9044387340545654, 19.350801467895508, -11.245345115661621, 33.55564880371094, 21.181007385253906, -111.91468048095703, -139.25393676757812, -155.05601501464844, -129.9241943359375]
[10.0, 21.446739196777344, 33.77106475830078, 49.97523880004883, 62.33064651489258, 86.57991790771484, 97.66819763183594, 109.45003509521484, 250.85787963867188, 187.98155212402344, 175.4845428466797, 211.71597290039062, 201.64334106445312, 232.95252990722656, 307.54400634765625, 384.92803955078125]
[11.817342758178711, 28.9350643157959, 49.24747848510742, 80.98847198486328, 99.43153381347656, 152.32232666015625, 132.54855346679688, 174.44786071777344, 234.5183868408203, 294.67413330078125, 258.56597900390625, 232.31137084960938, 183.0680389404297, 198.44728088378906, 290.2930603027344, 472.9615783691406]
[13.587905883789062, 33.98824691772461, 63.64125442504883, 86.53728485107422, 132.2096710205078, 151.38339233398438, 150.50376892089844, 171.49383544921875, 127.7713623046875, 127.10394287109375, 88.55319213867188, 36.55740737915039, 67.73316192626953, -115.1904067993164, -77.71143341064453, -241.86805725097656]
[15.35834789276123, 39.249122619628906, 73.79505920410156, 95.19544982910156, 99.61344146728516, 107.48521423339844, 84.86554718017578, 52.51188278198242, -19.06146240234375, -65.33676147460938, -1.475365161895752, -23.209611892700195, -40.7690315246582, 27.085657119750977, 168.15057373046875, 622.053955078125]
[17.114904403686523, 47.05668258666992, 73.74835205078125, 77.67910766601562, 79.9267578125, 46.66248321533203, 12.906805992126465, -63.519222259521484, -81.84709930419922, 2.615544080734253, 63.23157501220703, 164.29830932617188, 203.09710693359375, 375.3356628417969, 366.92156982421875, 235.12620544433594]
[18.16938018798828, 44.646217346191406, 66.84062957763672, 63.399654388427734, 35.212581634521484, -13.28321361541748, -15.328574180603027, 16.626121520996094, 58.46879196166992, 182.9926300048828, 304.2906799316406, 261.7077331542969, 268.3417053222656, 133.34271240234375, 100.19998931884766, 23.947477340698242]
[19.854286193847656, 48.402061462402344, 59.24474334716797, 38.89409255981445, -5.943480491638184, -15.717450141906738, 21.63286018371582, 95.22801971435547, 204.1324462890625, 203.13059997558594, 156.89212036132812, 77.7652587890625, -16.566598892211914, -17.504526138305664, 116.40892791748047, 226.9827880859375]
[20.831382751464844, 46.60542297363281, 44.96843719482422, 8.823293685913086, -33.65400695800781, 18.773038864135742, 92.87164306640625, 191.6678466796875, 182.31141662597656, 126.06434631347656, 44.083656311035156, -30.618303298950195, 133.74339294433594, 391.38330078125, 237.01031494140625, 251.4422607421875]
[21.76371955871582, 43.79999923706055, 31.206499099731445, -18.117843627929688, -1.8089964389801025, 59.870887756347656, 167.34864807128906, 153.40264892578125, 87.65666961669922, -21.68202018737793, -42.63776397705078, 127.62845611572266, 603.3523559570312, 562.8345336914062, 124.33733367919922, -114.78968811035156]
[23.0275936126709, 40.7907600402832, 16.038105010986328, -9.751640319824219, 18.967220306396484, 126.77181243896484, 173.38694763183594, 84.0613021850586, 5.285726547241211, -39.907161712646484, 171.76422119140625, 209.44680786132812, 448.8666687011719, -89.27178192138672, -172.6320037841797, 158.40455627441406]
[23.27745246887207, 34.11294937133789, 4.917698383331299, -20.154367446899414, 67.40802764892578, 130.93710327148438, 95.64398193359375, 12.316650390625, 25.03631591796875, 136.0116424560547, 249.328125, 131.5713653564453, -126.10861206054688, -10.272006034851074, 267.3775634765625, 262.8985595703125]
[24.44544792175293, 28.26282501220703, -9.222872734069824, 2.158195734024048, 91.69878387451172, 107.34808349609375, 40.08182907104492, -24.3662109375, 137.44015502929688, 574.2371215820312, 110.45047760009766, 11.060887336730957, 91.7934341430664, 258.2037658691406, 261.78607177734375, 113.11662292480469]
[23.64221954345703, 22.24909210205078, -11.4751558303833, 35.353328704833984, 104.010009765625, 68.81965637207031, -60.79402542114258, 61.47038269042969, 164.84805297851562, 248.23480224609375, -106.48776245117188, 70.7603759765625, 345.9131164550781, 199.9816131591797, -5.017539024353027, 116.41343688964844]
[23.553468704223633, 14.774569511413574, -12.684164047241211, 66.24128723144531, 104.58641052246094, -3.1338326930999756, 16.483705520629883, 178.49713134765625, 192.64735412597656, -46.39544677734375, 110.91791534423828, 274.760986328125, 162.9854736328125, 11.797736167907715, 311.68487548828125, 505.75372314453125]
[23.757919311523438, 9.312948226928711, -7.254810810089111, 80.2453384399414, 85.26683044433594, -20.50258445739746, 76.35718536376953, 214.00941467285156, -2.3586184978485107, -7.36267614364624, 570.87890625, 175.81436157226562, 19.683815002441406, 186.44985961914062, 554.14501953125, -60.529258728027344]
[23.76693344116211, 3.4354708194732666, 7.272135257720947, 90.78009796142578, 34.53635025024414, -0.46394166350364685, 163.27639770507812, 114.11930084228516, -73.2683334350586, 143.23822021484375, 206.30569458007812, 48.51924133300781, 125.02484130859375, 198.2017364501953, 60.39272689819336, 36.6246337890625]
[22.490957260131836, -0.8707581758499146, 23.923194885253906, 92.65740966796875, -5.2997355461120605, 36.52390670776367, 183.68089294433594, 8.533252716064453, 50.83797073364258, 271.16607666015625, 13.691061019897461, 68.77754211425781, 378.8999328613281, 2.6201424598693848, 52.61709976196289, 585.7777709960938]
[21.830297470092773, -7.728641986846924, 39.12430191040039, 81.47225952148438, -21.639204025268555, 112.88756561279297, 115.34981536865234, -63.936439514160156, 203.8165740966797, 136.15011596679688, 7.242929935455322, 498.3081970214844, 101.3567123413086, -81.44253540039062, 464.5849304199219, 115.15799713134766]
[20.572246551513672, -6.341342926025391, 57.00421905517578, 51.43091583251953, -20.74842071533203, 138.18905639648438, 25.531715393066406, 24.071395874023438, 164.57516479492188, -14.936856269836426, 143.54539489746094, 429.3658752441406, -90.4356689453125, 215.2040252685547, 140.67111206054688, 14.69968032836914]
[19.442155838012695, -9.260331153869629, 70.15969848632812, 24.658859252929688, 27.84648895263672, 140.49627685546875, -18.511024475097656, 119.40262603759766, 105.799072265625, 31.42938995361328, 222.46194458007812, -68.83331298828125, 182.215087890625, 205.204833984375, -136.50526428222656, 442.5220947265625]
[18.642925262451172, -6.948469161987305, 66.30136108398438, 3.5197770595550537, 63.71329879760742, 98.61802673339844, -17.79800033569336, 201.92884826660156, -12.678223609924316, 185.450439453125, 135.51223754882812, -28.881895065307617, 340.59808349609375, -127.90938568115234, 384.67816162109375, 149.87908935546875]
[16.99774932861328, -2.8841655254364014, 71.36878204345703, -17.12993812561035, 110.81029510498047, 30.712509155273438, 64.24848937988281, 129.7571258544922, 4.115655422210693, 275.9424133300781, 6.075582981109619, 254.9497528076172, 98.81843566894531, 113.50943756103516, 331.988525390625, -183.75306701660156]
[15.157259941101074, -0.12292928993701935, 62.410614013671875, -8.524349212646484, 114.44046020507812, -25.048751831054688, 125.39751434326172, 67.59741973876953, 113.06169128417969, 123.52105712890625, 63.189720153808594, 226.570556640625, -26.016202926635742, 275.3483581542969, 88.3071517944336, 500.900146484375]
[13.669873237609863, 7.75445556640625, 58.843841552734375, -5.231266021728516, 119.18716430664062, -18.681241989135742, 165.1946258544922, -93.62879943847656, 257.79827880859375, 7.588230609893799, 172.57386779785156, -41.377655029296875, 176.26132202148438, 124.43380737304688, 165.2634735107422, 204.4653778076172]
[11.786213874816895, 14.889410018920898, 41.06666946411133, 21.181909561157227, 77.83975982666016, 12.700979232788086, 138.7579803466797, 34.029998779296875, 151.85133361816406, -13.398005485534668, 182.7976531982422, -97.54145812988281, 224.75547790527344, -111.83788299560547, 279.3369445800781, 113.12865447998047]
[10.0, 21.470613479614258, 25.716745376586914, 48.752044677734375, 37.79269027709961, 83.74852752685547, 46.92273712158203, 120.89524841308594, 65.0967025756836, 168.29966735839844, -3.6599364280700684, 176.18226623535156, 80.61835479736328, 620.218017578125, 20.207727432250977, 309.5431823730469]
[8.157915115356445, 28.30521011352539, 9.202075004577637, 78.50079345703125, 3.8363537788391113, 123.2930908203125, -45.69618225097656, 218.0083770751953, -60.08635330200195, 273.7140808105469, -79.84821319580078, 355.7366943359375, -33.531795501708984, 222.90243530273438, -44.48953628540039, 249.41754150390625]
[6.552212238311768, 33.951255798339844, -3.0371310710906982, 86.1380615234375, -16.29857635498047, 166.65179443359375, -14.269244194030762, 128.0222930908203, 63.19490051269531, 116.6747817993164, 135.9266815185547, 11.610980987548828, 564.3086547851562, -80.29914093017578, 234.4409942626953, -226.76077270507812]
[4.782182216644287, 38.84305191040039, -11.013278007507324, 98.38626098632812, -23.789827346801758, 117.88553619384766, 47.45294952392578, 63.39603805541992, 191.7481689453125, 29.459619522094727, 191.65353393554688, -9.678797721862793, 544.7647705078125, 65.6365966796875, 264.1605529785156, 343.42120361328125]
[2.9277660846710205, 43.42341613769531, -14.869258880615234, 93.96424865722656, 26.214086532592773, 48.52006149291992, 143.81494140625, -52.42975616455078, 208.114013671875, -45.703819274902344, 155.6906280517578, 174.6671142578125, 61.84320068359375, 407.03497314453125, -179.08157348632812, 366.4541320800781]
[1.924586534500122, 46.563011169433594, -7.7257609367370605, 67.00547790527344, 62.09505081176758, 0.854495108127594, 181.55096435546875, -0.540136456489563, 106.92365264892578, 137.27911376953125, -22.43552017211914, 276.7007751464844, 1.944229006767273, 136.78311157226562, 520.2713012695312, -1.1998960971832275]
[0.763122022151947, 45.77375793457031, -2.2188191413879395, 38.37068557739258, 99.4742202758789, -21.130502700805664, 114.47635650634766, 95.27992248535156, -3.6462883949279785, 287.16265869140625, 36.36265563964844, 94.78695678710938, 185.60592651367188, -127.13484954833984, 189.5870819091797, 408.54254150390625]
[-1.1980762481689453, 49.66184616088867, 15.722885131835938, 12.267838478088379, 131.35394287109375, 10.808405876159668, 55.512020111083984, 185.3723602294922, 4.9501214027404785, 123.02621459960938, 188.7536163330078, -2.8327488899230957, 186.455810546875, 186.29591369628906, -197.69024658203125, 740.4779052734375]
[-2.3144445419311523, 46.841732025146484, 28.80289649963379, -6.288651943206787, 114.8479995727539, 59.89935302734375, -28.962141036987305, 207.87368774414062, 91.84806823730469, 7.828209400177002, 225.0272979736328, 128.23878479003906, -7.891756057739258, 213.44198608398438, 161.77078247070312, -156.85252380371094]
[-2.5397884845733643, 41.62312316894531, 45.01572799682617, -16.470943450927734, 78.9144287109375, 112.67069244384766, -36.107242584228516, 81.93391418457031, 232.1788330078125, -29.7066593170166, 105.58609771728516, 279.23101806640625, 88.35514068603516, 21.77235984802246, 467.35211181640625, 158.76271057128906]
[-3.854015588760376, 36.03059005737305, 56.501033782958984, -13.447277069091797, 39.14548110961914, 158.55845642089844, 44.45515441894531, 15.931750297546387, 203.5566864013672, 187.3982391357422, -127.63961791992188, 125.32182312011719, 324.2749938964844, 48.86406326293945, -25.498987197875977, 456.3567199707031]
[-3.6734321117401123, 29.326025009155273, 69.81819152832031, 12.524293899536133, 3.4634101390838623, 127.5829086303711, 116.84838104248047, -24.001352310180664, 56.71158981323242, 443.3023376464844, 197.83364868164062, -172.5008087158203, 150.3464813232422, 430.3642883300781, 117.20097351074219, -71.00489044189453]
[-4.147397994995117, 22.17107391357422, 67.22860717773438, 34.56808090209961, -13.105878829956055, 73.37873077392578, 152.40480041503906, 59.33344650268555, 15.023329734802246, 232.3677215576172, 323.3502197265625, 189.66726684570312, -146.89419555664062, 173.76580810546875, 472.5448913574219, 76.82386016845703]
[-3.417003870010376, 15.49085521697998, 74.78296661376953, 60.65887451171875, -24.18994140625, 18.24315643310547, 138.7353057861328, 164.47227478027344, 36.434226989746094, 5.686850070953369, 168.26698303222656, 567.5562133789062, 88.44788360595703, -105.27271270751953, 133.53346252441406, 379.469970703125]
[-4.108406066894531, 7.280075550079346, 63.35261154174805, 78.44829559326172, 22.239809036254883, -23.287805557250977, 66.28044891357422, 210.17190551757812, 160.65660095214844, 28.54401206970215, 5.069438457489014, 197.82077026367188, 423.061767578125, 163.4343719482422, 35.829742431640625, 34.33621597290039]
[-3.454770565032959, 0.9123541712760925, 54.2775764465332, 102.57550811767578, 64.11568450927734, -10.95757007598877, 8.98204231262207, 107.78838348388672, 217.747314453125, 158.37599182128906, 61.75623321533203, -55.02046585083008, 133.5373077392578, 659.3802490234375, 252.9376678466797, 16.154403686523438]
[-2.8062798976898193, -4.587942123413086, 35.703636169433594, 97.3630142211914, 102.98468780517578, 32.86899948120117, -9.960532188415527, -10.262511253356934, 119.27101135253906, 234.99708557128906, 202.76470947265625, 67.30475616455078, -169.27218627929688, 127.9877700805664, 266.82794189453125, 241.75779724121094]
[-2.2876884937286377, -7.69404935836792, 20.259553909301758, 71.45962524414062, 123.13494110107422, 97.57831573486328, 21.499143600463867, -54.28669357299805, -8.504732131958008, 130.38633728027344, 240.51535034179688, 253.2838134765625, 143.88967895507812, -106.59040832519531, 31.459667205810547, 50.55150604248047]
[-1.146376609802246, -8.57257080078125, 8.329954147338867, 54.93730926513672, 106.57928466796875, 157.3355255126953, 113.7653579711914, 34.59482955932617, -23.426088333129883, 32.28094482421875, 75.16942596435547, 263.0323791503906, 350.8083801269531, 238.37254333496094, 166.41339111328125, 8.64819049835205]
[0.5809913277626038, -5.834076881408691, -2.195744752883911, 23.199827194213867, 76.94756317138672, 120.26553344726562, 153.1927490234375, 126.89771270751953, 81.26459503173828, 46.81273651123047, 36.76431655883789, -29.326797485351562, 110.40219116210938, 192.09361267089844, 856.0056762695312, 372.8118591308594]
[1.5214332342147827, -4.55987024307251, -15.918109893798828, -0.8852040767669678, 33.73971176147461, 83.97516632080078, 161.6034393310547, 173.77845764160156, 241.7217254638672, 134.41844177246094, 98.07310485839844, 32.56199264526367, -138.16680908203125, 82.24906158447266, -58.87420654296875, 113.76586151123047]
[3.249368906021118, -2.498704671859741, -16.375967025756836, -21.102432250976562, -2.483814001083374, 28.030059814453125, 155.56695556640625, 134.65281677246094, 160.9833984375, 205.54776000976562, 232.09986877441406, 183.84828186035156, 391.86883544921875, 130.24221801757812, 81.86666870117188, 6.370575904846191]
[4.674321174621582, 1.213368535041809, -11.351018905639648, -16.85089683532715, -20.70985221862793, -24.95853042602539, -18.78263282775879, 7.561776638031006, 73.47818756103516, 118.38261413574219, 200.20286560058594, 245.05038452148438, 489.5779724121094, 396.907958984375, 294.0220031738281, 736.1846923828125]
[6.3474860191345215, 7.364884853363037, 0.9479084610939026, -4.285386562347412, -25.74777603149414, -35.28432846069336, -71.69115447998047, 9.617586135864258, -74.30367279052734, 13.012916564941406, -20.13772201538086, 56.36123275756836, 51.82122039794922, 94.38135528564453, 134.5913543701172, 386.7779846191406]
[8.21175479888916, 13.868961334228516, 17.30259132385254, 18.655441284179688, 27.519975662231445, 30.882061004638672, 0.497175395488739, 11.85811996459961, -11.978798866271973, 39.955867767333984, -70.86418151855469, -99.94402313232422, -50.87917709350586, -68.39228820800781, -128.70513916015625, 41.68212890625]
[10.0, 21.494741439819336, 34.82826614379883, 49.05413055419922, 62.90322494506836, 85.78214263916016, 108.49861907958984, 122.32414245605469, 128.31800842285156, 185.969482421875, 215.20240783691406, 250.18019104003906, 198.55618286132812, 205.5161590576172, 251.0155029296875, 286.370849609375]
[11.811665534973145, 28.431875228881836, 47.89799118041992, 73.21033477783203, 89.3428726196289, 140.35861206054688, 139.5324249267578, 200.837646484375, 265.9111022949219, 191.70370483398438, 294.1479797363281, 260.3758850097656, 277.888671875, 294.2657165527344, 216.7745819091797, 223.6797332763672]
[13.69060230255127, 34.19587707519531, 57.46895980834961, 86.44449615478516, 128.1250457763672, 159.88258361816406, 165.80435180664062, 165.52786254882812, 304.7143859863281, 128.28099060058594, 83.87539672851562, 17.968395233154297, -0.038905128836631775, -54.147560119628906, 26.02511215209961, -108.51566314697266]
[15.245757102966309, 39.01380157470703, 73.31134033203125, 107.45643615722656, 113.58414459228516, 96.29874420166016, 88.72441864013672, 118.1744384765625, 10.811973571777344, -46.18577194213867, -75.83218383789062, -44.48067855834961, -30.79117202758789, 118.48928833007812, 164.8052520751953, 334.3095703125]
[16.625471115112305, 45.3922004699707, 68.96612548828125, 85.17511749267578, 76.1697769165039, 52.33881759643555, -7.196393966674805, -17.662734985351562, -123.25434112548828, 12.806350708007812, 59.45486068725586, 178.71986389160156, 300.6296691894531, 347.83233642578125, 430.9870300292969, 337.8832092285156]
[18.100915908813477, 45.5687370300293, 74.49663543701172, 67.10282135009766, 34.4029655456543, -6.302093505859375, -61.1895637512207, -38.63002395629883, 61.94462203979492, 182.80853271484375, 205.40245056152344, 218.9492645263672, 251.9707489013672, 135.99331665039062, -48.23944854736328, -39.91667938232422]
[20.089126586914062, 48.17586898803711, 64.04808044433594, 38.38059997558594, -14.706230163574219, -10.1321439743042, -6.495228290557861, 92.42588806152344, 145.46763610839844, 264.37347412109375, 379.8349304199219, 204.95767211914062, -86.86065673828125, -67.57817840576172, -24.18226432800293, 232.78439331054688]
[20.630088806152344, 46.23094940185547, 46.09696960449219, 17.186702728271484, -34.32516098022461, -15.444190979003906, 85.88074493408203, 202.60044860839844, 194.14450073242188, 117.69981384277344, -13.255558013916016, -157.73248291015625, 85.84229278564453, 408.48126220703125, 318.0730285644531, 396.7649841308594]
[21.878822326660156, 43.60959243774414, 31.095237731933594, -3.9602458477020264, -12.875110626220703, 59.89584732055664, 126.30450439453125, 169.6676788330078, 86.718017578125, -69.48821258544922, -20.64893913269043, 273.68212890625, 215.06182861328125, 642.6600341796875, 142.7933807373047, -43.89921951293945]
[23.1765079498291, 42.924224853515625, 15.762192726135254, -12.001480102539062, 24.06639289855957, 132.21441650390625, 159.59561157226562, 83.98780059814453, 12.752654075622559, -11.302454948425293, 196.5869903564453, 334.4371643066406, 202.8519287109375, 83.7022705078125, 38.4609260559082, 159.37171936035156]
[22.918964385986328, 35.46299362182617, 1.134049654006958, -13.438647270202637, 62.144283294677734, 151.0055694580078, 106.0103988647461, -49.71371841430664, -36.24028778076172, 190.14524841308594, 311.91766357421875, 129.66529846191406, -93.45242309570312, -10.800176620483398, 494.8202819824219, 487.21490478515625]
[23.568384170532227, 29.92140007019043, -13.464404106140137, 4.669217109680176, 111.86418914794922, 117.6919174194336, 34.72678756713867, -23.171554565429688, 117.89013671875, 413.1016845703125, 110.6064453125, -101.31190490722656, 98.04725646972656, 410.6487121582031, 505.52410888671875, -166.4362030029297]
[24.41048812866211, 22.057401657104492, -6.6695332527160645, 33.21376037597656, 103.13412475585938, 71.72064971923828, -18.641271591186523, 63.69441604614258, 247.81124877929688, 230.03746032714844, -76.00096130371094, 84.28218078613281, 355.3359069824219, 195.64358520507812, -160.00767517089844, 181.40464782714844]
[24.302310943603516, 15.145397186279297, -7.877395153045654, 58.08330154418945, 119.68460083007812, 24.176374435424805, -28.391691207885742, 157.64515686035156, 193.99490356445312, -15.280550956726074, 69.96217346191406, 264.97442626953125, 158.32786560058594, 6.235065937042236, 172.47894287109375, 806.5630493164062]
[23.946762084960938, 8.561083793640137, -3.124553918838501, 79.50990295410156, 75.32076263427734, -22.471240997314453, 74.52449798583984, 173.22915649414062, 24.945018768310547, -1.9423631429672241, 170.5763397216797, 150.14561462402344, -109.90518951416016, 166.23484802246094, 227.9324493408203, 26.33833885192871]
[23.87858772277832, 1.4976800680160522, 7.806227207183838, 94.81585693359375, 33.048919677734375, -29.598785400390625, 124.85372161865234, 117.04407501220703, 13.588891983032227, 186.6966552734375, 164.79617309570312, -129.9481964111328, 259.181396484375, 296.9915771484375, 9.3054838180542, 34.18075180053711]
[22.17793846130371, -0.6305606961250305, 24.436182022094727, 93.76360321044922, 7.658548355102539, 37.74213790893555, 185.30223083496094, 30.397459030151367, 36.52074432373047, 290.76580810546875, -15.183753967285156, 20.489511489868164, 709.2540283203125, 100.36815643310547, 65.24803161621094, 397.9271545410156]
[21.464773178100586, -8.595841407775879, 38.457279205322266, 82.68769073486328, -14.847073554992676, 88.94739532470703, 107.06675720214844, -58.213287353515625, 156.08889770507812, 133.06674194335938, -81.11995697021484, 293.4601135253906, 107.23208618164062, 66.98541259765625, 282.8145751953125, 68.15467071533203]
[20.82118034362793, -9.265985488891602, 51.490901947021484, 53.44044494628906, -1.4059635400772095, 134.83251953125, 33.38925552368164, 20.515453338623047, 250.01315307617188, 19.56340789794922, 157.82254028320312, 203.6344451904297, 0.4307310879230499, 396.23931884765625, 140.7401580810547, 43.13736343383789]
[19.322769165039062, -10.047667503356934, 65.7592544555664, 22.73857307434082, 23.130197525024414, 135.79539489746094, -6.666646957397461, 128.8834991455078, 99.42731475830078, 40.05079650878906, 231.43536376953125, -65.56380462646484, 177.80599975585938, 224.9414520263672, -29.609540939331055, 470.7044982910156]
[18.090240478515625, -4.8944621086120605, 68.72261810302734, 5.197239875793457, 61.269229888916016, 83.04618835449219, 17.17041778564453, 216.4633331298828, -7.081429481506348, 155.30560302734375, 123.29861450195312, -32.3489990234375, 401.1214294433594, -112.85848999023438, 230.68919372558594, 126.1181869506836]
[16.541099548339844, -2.2613797187805176, 66.20884704589844, -19.717241287231445, 93.64472961425781, 28.621248245239258, 64.445068359375, 116.6534194946289, 21.83745002746582, 234.76109313964844, 28.07158088684082, 290.0687255859375, 29.829036712646484, 108.85973358154297, 335.5813903808594, 76.24657440185547]
[15.027420043945312, 1.1662251949310303, 67.91604614257812, -22.71491813659668, 113.76287078857422, -17.92072296142578, 134.8094024658203, 32.47048568725586, 100.53975677490234, 122.67584991455078, 40.370941162109375, 303.1514587402344, 44.13756561279297, 279.37579345703125, 26.153207778930664, 351.3346252441406]
[13.662034034729004, 7.150606632232666, 57.28538131713867, -10.977227210998535, 125.16337585449219, -15.946307182312012, 201.76849365234375, -29.0827693939209, 216.1900634765625, -72.04996490478516, 261.561767578125, -2.7160098552703857, 219.88253784179688, 61.739070892333984, 159.0650177001953, 180.29251098632812]
[11.801920890808105, 14.798051834106445, 42.01436996459961, 22.660226821899414, 78.35747528076172, 29.25785255432129, 123.7272720336914, 3.372626543045044, 170.6721649169922, -14.959956169128418, 254.78053283691406, 63.4583625793457, 249.8137664794922, -36.37013626098633, 247.0763702392578, -180.1151123046875]
[10.0, 21.34492301940918, 25.594505310058594, 48.39461898803711, 35.0552864074707, 81.47013092041016, 46.505855560302734, 106.11836242675781, 61.99561309814453, 161.3880157470703, -5.145854949951172, 193.61062622070312, 17.499998092651367, 562.9530639648438, 102.7341079711914, 399.32965087890625]
[8.308813095092773, 28.644521713256836, 9.215142250061035, 76.65206909179688, -9.541245460510254, 123.1170883178711, -1.332707405090332, 198.84934997558594, -78.29907989501953, 253.888916015625, -39.8250846862793, 579.8739624023438, -9.739869117736816, 528.1015014648438, 117.52434539794922, 580.7816162109375]
[6.523131370544434, 34.227684020996094, -3.2182223796844482, 81.44287872314453, -18.259756088256836, 136.4616241455078, -30.1048583984375, 140.49673461914062, 32.63938522338867, 136.5064239501953, 132.00592041015625, 113.73564910888672, 328.3413391113281, -50.03468322753906, 702.5310668945312, 34.87654113769531]
[4.818968296051025, 38.988407135009766, -9.16039752960205, 103.5625991821289, -0.478478342294693, 100.27410125732422, 47.21934127807617, 59.30862045288086, 161.97731018066406, 25.129024505615234, 632.9736328125, -108.13627624511719, 296.5117492675781, 62.09054183959961, 278.8691101074219, 493.5411376953125]
[3.034153938293457, 44.15066909790039, -15.857754707336426, 90.53463745117188, 27.754589080810547, 48.38400650024414, 133.56678771972656, -29.814571380615234, 405.64892578125, -37.98561477661133, 276.373046875, 152.98095703125, -34.10498046875, 245.4217529296875, -136.82183837890625, 261.1486511230469]
[1.5739330053329468, 44.760986328125, -8.397677421569824, 65.65571594238281, 63.56757354736328, -1.7852838039398193, 185.36117553710938, 0.11784671247005463, 252.51580810546875, 188.3562774658203, -127.97451782226562, 209.7936248779297, -9.980121612548828, 134.29788208007812, 184.17813110351562, -209.6168212890625]
[0.048340387642383575, 47.5336799621582, 0.8046944737434387, 38.37771987915039, 101.593994140625, -8.92763614654541, 298.482177734375, 95.12257385253906, -33.867401123046875, 233.46310424804688, -27.723649978637695, 103.70306396484375, 201.82737731933594, -168.48501586914062, 295.6363220214844, 217.0653533935547]
[-0.48914459347724915, 48.22700881958008, 13.43373966217041, 7.364940166473389, 124.07295989990234, -2.360877275466919, 103.49324798583984, 144.312255859375, -7.067723751068115, 132.142333984375, 231.49659729003906, -26.300048828125, 263.3722229003906, 193.91172790527344, -32.9102897644043, 466.34130859375]
[-2.4882192611694336, 43.63523483276367, 29.029924392700195, -12.709508895874023, 108.75668334960938, 59.87611389160156, -34.87702941894531, 145.4053955078125, 92.77669525146484, 22.94872283935547, 246.81898498535156, 129.2309112548828, -103.57625579833984, 265.8740234375, 172.77938842773438, 64.16905975341797]
[-2.369004964828491, 40.750892639160156, 44.44332504272461, -7.9214935302734375, 74.09036254882812, 123.02685546875, -29.024330139160156, 158.40773010253906, 172.04335021972656, -0.367027223110199, 22.571849822998047, 358.210205078125, 115.5388412475586, -80.2730484008789, 317.98809814453125, 158.80706787109375]
[-3.128182888031006, 34.81494140625, 59.09420394897461, -10.61954116821289, 32.8140869140625, 142.53477478027344, 47.941062927246094, -29.221834182739258, 165.85848999023438, 152.0324249267578, -30.509933471679688, 140.53903198242188, 721.3028564453125, -7.575132846832275, 41.50162887573242, 338.86358642578125]
[-4.181396484375, 28.64788055419922, 72.08085632324219, 8.022089958190918, -2.407071352005005, 136.49551391601562, 138.62525939941406, -57.8574104309082, 50.83172607421875, 490.1871643066406, 109.77806854248047, 35.56724166870117, 159.38316345214844, 321.7131042480469, 10.685760498046875, 51.1533317565918]
[-4.030397415161133, 22.251075744628906, 74.91098022460938, 33.912078857421875, -19.630268096923828, 70.66828918457031, 176.47256469726562, 62.028926849365234, -91.67325592041016, 219.79847717285156, 324.6352233886719, 88.27456665039062, -105.0185546875, 187.24609375, 484.6167907714844, 91.51194763183594]
[-4.034864902496338, 15.044259071350098, 72.21177673339844, 63.24712371826172, -18.115720748901367, 17.814279556274414, 154.47970581054688, 171.0230712890625, 14.31057357788086, -99.95655822753906, 148.9794158935547, 333.4405517578125, 101.21736907958984, -35.63871383666992, 145.0793914794922, 348.2253723144531]
[-4.190219402313232, 7.929623126983643, 61.16661071777344, 81.76846313476562, 15.769072532653809, -29.900611877441406, 66.50713348388672, 177.3706512451172, 149.09085083007812, 35.423927307128906, 38.06334686279297, 186.64735412597656, 243.21099853515625, 184.0924072265625, 95.75448608398438, -71.62512969970703]
[-2.9111175537109375, 2.1335415840148926, 52.781620025634766, 100.96769714355469, 64.67927551269531, -15.924931526184082, -14.861662864685059, 104.52982330322266, 227.25811767578125, 161.80531311035156, -30.2274112701416, 48.579750061035156, 138.23092651367188, 231.31277465820312, 286.5787048339844, 125.1131362915039]
[-2.2188079357147217, -1.2728139162063599, 36.53815841674805, 102.60637664794922, 98.77909088134766, 44.44407653808594, -14.615312576293945, 4.565679550170898, 149.22459411621094, 233.80282592773438, 164.77542114257812, 61.50566482543945, 56.18464660644531, 104.09573364257812, 298.2442321777344, 922.0918579101562]
[-2.422653913497925, -7.320933818817139, 19.419076919555664, 72.27925872802734, 131.4376678466797, 92.06998443603516, 19.894149780273438, 12.38325023651123, 4.110832214355469, 115.14942169189453, 175.70660400390625, 328.8367004394531, 138.9881591796875, 33.123741149902344, -7.919270038604736, 191.92332458496094]
[-0.8661255240440369, -9.121891021728516, 6.616244316101074, 54.784332275390625, 122.75811767578125, 162.3331298828125, 213.77578735351562, 62.08296203613281, -77.10299682617188, -78.78492736816406, 158.53390502929688, 443.6148986816406, 516.6409301757812, 589.5462646484375, 347.8163757324219, 99.9872817993164]
[0.15699294209480286, -7.54146146774292, -2.7386066913604736, 25.200220108032227, 80.13384246826172, 135.26296997070312, 371.2834167480469, 271.80804443359375, 145.44114685058594, -38.86820983886719, -113.55167388916016, -51.57843780517578, 177.38690185546875, 479.019775390625, 573.1778564453125, 900.3079223632812]
[1.7711666822433472, -5.027252197265625, -14.080288887023926, 6.688244342803955, 33.27535629272461, 84.29903411865234, 161.6473388671875, 168.68162536621094, 217.7509002685547, 175.26467895507812, 93.32402038574219, -28.66962432861328, -153.22666931152344, -55.81180953979492, -57.49605178833008, 147.80079650878906]
[3.050305128097534, -3.0554192066192627, -7.62428092956543, -9.556053161621094, 8.580442428588867, 28.973194122314453, 78.04522705078125, 123.53189849853516, 166.39987182617188, 224.7915802001953, 239.2982940673828, 290.1324462890625, 180.9102020263672, 119.46171569824219, -2.874464988708496, 5.819813251495361]
[4.662114143371582, 3.48968243598938, -11.153053283691406, -5.959951400756836, -17.009990692138672, -0.22910341620445251, 7.979379653930664, 43.76642608642578, 73.21935272216797, 123.40813446044922, 145.604248046875, 271.4515380859375, 334.3081970214844, 257.7136535644531, 372.97784423828125, 346.7599182128906]
[6.5601935386657715, 7.5092997550964355, 7.804738998413086, 3.3439815044403076, -16.188589096069336, -7.766189098358154, -3.3865396976470947, -27.479936599731445, -20.973814010620117, -55.236907958984375, -55.73748779296875, 63.69990158081055, 78.84965515136719, 85.74360656738281, 123.53560638427734, 177.6285400390625]
[8.232515335083008, 14.237027168273926, 19.599794387817383, 21.96101188659668, 13.453307151794434, 16.845340728759766, 27.603816986083984, -15.650930404663086, 4.832000732421875, 30.86374282836914, -8.310507774353027, 38.34351348876953, 11.516827583312988, -99.37889862060547, 14.298023223876953, -198.98611450195312]
[10.0, 21.440256118774414, 34.85629653930664, 48.136924743652344, 66.00652313232422, 81.25486755371094, 106.2994155883789, 124.07638549804688, 138.564453125, 131.12969970703125, 170.66571044921875, 254.5202178955078, 244.19998168945312, 331.42486572265625, 275.40667724609375, 350.22503662109375]
[11.78925895690918, 29.205263137817383, 47.351966857910156, 74.56887817382812, 109.70853424072266, 125.10181427001953, 147.69094848632812, 204.96502685546875, 244.96929931640625, 304.6751403808594, 306.17755126953125, 335.04632568359375, 356.48602294921875, 210.8627471923828, 261.1618957519531, 179.3316650390625]
[13.408092498779297, 33.95744705200195, 66.32011413574219, 88.66222381591797, 119.83531951904297, 127.46981048583984, 150.50253295898438, 150.77630615234375, 161.3484344482422, 121.92240905761719, 92.0133285522461, 62.771854400634766, 37.375125885009766, -94.04985046386719, 52.755245208740234, -219.34548950195312]
[15.002874374389648, 41.50011444091797, 75.42726135253906, 97.15422058105469, 108.48089599609375, 115.05147552490234, 84.63887023925781, 55.152732849121094, 39.273963928222656, -66.95574188232422, 10.972933769226074, -6.164438247680664, -80.17308807373047, 33.366851806640625, 169.84010314941406, 194.87551879882812]
[16.556591033935547, 46.22978973388672, 72.27872467041016, 85.67057800292969, 79.73479461669922, 52.25168991088867, 24.873125076293945, -30.303363800048828, -81.30172729492188, -52.85343551635742, 84.51698303222656, 145.865966796875, 354.5081787109375, 241.99850463867188, 336.5018615722656, 349.7635498046875]
[18.22064781188965, 47.42930221557617, 64.50030517578125, 69.9097900390625, 34.93153762817383, -4.866004467010498, -4.199090003967285, -42.829795837402344, 63.49184799194336, 185.86404418945312, 310.6300048828125, 218.86936950683594, 286.42303466796875, 134.5658721923828, 70.32849884033203, -235.92950439453125]
[19.51255989074707, 45.513851165771484, 61.05669403076172, 38.4746208190918, 4.408820629119873, -17.196744918823242, 8.999818801879883, 87.24971008300781, 209.74813842773438, 270.93084716796875, 193.79367065429688, 104.05374145507812, -83.0726089477539, -149.56065368652344, 121.69058227539062, 236.59201049804688]
[21.184843063354492, 45.37900924682617, 47.14174270629883, 14.650213241577148, -10.726465225219727, 18.60068702697754, 87.05094146728516, 159.7536163330078, 177.29220581054688, 133.65487670898438, 17.198406219482422, -42.265899658203125, 72.81695556640625, 212.2085418701172, 393.6599426269531, 731.9112548828125]
[22.104787826538086, 44.30980682373047, 31.006973266601562, -16.7887020111084, -4.087599277496338, 59.909690856933594, 136.28334045410156, 184.2100830078125, 87.07728576660156, -58.77189254760742, -87.27409362792969, 127.5824203491211, 294.04254150390625, 242.98025512695312, 244.03062438964844, -5.848331451416016]
[22.213680267333984, 40.47072982788086, 17.194795608520508, -8.10490608215332, 27.105159759521484, 120.19284057617188, 164.53404235839844, 82.1434555053711, -4.436537742614746, -42.651763916015625, 155.78439331054688, 368.94671630859375, 245.98391723632812, 64.09439086914062, -95.98971557617188, 291.3880310058594]
[24.106250762939453, 34.302330017089844, 5.12886381149292, -0.8933794498443604, 64.75665283203125, 141.80328369140625, 109.6360855102539, -16.41592788696289, -25.37578582763672, 136.25697326660156, 273.1401672363281, 139.30250549316406, -88.39479064941406, 98.8653793334961, 613.7635498046875, 525.3980712890625]
[23.830698013305664, 28.635128021240234, -9.969437599182129, 6.341950416564941, 97.03500366210938, 132.50033569335938, 14.937605857849121, -18.403827667236328, 126.77208709716797, 207.34844970703125, 110.34485626220703, -31.37127685546875, 172.44239807128906, 787.0023193359375, 292.83209228515625, 109.8633041381836]
[23.90943145751953, 21.954219818115234, -14.562433242797852, 33.185367584228516, 113.83103942871094, 71.69564056396484, -18.07357406616211, 57.48162841796875, 176.41392517089844, 123.73863983154297, -87.7480239868164, 179.81448364257812, 650.4953002929688, 154.235107421875, -154.7661590576172, 75.82988739013672]
[24.557952880859375, 15.180170059204102, -12.08050537109375, 62.633644104003906, 114.73023986816406, 17.661317825317383, -25.297672271728516, 196.4077606201172, 144.3662567138672, 3.223442316055298, 52.23192596435547, 635.4783325195312, 336.7110900878906, -140.63345336914062, 169.0525665283203, 506.07183837890625]
[24.149320602416992, 8.431431770324707, -7.373968124389648, 79.86793518066406, 76.51359558105469, -6.947622299194336, 75.58540344238281, 228.18228149414062, 32.474159240722656, 16.972482681274414, 502.3322448730469, 336.4454040527344, -6.487358093261719, 180.31507873535156, 417.15386962890625, 2.3142688274383545]
[23.320158004760742, 1.304283618927002, 11.498638153076172, 93.51280975341797, 38.933414459228516, 8.211172103881836, 156.31085205078125, 118.3001708984375, -48.31097412109375, 153.08770751953125, 478.0930480957031, -15.538887023925781, 121.63525390625, 237.5357666015625, 90.9549789428711, 78.47075653076172]
[22.31886863708496, -3.65472674369812, 23.756595611572266, 88.2087173461914, 8.773245811462402, 35.26555252075195, 199.68287658691406, 34.32478713989258, 53.77857208251953, 190.80545043945312, -6.5245795249938965, 80.5470199584961, 292.68896484375, -18.333520889282227, 62.995357513427734, 308.8146057128906]
[22.064313888549805, -5.003823280334473, 39.74972915649414, 80.90218353271484, -19.881221771240234, 88.92671203613281, 119.22460174560547, -41.70863342285156, 189.32875061035156, 247.98744201660156, 1.7395997047424316, 262.0980224609375, 107.27017211914062, 17.33333969116211, 265.9748229980469, 17.795671463012695]
[20.68781089782715, -5.610750198364258, 54.54176712036133, 50.55982208251953, -5.111579895019531, 162.15673828125, 30.350770950317383, 39.583763122558594, 163.86074829101562, 11.257655143737793, 158.99456787109375, 255.8868408203125, -141.9258270263672, 227.0681915283203, 129.76058959960938, -13.110698699951172]
[19.269329071044922, -8.841846466064453, 69.97171020507812, 23.86281394958496, 14.063443183898926, 153.22335815429688, -25.181781768798828, 125.70254516601562, 186.59271240234375, 26.756027221679688, 197.007080078125, -3.8178036212921143, 152.78298950195312, 205.99044799804688, -124.72721862792969, 318.22857666015625]
[17.95562171936035, -5.83452033996582, 72.6511001586914, 7.541808605194092, 64.96253204345703, 82.68816375732422, -23.45551300048828, 181.3979949951172, -39.682472229003906, 191.11077880859375, 120.38575744628906, 28.588165283203125, 351.15496826171875, 11.931575775146484, 302.19134521484375, 150.05426025390625]
[16.513534545898438, -3.797785758972168, 74.38290405273438, -21.673110961914062, 113.6633071899414, 31.715858459472656, 61.23933792114258, 121.0927963256836, 16.667869567871094, 295.5271301269531, -21.567758560180664, 214.0312042236328, 93.37816619873047, 121.63610076904297, 191.64129638671875, -79.02529907226562]
[15.178167343139648, 1.7516676187515259, 71.15213775634766, -22.632286071777344, 131.31585693359375, -28.949295043945312, 128.60821533203125, 18.3756160736084, 114.67655944824219, 115.33515930175781, 51.27110290527344, 191.6012420654297, -62.13374710083008, 242.14402770996094, 47.601375579833984, 747.452880859375]
[13.378907203674316, 6.907599449157715, 54.45048141479492, -0.7933551669120789, 104.3095474243164, -14.147329330444336, 171.5818328857422, -40.66280746459961, 165.54908752441406, 35.290836334228516, 177.5098876953125, -21.782014846801758, 163.13644409179688, 112.02313995361328, 171.5092315673828, 362.7906188964844]
[11.783587455749512, 13.92679500579834, 43.25248336791992, 18.965299606323242, 78.50926971435547, 23.09494400024414, 128.1182098388672, 23.751188278198242, 201.00112915039062, 12.543195724487305, 227.5854034423828, 0.017517637461423874, 187.27769470214844, -42.62301254272461, 842.2813720703125, -39.22647476196289]
[10.0, 21.485652923583984, 25.78238296508789, 47.14780807495117, 36.29570388793945, 80.77106475830078, 46.57440185546875, 226.54898071289062, 56.7201042175293, 138.47947692871094, 12.406981468200684, 211.6039276123047, 33.43022537231445, 235.29872131347656, -74.55089569091797, 191.4808807373047]
[8.260978698730469, 28.619178771972656, 13.2896146774292, 81.11123657226562, -5.390890598297119, 125.93492126464844, -14.225242614746094, 210.18994140625, 3.6592981815338135, 282.0985412597656, -97.69922637939453, 242.81295776367188, 73.6628646850586, 497.9044189453125, 19.822357177734375, 303.6835632324219]
[6.554773330688477, 35.87727355957031, 0.2886675000190735, 97.08607482910156, -29.960872650146484, 124.41316223144531, -22.597347259521484, 145.7872772216797, 12.403838157653809, 114.08956909179688, 121.47838592529297, 17.145389556884766, 294.30328369140625, -12.647860527038574, 273.7298278808594, -232.25245666503906]
[4.889882564544678, 40.24828338623047, -9.676332473754883, 106.9385986328125, 2.5649685859680176, 114.9474105834961, 106.7706298828125, 64.27497863769531, 176.54112243652344, -7.184066295623779, 253.49835205078125, 6.42575740814209, 251.92578125, 175.19964599609375, 128.92185974121094, 312.3972473144531]
[2.8839306831359863, 46.84163284301758, -11.830195426940918, 94.12454986572266, 26.502784729003906, 51.58422088623047, 253.1556396484375, -44.38468551635742, 186.07431030273438, -28.578596115112305, 147.1523895263672, 191.79429626464844, -50.14645004272461, 462.85198974609375, -50.44279861450195, 250.76560974121094]
[1.5251712799072266, 44.99193572998047, -12.967891693115234, 69.57279968261719, 65.69923400878906, -3.087125539779663, 178.77517700195312, -24.288246154785156, 107.97357940673828, 135.67953491210938, 42.44211959838867, 364.957763671875, 65.76405334472656, 137.72222900390625, 233.748291015625, -37.65763854980469]
[-0.10867540538311005, 47.876243591308594, -2.259216547012329, 38.79291534423828, 100.6685791015625, -12.876626014709473, 117.18638610839844, 92.84992980957031, -17.857341766357422, 183.35964965820312, 13.382378578186035, 75.80735778808594, 609.5238037109375, -108.49168395996094, 303.2865295410156, 230.6946563720703]
[-0.4630650281906128, 45.56324005126953, 13.52942943572998, 14.706475257873535, 125.10578918457031, 14.619158744812012, 52.506744384765625, 167.69859313964844, -7.812087535858154, 130.9205322265625, 175.85995483398438, -19.825942993164062, 457.2427673339844, 177.2686004638672, 72.1734848022461, 334.4762878417969]
[-1.369564414024353, 43.3741455078125, 29.065649032592773, -7.50166130065918, 109.51602172851562, 59.88789367675781, -29.964563369750977, 166.36428833007812, 93.36683654785156, 33.733760833740234, 287.9925537109375, 238.48187255859375, -8.5424222946167, 401.6722412109375, 162.77593994140625, 21.57138442993164]
[-3.108492374420166, 42.04808807373047, 43.921470642089844, -14.766462326049805, 81.64694213867188, 128.2447509765625, 1.5472813844680786, 82.96955108642578, 158.2602081298828, -32.94376754760742, 46.07542419433594, 669.4343872070312, 41.206382751464844, -0.5362697839736938, 462.9647521972656, 159.42581176757812]
[-4.0139384269714355, 34.598079681396484, 61.72214889526367, -2.291862726211548, 34.320682525634766, 141.95326232910156, 44.533267974853516, -13.109713554382324, 177.0780029296875, 176.28451538085938, -29.460453033447266, 126.01069641113281, 350.41534423828125, 3.5047624111175537, 108.78646850585938, 302.2237854003906]
[-4.263970851898193, 29.054349899291992, 71.36750793457031, 12.385115623474121, -5.3702569007873535, 112.09048461914062, 109.13227844238281, -40.73623275756836, 40.25929641723633, 283.747314453125, 230.81072998046875, -80.88706970214844, 154.53131103515625, 303.926025390625, 53.454856872558594, -61.220645904541016]
[-3.48988676071167, 22.351545333862305, 77.24822235107422, 35.164554595947266, -19.96774673461914, 71.85762023925781, 135.1325225830078, 69.27550506591797, -67.10611724853516, 115.87066650390625, 601.77587890625, 66.35823822021484, -120.41232299804688, 157.9552001953125, 222.47897338867188, 257.6767578125]
[-4.352529048919678, 15.380208015441895, 71.05728149414062, 61.69675827026367, -20.10376739501953, 2.578022003173828, 160.85882568359375, 157.42796325683594, -7.849252223968506, -79.07205963134766, 347.0968933105469, 261.3716125488281, 107.73400115966797, 7.067089557647705, 124.81380462646484, 913.8035888671875]
[-3.262956142425537, 7.495595932006836, 60.62289047241211, 92.81319427490234, 18.74503517150879, -39.51949691772461, 65.85586547851562, 186.39808654785156, 168.1156463623047, -42.148963928222656, 30.882009506225586, 153.30242919921875, 404.71612548828125, 151.70855712890625, 3.163684606552124, -15.942339897155762]
[-3.1050877571105957, 0.959039568901062, 54.13426971435547, 98.8787612915039, 66.5024642944336, 2.7538864612579346, 1.0864495038986206, 117.58916473388672, 186.87216186523438, 150.9422607421875, -52.041893005371094, -124.23707580566406, 134.72174072265625, 269.06463623046875, 609.5216064453125, 122.91165924072266]
[-3.334949493408203, -0.7265633344650269, 35.857749938964844, 95.9313735961914, 106.63774871826172, 34.6771125793457, -8.405065536499023, 22.745845794677734, 134.57716369628906, 184.74200439453125, 179.7784881591797, 49.149269104003906, -166.44190979003906, -11.952371597290039, 579.65576171875, 499.7654724121094]
[-2.490922212600708, -6.121339797973633, 20.172266006469727, 72.66792297363281, 127.8525161743164, 108.66475677490234, 20.330982208251953, -14.843807220458984, -14.612255096435547, 239.31939697265625, 296.652099609375, 192.07203674316406, 155.70635986328125, -9.862735748291016, 14.822477340698242, 30.139305114746094]
[-0.5190457701683044, -7.253530502319336, 4.9193034172058105, 54.31928634643555, 126.4585189819336, 161.49050903320312, 111.53164672851562, 30.24899673461914, -61.748626708984375, -2.716719388961792, 78.39791870117188, 221.8654327392578, 378.6519470214844, 568.1080932617188, 163.28419494628906, -64.4073486328125]
[0.1513429433107376, -6.01310396194458, -2.6229913234710693, 25.5014591217041, 78.83747100830078, 157.53355407714844, 188.028076171875, 146.1471710205078, 75.0086441040039, -27.02231216430664, 31.95008659362793, -38.83561706542969, 65.39205169677734, 482.61077880859375, 475.9225158691406, 510.142333984375]
[1.3979992866516113, -9.047450065612793, -10.615357398986816, 2.4356820583343506, 34.03410339355469, 94.88746643066406, 163.37432861328125, 210.3864288330078, 211.8743896484375, 142.6758270263672, 81.21432495117188, -6.16461181640625, -109.17073822021484, -130.4199676513672, 25.502737045288086, 136.74009704589844]
[2.8498685359954834, -1.4289852380752563, -5.849888801574707, -6.1461100578308105, -7.6650800704956055, 21.112442016601562, 79.3309555053711, 127.84790802001953, 348.5744934082031, 183.906982421875, 318.6138610839844, 277.02154541015625, 156.7716827392578, 128.4984130859375, 47.13421630859375, -123.33218383789062]
[4.801989555358887, 0.2799612581729889, -1.5968176126480103, -21.10121726989746, -7.217281818389893, -3.4817676544189453, 20.494768142700195, 8.098316192626953, 136.90440368652344, 120.80594635009766, 166.74761962890625, 265.46636962890625, 215.79885864257812, 287.06744384765625, 254.11627197265625, 231.62672424316406]
[6.347142696380615, 8.224747657775879, 5.839636325836182, -3.370471954345703, 0.6733982563018799, -11.663676261901855, -9.23956298828125, -57.471595764160156, -117.29633331298828, -62.305728912353516, 11.576281547546387, -42.49290084838867, 49.49885940551758, 73.1682357788086, 133.41578674316406, 199.7136993408203]
[8.181203842163086, 14.852558135986328, 18.288238525390625, 20.434873580932617, 20.304548263549805, 8.739309310913086, 28.624889373779297, -7.57657527923584, 5.275996685028076, -48.82207489013672, -5.5147576332092285, 21.01045036315918, -8.831868171691895, -50.1733283996582, -20.72797966003418, -178.24554443359375]
[10.0, 21.541336059570312, 34.26937484741211, 49.661563873291016, 62.305973052978516, 82.29679107666016, 105.46389770507812, 133.59365844726562, 158.8065643310547, 164.5077667236328, 163.2334442138672, 240.0016632080078, 567.5453491210938, 289.2236633300781, 215.16822814941406, 425.4807434082031]
[11.843846321105957, 28.311220169067383, 50.0059928894043, 69.39905548095703, 94.89734649658203, 116.88887023925781, 188.61976623535156, 227.8746795654297, 172.46128845214844, 289.89703369140625, 313.0888977050781, 198.5399932861328, 615.5899047851562, 251.52163696289062, 305.79010009765625, 228.54669189453125]
[13.688633918762207, 34.533897399902344, 61.12331008911133, 81.64547729492188, 128.8893280029297, 121.18917846679688, 162.24569702148438, 152.24937438964844, 140.16421508789062, 125.3996353149414, 88.90296936035156, 105.94988250732422, -34.74772644042969, 15.121624946594238, 89.48009490966797, -154.8162841796875]
[15.345877647399902, 40.41297912597656, 64.1325912475586, 106.95663452148438, 116.8915023803711, 119.70650482177734, 85.0713882446289, 45.11946105957031, 8.075575828552246, -0.3644833266735077, -102.14424133300781, -74.11383819580078, 10.09439468383789, 54.95722198486328, 157.53953552246094, 492.989013671875]
[16.63323974609375, 42.420719146728516, 68.9450912475586, 79.72682189941406, 82.13993835449219, 47.43934631347656, -10.279093742370605, -81.0951919555664, -15.912904739379883, 9.351485252380371, 64.53125, 337.8189392089844, 330.472900390625, 463.2378234863281, 431.63720703125, 588.5891723632812]
[18.71328353881836, 48.397769927978516, 63.64410400390625, 69.29979705810547, 37.486595153808594, 2.691155195236206, -15.634771347045898, 1.046952247619629, 70.3365249633789, 155.0548553466797, 260.3981628417969, 238.05410766601562, 259.886474609375, 135.08189392089844, 64.3567886352539, -104.52494812011719]
[19.362205505371094, 50.85124206542969, 59.19776916503906, 38.66096878051758, 0.5355431437492371, -49.68077087402344, 6.014858722686768, 179.32650756835938, 221.60887145996094, 265.70269775390625, 225.14736938476562, 91.68360137939453, -109.5905990600586, -105.8489990234375, 0.08958272635936737, 194.83023071289062]
[20.98713493347168, 50.20667266845703, 45.700069427490234, 6.626568794250488, -22.71617889404297, 13.029448509216309, 89.55301666259766, 193.19583129882812, 252.92022705078125, 129.70501708984375, -54.299346923828125, -22.305273056030273, 2.0199995040893555, 169.74964904785156, 792.9750366210938, 306.22967529296875]
[21.828067779541016, 44.2585334777832, 31.133819580078125, -10.192161560058594, -26.097375869750977, 59.893978118896484, 153.3040313720703, 138.38705444335938, 87.44717407226562, 20.36516761779785, -5.120086193084717, 124.46492767333984, 191.6052703857422, 201.33120727539062, 243.2212677001953, -171.9080810546875]
[23.13790512084961, 38.79386901855469, 16.245906829833984, -14.956414222717285, 15.967230796813965, 125.97956085205078, 139.1534881591797, 83.89537811279297, -9.701050758361816, -8.446745872497559, 284.1164855957031, 261.5672912597656, 209.9056396484375, -52.97602081298828, 79.6875991821289, 158.58750915527344]
[23.450674057006836, 35.85550308227539, 5.591350078582764, -2.0003323554992676, 67.12506866455078, 126.26214599609375, 105.27185821533203, -26.211193084716797, 25.647401809692383, 154.62705993652344, 484.4087219238281, 135.8807373046875, -141.802001953125, -8.235793113708496, 357.050537109375, 283.0531005859375]
[23.788410186767578, 29.708887100219727, -3.720231533050537, 9.401922225952148, 105.44860076904297, 114.35145568847656, 19.75899314880371, -39.55494689941406, 118.3636703491211, 252.6854248046875, 110.21075439453125, -128.1306915283203, 88.2699203491211, 772.1256713867188, 316.2090148925781, 96.65744018554688]
[24.24020004272461, 22.056596755981445, -9.536657333374023, 33.356964111328125, 121.08295440673828, 69.38121795654297, -58.18639373779297, 57.15825653076172, 252.8517608642578, 133.492919921875, -53.39496612548828, 103.98159790039062, 199.98731994628906, 405.1654052734375, 14.377555847167969, 92.51079559326172]
[23.70777130126953, 15.442211151123047, -11.624180793762207, 64.00297546386719, 96.19039154052734, -1.228385329246521, 13.666366577148438, 167.20045471191406, 161.4593505859375, 28.446147918701172, 22.154075622558594, 292.9068603515625, 144.19480895996094, 60.97005844116211, 173.7984161376953, 373.1136474609375]
[24.339433670043945, 8.116301536560059, -0.5397918820381165, 91.40280151367188, 84.46452331542969, -22.13447380065918, 150.6003875732422, 165.21771240234375, 29.544395446777344, 41.79811477661133, 195.5791778564453, 147.86553955078125, 30.66929054260254, 181.58877563476562, 466.4947814941406, 54.93359375]
[23.07045555114746, 1.0849668979644775, 9.261571884155273, 93.62815856933594, 38.281578063964844, -17.72665023803711, 161.47950744628906, 101.6517562866211, -37.9597282409668, 163.46319580078125, 188.28326416015625, 22.26601219177246, 123.98648071289062, 400.3814697265625, 22.97180938720703, 87.14929962158203]
[23.21962547302246, -2.3842763900756836, 23.767000198364258, 93.76622009277344, -1.2958964109420776, 33.05036544799805, 144.1529998779297, -7.886842250823975, 59.138916015625, 200.13946533203125, -6.050473690032959, 36.43953323364258, 235.47784423828125, -16.931419372558594, 0.06552930921316147, 276.1523742675781]
[21.708805084228516, -8.036709785461426, 39.40375518798828, 80.00255584716797, -12.781950950622559, 103.0705337524414, 124.66957092285156, -9.334744453430176, 172.5247802734375, 224.66940307617188, -26.492448806762695, 341.7798156738281, 108.28893280029297, -103.89701843261719, 262.1695556640625, 153.322509765625]
[21.065719604492188, -8.823095321655273, 52.882144927978516, 51.62089157104492, -3.5101230144500732, 164.79617309570312, 37.4072265625, 19.103057861328125, 237.39202880859375, -21.69366455078125, 133.4518280029297, 227.9637451171875, -2.322256326675415, 335.3869934082031, 135.48202514648438, 86.04511260986328]
[19.85140609741211, -7.461786270141602, 67.62672424316406, 24.464387893676758, 16.310495376586914, 119.93850708007812, -49.69136428833008, 148.7215118408203, 98.57970428466797, 14.65334415435791, 201.25363159179688, -53.461143493652344, 345.346435546875, 235.69400024414062, 64.17130279541016, 872.568603515625]
[18.209983825683594, -6.407293796539307, 73.65670013427734, -1.8339852094650269, 61.50010299682617, 84.63617706298828, 6.966434001922607, 152.98252868652344, -59.041500091552734, 183.38157653808594, 126.84492492675781, 56.06208038330078, 598.6378784179688, -122.16448211669922, 342.83929443359375, 115.02242279052734]
[17.002832412719727, -2.73474383354187, 65.83613586425781, -17.874513626098633, 92.46463775634766, 33.72280502319336, 60.749488830566406, 120.36324310302734, 22.517454147338867, 296.9884338378906, 19.59005355834961, 209.16317749023438, 85.43611907958984, 106.86289978027344, 191.7162628173828, -175.5668182373047]
[15.289566040039062, 0.37774458527565, 71.05952453613281, -24.377582550048828, 119.22731018066406, -32.79426956176758, 151.24867248535156, 22.655534744262695, 114.71713256835938, 123.75086975097656, 67.18450164794922, 457.5882263183594, -5.761877536773682, 259.2906799316406, -202.17832946777344, 309.0014343261719]
[13.670489311218262, 7.078074932098389, 57.03895950317383, -10.054903984069824, 118.18693542480469, -15.410276412963867, 186.42807006835938, -25.386394500732422, 470.109619140625, 35.13209533691406, 290.3874816894531, 29.69980812072754, 178.31092834472656, 78.9258804321289, 351.608642578125, 207.4286651611328]
[11.84138298034668, 14.829913139343262, 40.73387145996094, 18.378421783447266, 75.21289825439453, 15.862600326538086, 133.28514099121094, 13.459314346313477, 328.65069580078125, 47.630706787109375, 266.4786071777344, 22.15837287902832, 378.788330078125, -94.55070495605469, 630.1612548828125, -56.78315353393555]
[10.0, 21.345369338989258, 26.196264266967773, 49.551658630371094, 32.9821662902832, 78.35143280029297, 46.501426696777344, 133.5999298095703, 92.80658721923828, 184.12867736816406, -5.570314884185791, 168.14439392089844, -29.79766082763672, 261.3255920410156, -56.56083297729492, 401.760498046875]
[8.19305419921875, 27.8554630279541, 9.511984825134277, 68.10469818115234, 5.885570526123047, 134.9929962158203, -30.847747802734375, 222.00013732910156, 15.369891166687012, 174.85935974121094, -84.92949676513672, 215.424072265625, -73.59966278076172, 352.9971923828125, 99.79341888427734, 258.55078125]
[6.646888256072998, 34.09140396118164, -0.9245718717575073, 81.9606704711914, -10.86217212677002, 160.9403533935547, -5.083555221557617, 131.20703125, 21.729473114013672, 136.79246520996094, 118.82337188720703, 41.181060791015625, 234.05599975585938, -13.399150848388672, 465.2703857421875, -77.85670471191406]
[4.575046062469482, 40.83094787597656, -15.721017837524414, 89.36776733398438, -18.231426239013672, 95.47562408447266, 55.66690444946289, 48.371826171875, 155.28399658203125, -31.94527816772461, 339.3840637207031, 50.44526290893555, 178.6369171142578, 132.4436492919922, 129.08786010742188, 258.9073486328125]
[2.8604636192321777, 46.27279281616211, -15.994795799255371, 95.25920867919922, 13.67688274383545, 50.222408294677734, 121.0108871459961, -34.31373977661133, 197.8919677734375, -6.250948429107666, 168.2816162109375, 183.76063537597656, -65.89508819580078, 715.197509765625, -71.23561096191406, 295.5228576660156]
[2.090089797973633, 48.06178283691406, -12.838168144226074, 66.62136840820312, 61.31904983520508, -3.445122480392456, 169.31805419921875, 20.493783950805664, 123.36273956298828, 158.88014221191406, -86.7444076538086, 229.0242462158203, 63.61154556274414, 138.238037109375, 262.200927734375, -132.6964874267578]
[-0.04022115468978882, 46.92177200317383, 4.089654445648193, 38.87970733642578, 93.30669403076172, -3.739865303039551, 123.55470275878906, 87.88441467285156, 29.362085342407227, 216.16285705566406, 32.191314697265625, 86.9494400024414, 258.5859375, -31.49808692932129, 277.46820068359375, 237.76797485351562]
[-0.5498920679092407, 46.57933807373047, 11.001422882080078, 12.606246948242188, 103.90376281738281, -10.731982231140137, 57.377384185791016, 149.7863006591797, -64.42649841308594, 113.68730926513672, 525.041748046875, 6.5880255699157715, 198.4337921142578, 248.83816528320312, -80.65792846679688, 714.1410522460938]
[-1.8231756687164307, 43.998050689697266, 28.90752601623535, -16.41962432861328, 126.47909545898438, 59.91928482055664, -18.932796478271484, 145.66334533691406, 93.4918212890625, 14.636670112609863, 270.073974609375, 124.6942367553711, 23.070878982543945, 233.3894500732422, 153.98648071289062, -242.6613311767578]
[-2.292330265045166, 40.50310134887695, 42.611515045166016, -10.8753662109375, 76.4364242553711, 130.28492736816406, 3.1324596405029297, 81.98368072509766, 200.5677947998047, -9.467902183532715, 73.89505767822266, 230.59683227539062, 89.81964874267578, 25.164466857910156, 242.61822509765625, 311.0785827636719]
[-2.925105333328247, 34.13778305053711, 58.08954620361328, -10.861839294433594, 38.10824966430664, 145.37704467773438, 44.28731918334961, -65.6589126586914, 159.85264587402344, 154.6406707763672, -61.80006408691406, 131.92233276367188, 259.9323425292969, -45.332984924316406, 93.16600799560547, 486.40960693359375]
[-4.037740230560303, 28.765291213989258, 66.90587615966797, 6.770216464996338, 1.9863656759262085, 109.00597381591797, 129.52911376953125, -65.02848815917969, 41.9908561706543, 178.7261199951172, 109.70987701416016, -102.3524169921875, 180.9635772705078, 246.83734130859375, -20.885719299316406, 68.88213348388672]
[-4.696393966674805, 21.974851608276367, 78.12116241455078, 34.010093688964844, -11.772360801696777, 73.50437927246094, 142.72303771972656, 111.86177825927734, 5.041409969329834, 130.48146057128906, 255.01708984375, 96.88160705566406, -116.40036010742188, 198.49916076660156, 204.4406280517578, 122.79374694824219]
[-3.8782644271850586, 14.85544204711914, 66.18401336669922, 58.66495895385742, -14.411300659179688, 15.840229988098145, 137.7906036376953, 150.17044067382812, 0.755031406879425, -16.23821258544922, 189.266357421875, 301.51220703125, 198.6729736328125, -142.691162109375, 278.13616943359375, 361.82745361328125]
[-3.4190444946289062, 9.31690502166748, 62.532264709472656, 86.97909545898438, 17.813539505004883, -36.69346618652344, 65.4552230834961, 167.75430297851562, 155.3418426513672, -11.942400932312012, -69.95075225830078, 178.33200073242188, 474.2076110839844, 164.10597229003906, -154.11328125, 76.81011962890625]
[-3.4918887615203857, 2.992220401763916, 52.03483963012695, 104.18131256103516, 63.72087478637695, -25.234981536865234, 12.335368156433105, 118.49014282226562, 243.8265838623047, 172.34732055664062, 36.22381591796875, -69.08295440673828, 136.07440185546875, 356.5803527832031, 440.5308532714844, 16.899188995361328]
[-2.7850215435028076, -4.0054779052734375, 37.31037902832031, 94.49665832519531, 113.86583709716797, 37.14845657348633, -59.150882720947266, 24.230358123779297, 149.69415283203125, 227.92111206054688, 180.6774139404297, 55.72125244140625, -95.73561096191406, 10.33089828491211, 273.413818359375, 283.65625]
[-1.7612348794937134, -8.096824645996094, 19.387619018554688, 78.27384948730469, 128.07534790039062, 99.95045471191406, 33.273616790771484, -64.88191223144531, -38.80131912231445, 260.34130859375, 190.1488494873047, 584.8212890625, 157.4904327392578, 87.6810073852539, 65.99286651611328, 29.089895248413086]
[-1.3100947141647339, -6.734177589416504, 4.087794303894043, 54.22531509399414, 125.84259033203125, 150.19078063964844, 114.0011978149414, 22.781394958496094, -73.68698120117188, 6.61241340637207, 51.06951141357422, 482.9765930175781, 284.61712646484375, 191.64598083496094, 158.5747833251953, -82.8788833618164]
[0.17467018961906433, -6.84139347076416, -0.11725843697786331, 26.64824676513672, 82.18976593017578, 120.52645111083984, 176.6107635498047, 126.11014556884766, 76.04094696044922, 8.44007682800293, -64.74374389648438, -80.29279327392578, 94.41886901855469, 485.51483154296875, 401.451904296875, 449.95111083984375]
[1.6216539144515991, -4.337799072265625, -16.83294677734375, -3.0333995819091797, 36.65548324584961, 90.6227035522461, 147.48129272460938, 209.4016571044922, 225.9698944091797, 191.80792236328125, 92.25806427001953, 49.187408447265625, 4.859469890594482, -4.841524124145508, 90.7555923461914, 116.75701141357422]
[3.2755587100982666, -2.197420597076416, -17.66452407836914, -18.974369049072266, 4.642993927001953, 22.747074127197266, 78.7118911743164, 142.02423095703125, 214.90692138671875, 280.2481994628906, 291.2143249511719, 188.72047424316406, 202.20208740234375, 224.76663208007812, 60.7049674987793, -63.712825775146484]
[5.0233917236328125, 1.3693311214447021, -8.26755428314209, -4.802396774291992, -4.351456165313721, 2.99933123588562, -18.873247146606445, 41.717342376708984, 70.23736572265625, 135.0071258544922, 169.51129150390625, 220.03469848632812, 317.5922546386719, 462.560791015625, 207.0272979736328, 568.193359375]
[6.551603317260742, 8.609532356262207, 6.401660442352295, -6.175334930419922, -13.364614486694336, -32.79173278808594, -66.10636138916016, -0.29481127858161926, -12.745536804199219, -38.71920394897461, -41.11660385131836, -47.014957427978516, 68.25732421875, 86.80560302734375, 137.34498596191406, 407.79156494140625]
[8.295942306518555, 14.49130916595459, 19.658079147338867, 24.009981155395508, 25.65192985534668, 24.34125518798828, 35.85297393798828, 32.948822021484375, -0.818884015083313, -11.37946891784668, 18.570377349853516, 10.937084197998047, -96.49930572509766, -99.3869400024414, 68.84661865234375, -95.65101623535156]
[10.0, 21.5180606842041, 33.74363327026367, 49.80585861206055, 65.6794204711914, 80.56375122070312, 99.29142761230469, 103.56515502929688, 243.97689819335938, 186.89842224121094, 182.1898956298828, 239.3852081298828, 239.4776153564453, 307.1462707519531, 344.2488098144531, 322.0201721191406]
[11.760568618774414, 28.875953674316406, 47.744808197021484, 80.07546997070312, 106.38921356201172, 112.24256896972656, 179.6443634033203, 174.5364532470703, 472.97882080078125, 206.97291564941406, 269.91412353515625, 188.66558837890625, 319.02789306640625, 302.2668151855469, 319.03375244140625, 210.189453125]
[13.542274475097656, 36.263328552246094, 65.60791015625, 100.62470245361328, 127.23509979248047, 134.4268341064453, 143.03907775878906, 142.87815856933594, 306.40435791015625, 131.9099578857422, 199.68174743652344, 32.88663101196289, 38.93842315673828, -48.133323669433594, -96.58687591552734, 38.37043762207031]
[15.346687316894531, 42.23951721191406, 64.08016204833984, 89.63514709472656, 113.55874633789062, 103.83771514892578, 88.37220764160156, 62.08659362792969, -17.495529174804688, -4.119129657745361, -147.13546752929688, 15.040980339050293, -0.05359634757041931, 92.99626159667969, 173.52330017089844, 256.4664611816406]
[17.027803421020508, 46.54129409790039, 77.87974548339844, 79.72173309326172, 86.38477325439453, 47.84892654418945, -4.970566749572754, 11.462433815002441, -48.796207427978516, -5.052107810974121, 149.51637268066406, 184.66036987304688, 193.3468475341797, 465.2251892089844, 746.8578491210938, 191.0012969970703]
[18.331445693969727, 45.30125427246094, 71.8683853149414, 70.58848571777344, 38.847557067871094, 14.218295097351074, -36.57157897949219, 0.41075196862220764, 67.36507415771484, 140.47921752929688, 319.65167236328125, 290.1126708984375, 311.2978210449219, 133.7750701904297, -24.412763595581055, 104.8400650024414]
[19.615306854248047, 46.25348663330078, 58.10676574707031, 38.487396240234375, 3.7934625148773193, -11.153670310974121, 17.619993209838867, 91.86553955078125, 200.0626983642578, 260.4407653808594, 157.4359130859375, 91.56874084472656, -142.1990509033203, -23.63226318359375, 47.50893783569336, 257.0613708496094]
[20.623241424560547, 46.385337829589844, 48.70056915283203, 8.536791801452637, -24.56517791748047, 3.3067119121551514, 92.27296447753906, 181.519287109375, 212.53765869140625, 122.29092407226562, -27.981304168701172, 14.268660545349121, 60.667789459228516, 261.21710205078125, 490.0776062011719, 211.0902557373047]
[21.99637222290039, 42.84353256225586, 31.17055892944336, -6.701367378234863, -20.696855545043945, 59.86172866821289, 145.77285766601562, 167.6179962158203, 87.94783020019531, -3.939829111099243, -26.332077026367188, 128.43319702148438, 605.7222290039062, 321.3086242675781, 135.8438720703125, -106.09239196777344]
[22.558568954467773, 42.70452880859375, 14.58780574798584, -27.16704559326172, 25.644224166870117, 110.5840835571289, 145.4247283935547, 82.98485565185547, -65.20287322998047, 3.361724615097046, 140.48252868652344, 379.7933654785156, 189.75453186035156, 25.575456619262695, 41.60270690917969, 158.44189453125]
[23.751815795898438, 33.94452667236328, -1.7498098611831665, -0.7606366276741028, 61.127315521240234, 125.25774383544922, 105.05572509765625, -14.77652645111084, 20.88518524169922, 191.3513946533203, 236.5489959716797, 125.4505615234375, -142.8680877685547, 9.743277549743652, 251.0146942138672, 266.3842468261719]
[23.438491821289062, 29.365755081176758, -8.270262718200684, 8.549980163574219, 93.5059814453125, 137.20005798339844, 24.562061309814453, -32.078792572021484, 122.3537826538086, 292.7375793457031, 110.29884338378906, 24.000106811523438, 64.85301971435547, 547.9373779296875, 330.14752197265625, 111.21862030029297]
[24.059282302856445, 22.30040740966797, -14.964871406555176, 34.53101348876953, 121.26416778564453, 72.50726318359375, -26.278884887695312, 61.164676666259766, 271.47796630859375, 127.33061981201172, -7.40236759185791, 171.18629455566406, 209.8292999267578, 386.5413818359375, -0.8138574361801147, 236.47439575195312]
[24.396671295166016, 14.913520812988281, -15.065511703491211, 64.05164337158203, 117.55558776855469, 24.843229293823242, -21.30328369140625, 149.0792236328125, 190.40792846679688, 5.806397914886475, 48.67905807495117, 511.3756408691406, 169.2586212158203, -90.7192611694336, 160.272216796875, 715.9813842773438]
[24.360984802246094, 8.011236190795898, -3.6194584369659424, 86.13606262207031, 73.84519958496094, -46.92482376098633, 75.3208236694336, 200.59378051757812, 18.03656005859375, 13.14533805847168, 282.1493835449219, 341.7184753417969, -60.38756561279297, 152.49005126953125, 403.8135681152344, -32.98939895629883]
[23.154661178588867, 0.9292436242103577, 11.808736801147461, 90.48377990722656, 34.65517044067383, -19.78251075744629, 173.9297332763672, 119.6632308959961, -5.304706573486328, 191.5738525390625, 204.77774047851562, -35.396297454833984, 121.65501403808594, 410.07257080078125, 17.79401206970215, 116.92015838623047]
[23.058828353881836, -3.0178773403167725, 23.03517723083496, 98.70643615722656, -7.382335662841797, 44.111915588378906, 191.52203369140625, 5.003335952758789, 65.14967346191406, 211.14956665039062, 3.333078145980835, 64.77522277832031, 203.2397918701172, 72.80928802490234, 96.70629119873047, 249.74729919433594]
[21.65477180480957, -7.9849700927734375, 38.48500442504883, 80.80142974853516, -31.815555572509766, 94.15386962890625, 125.25224304199219, -50.71268844604492, 151.63357543945312, 242.64990234375, -32.92593002319336, 242.41554260253906, 110.71123504638672, -33.835960388183594, 477.2318420410156, 61.03304672241211]
[20.456071853637695, -7.513140678405762, 57.2149658203125, 52.669490814208984, -9.052027702331543, 149.72068786621094, 37.13608932495117, 56.27064895629883, 240.68588256835938, -34.56399154663086, 138.1212615966797, 171.93038940429688, -21.377408981323242, 362.6766662597656, 141.63075256347656, 63.38493728637695]
[20.113502502441406, -8.983870506286621, 62.00223922729492, 26.650108337402344, 18.415143966674805, 146.87815856933594, -53.17097854614258, 157.6164093017578, 104.4587173461914, 46.01645278930664, 216.9381866455078, 10.653069496154785, 164.87132263183594, 248.5354766845703, 13.24924373626709, 452.9253845214844]
[18.71268653869629, -7.803677558898926, 69.97905731201172, 1.859556794166565, 66.5047607421875, 95.34672546386719, -23.805925369262695, 211.96449279785156, -45.05607986450195, 188.07545471191406, 132.1901397705078, -47.55268859863281, 313.3429260253906, -140.9983673095703, 555.1646728515625, 130.56591796875]
[17.085039138793945, -4.459564208984375, 70.03958892822266, -14.795242309570312, 95.60115814208984, 27.806289672851562, 62.018409729003906, 154.4193878173828, 17.725948333740234, 213.0369873046875, -117.1802749633789, 181.6695556640625, 79.53842163085938, 110.03875732421875, 529.1015625, 25.44611167907715]
[15.149085998535156, 1.8902770280838013, 62.680660247802734, -25.070398330688477, 103.70716857910156, -25.310646057128906, 121.59538269042969, 8.918862342834473, 101.98966979980469, 129.1396942138672, 41.88424301147461, 291.9845886230469, -103.00407409667969, 244.18206787109375, -113.47596740722656, 269.4325866699219]
[13.51350212097168, 8.157646179199219, 59.378807067871094, -7.575978755950928, 118.77115631103516, -23.25587272644043, 200.81512451171875, -36.11280059814453, 240.02882385253906, -69.11857604980469, 267.6478576660156, -8.593042373657227, 265.81060791015625, 91.21841430664062, 165.35562133789062, 201.0791015625]
[11.850028991699219, 14.178375244140625, 41.84939193725586, 20.123056411743164, 81.71125793457031, 17.59653663635254, 137.38748168945312, 35.75579071044922, 139.51412963867188, -34.848331451416016, 485.7638244628906, -64.08556365966797, 263.5482177734375, -137.53826904296875, 349.7861633300781, 33.62933349609375]
[10.0, 21.400651931762695, 26.000398635864258, 46.99990463256836, 34.50690460205078, 76.04413604736328, 41.34188461303711, 131.8767547607422, 30.60797119140625, 138.47618103027344, 107.26417541503906, 222.6626739501953, 50.30940628051758, 239.2132110595703, -66.86409759521484, 372.14996337890625]
[8.301233291625977, 28.2298641204834, 10.421932220458984, 77.18974304199219, -12.715360641479492, 136.67984008789062, -17.089736938476562, 157.9253387451172, -92.4916000366211, 234.6690216064453, -14.958040237426758, 240.81463623046875, -32.45499038696289, 258.27001953125, 50.800498962402344, 251.86953735351562]
[6.379295825958252, 36.141204833984375, -6.006826877593994, 93.96822357177734, -26.38509178161621, 152.23487854003906, 9.028460502624512, 177.7178955078125, 77.88697052001953, 118.32219696044922, 125.50590515136719, 69.83528900146484, 543.5263061523438, 76.31731414794922, 218.7318115234375, -76.06217193603516]
[4.641846179962158, 38.51346206665039, -8.97590160369873, 88.8279800415039, -15.456092834472656, 115.80290222167969, 43.510353088378906, 62.354095458984375, 363.2906494140625, -50.03767395019531, 330.7142028808594, -133.85379028320312, 279.3869934082031, 158.75790405273438, 142.88510131835938, 487.29876708984375]
[2.9726340770721436, 42.38202667236328, -15.090373039245605, 94.99226379394531, 17.0759334564209, 47.89274978637695, 149.59814453125, -17.45077133178711, 426.19769287109375, 23.34626007080078, 140.09518432617188, 143.03744506835938, -84.95997619628906, 675.9717407226562, -28.44695281982422, 711.2634887695312]
[2.0591933727264404, 46.25691604614258, -9.074033737182617, 68.4205322265625, 61.102054595947266, -10.720049858093262, 189.31320190429688, 14.2592134475708, 127.22600555419922, 181.3270721435547, 37.71247482299805, 369.5148010253906, 44.02524185180664, 254.10531616210938, 270.99176025390625, -239.76190185546875]
[0.4030943512916565, 45.48987579345703, 1.3659719228744507, 38.85756301879883, 95.0408935546875, -30.45395278930664, 118.80915832519531, 90.99593353271484, -1.587293267250061, 254.2864532470703, 41.398170471191406, 89.77111053466797, 363.9463806152344, -12.957968711853027, 326.7232666015625, 221.95127868652344]
[-1.3914762735366821, 49.912864685058594, 12.258978843688965, 16.56117820739746, 112.06426239013672, 14.920942306518555, 102.4087905883789, 160.857421875, -35.09119415283203, 125.05471801757812, 211.170166015625, -116.2356185913086, 279.1964111328125, 242.28977966308594, -129.8587646484375, 442.8777770996094]
[-1.3663175106048584, 47.1838493347168, 28.788034439086914, -0.7848713397979736, 115.28978729248047, 59.88838195800781, -51.3348503112793, 142.66796875, 92.69080352783203, -32.00645446777344, 290.2568054199219, 229.05978393554688, -66.82288360595703, 232.25978088378906, 164.72157287597656, -177.15362548828125]
[-2.4709720611572266, 42.90581512451172, 46.63010025024414, -26.859943389892578, 72.82711791992188, 117.90007019042969, -23.205358505249023, 82.01142883300781, 197.279296875, 22.529420852661133, 78.54009246826172, 718.3571166992188, 104.40986633300781, -28.786075592041016, 270.1994323730469, 158.73292541503906]
[-2.961282730102539, 35.28037643432617, 59.46733474731445, -7.005311965942383, 38.76717758178711, 161.00875854492188, 32.39946746826172, -5.238633632659912, 223.18283081054688, 132.02142333984375, -117.76744079589844, 126.51536560058594, 195.50462341308594, 60.38325500488281, -12.039229393005371, 445.5747985839844]
[-3.7665557861328125, 29.086387634277344, 67.91838073730469, 4.1632866859436035, -13.403486251831055, 116.67423248291016, 115.10604095458984, -6.650465965270996, 64.39053344726562, 265.52093505859375, 109.75936889648438, -29.116226196289062, 152.49972534179688, 315.9980163574219, 80.39112091064453, 57.009159088134766]
[-4.623851776123047, 21.977169036865234, 66.46183776855469, 33.199466705322266, -3.808997631072998, 72.05535125732422, 200.76150512695312, 62.433197021484375, 13.942583084106445, 117.3659896850586, 257.1062927246094, 102.07080078125, -126.4104995727539, 176.3780517578125, 911.3885498046875, 117.18524932861328]
[-4.57768440246582, 14.890395164489746, 72.53070068359375, 61.584190368652344, -7.929741382598877, 17.716320037841797, 161.80076599121094, 174.46070861816406, 7.205808162689209, -65.96839904785156, 188.28857421875, 351.61505126953125, 119.08358001708984, -36.80394744873047, 253.08082580566406, 280.9606018066406]
[-3.7357232570648193, 8.940241813659668, 65.8884048461914, 82.37075805664062, 21.1407413482666, -26.236003875732422, 63.50452423095703, 179.43064880371094, 162.42198181152344, -6.444022178649902, -44.55351257324219, 164.42051696777344, 210.53457641601562, 184.0725555419922, 65.57074737548828, 64.21009826660156]
[-3.58323335647583, 1.9661766290664673, 51.9954719543457, 85.36865997314453, 66.87919616699219, -22.504335403442383, -28.52869415283203, 111.41719055175781, 212.76437377929688, 147.5328826904297, 33.873870849609375, 51.04795455932617, 134.75894165039062, 291.0752868652344, 248.07012939453125, 69.46438598632812]
[-3.0914740562438965, -4.0805864334106445, 36.726070404052734, 102.97260284423828, 92.06375122070312, 40.008602142333984, -18.4394474029541, 33.953189849853516, 136.43125915527344, 257.8591613769531, 203.31045532226562, 48.46631622314453, -151.30111694335938, -18.26970672607422, 335.5956115722656, 374.0837097167969]
[-1.9019370079040527, -6.882352828979492, 19.51982879638672, 70.87572479248047, 117.05813598632812, 107.98516082763672, 41.420074462890625, -22.092985153198242, 13.78800106048584, 271.6015319824219, 298.4551086425781, 279.3941955566406, 145.9075927734375, 51.629512786865234, -141.78662109375, 175.72267150878906]
[-1.4107118844985962, -9.217060089111328, 8.378594398498535, 53.204978942871094, 110.02208709716797, 150.28692626953125, 107.31892395019531, 32.900474548339844, 7.9543776512146, -69.2035140991211, 57.811580657958984, 255.25807189941406, 270.3903503417969, 224.13636779785156, 174.11062622070312, -0.4539947807788849]
[0.3721878230571747, -7.126676082611084, -6.992349624633789, 25.09103775024414, 77.47811889648438, 159.28634643554688, 173.7723388671875, 158.7372589111328, 78.46236419677734, -27.504425048828125, -126.64546966552734, -38.763633728027344, 181.81948852539062, 258.9864501953125, 311.87005615234375, 759.6301879882812]
[1.9384838342666626, -5.428286552429199, -16.933748245239258, 0.8201851844787598, 34.24311065673828, 98.77426147460938, 172.24765014648438, 159.52084350585938, 210.6999969482422, 145.9058837890625, 94.6130142211914, 40.38616943359375, -27.80651092529297, -69.89883422851562, -77.93797302246094, 131.57614135742188]
[3.503988265991211, -3.422161817550659, -11.412428855895996, -12.037145614624023, 10.18659496307373, 29.778987884521484, 76.08259582519531, 130.5767364501953, 172.802734375, 179.58578491210938, 594.447509765625, 180.50094604492188, 363.31610107421875, 214.6398468017578, 71.38955688476562, 17.467796325683594]
[4.638027191162109, 3.0101189613342285, -4.284423351287842, -22.65644645690918, -34.09770584106445, 2.858989953994751, 5.763963222503662, 49.103248596191406, 78.24876403808594, 126.43407440185547, 402.9224853515625, 203.50570678710938, 355.3571472167969, 582.4225463867188, 418.14501953125, 399.36956787109375]
[6.590271472930908, 6.477390289306641, 5.289342880249023, -9.951111793518066, -14.20901870727539, -28.671493530273438, -33.24583053588867, -99.9135971069336, -63.023284912109375, -77.3586196899414, -49.76816177368164, -36.790740966796875, 53.34623718261719, 98.89170837402344, 130.85739135742188, 202.3939208984375]
[8.272660255432129, 13.946636199951172, 18.79500961303711, 16.58028221130371, 17.488502502441406, 7.576229095458984, 30.758302688598633, 9.966351509094238, -3.662780284881592, 23.89004135131836, -28.624696731567383, 18.69080924987793, -53.578922271728516, -131.05136108398438, -81.53984069824219, -3.272109270095825]
[10.0, 21.313949584960938, 34.197418212890625, 48.08345031738281, 64.81781768798828, 76.47655487060547, 108.48196411132812, 119.02360534667969, 158.22589111328125, 135.48011779785156, 202.9348602294922, 184.13668823242188, 202.4023895263672, 241.57115173339844, 383.404296875, 279.0634460449219]
[11.738295555114746, 27.903079986572266, 49.38394546508789, 75.89043426513672, 114.20161437988281, 119.55980682373047, 154.4285125732422, 209.09471130371094, 167.4962921142578, 226.17471313476562, 283.17279052734375, 246.02525329589844, 353.46588134765625, 222.5625762939453, 320.7736511230469, 256.03057861328125]
[13.629087448120117, 35.25570297241211, 62.31698989868164, 88.43729400634766, 125.51920318603516, 137.42892456054688, 156.37258911132812, 141.6964874267578, 138.6483612060547, 136.3983917236328, 85.90975189208984, 91.39490509033203, -49.24049377441406, -143.97157287597656, -2.658353805541992, -37.66196823120117]
[15.458624839782715, 38.65342330932617, 69.37958526611328, 98.12994384765625, 97.31212615966797, 97.11708068847656, 88.63944244384766, 53.18770217895508, 29.163288116455078, -24.077089309692383, -14.59343147277832, -43.65752029418945, -0.29739150404930115, 69.47465515136719, 308.3222351074219, 271.97601318359375]
[16.707258224487305, 46.919307708740234, 73.35092163085938, 80.45502471923828, 82.3262710571289, 47.45460891723633, 17.799114227294922, -56.00065994262695, -119.31958770751953, 42.5679931640625, 56.20063781738281, 357.718994140625, 191.3419189453125, 199.74252319335938, 704.5216674804688, 305.7038269042969]
[18.651655197143555, 44.80683517456055, 65.96524810791016, 70.95317077636719, 38.76795196533203, -20.575992584228516, -21.411386489868164, -19.176673889160156, 124.60614013671875, 167.96141052246094, 255.6499481201172, 278.8160705566406, 310.96728515625, 133.08709716796875, -84.70633697509766, -47.52249526977539]
[19.75057601928711, 45.619529724121094, 59.308685302734375, 38.6390266418457, -7.755480766296387, -5.527403831481934, 17.825733184814453, 91.00576782226562, 396.11700439453125, 179.84347534179688, 165.65191650390625, 92.5941162109375, -11.533674240112305, -76.84903717041016, 41.96894073486328, 187.41685485839844]
[21.04497528076172, 47.904659271240234, 47.11994552612305, 9.456265449523926, -36.74985122680664, -14.127298355102539, 86.90538787841797, 209.7104949951172, 188.7385711669922, 135.06080627441406, 11.4400053024292, -139.81069946289062, 36.95867156982422, 215.60475158691406, 210.41790771484375, 547.1885375976562]
[21.827829360961914, 45.95564651489258, 31.24896812438965, -0.12341207265853882, 2.678666591644287, 59.87864685058594, 158.791259765625, 176.55258178710938, 87.81143951416016, -9.930517196655273, -40.240211486816406, 127.75928497314453, 198.66500854492188, 309.41400146484375, 135.0152587890625, -105.6348648071289]
[23.37689208984375, 39.706424713134766, 14.601369857788086, -17.581541061401367, 23.382991790771484, 110.55412292480469, 180.76788330078125, 83.53953552246094, -78.7518539428711, -46.223880767822266, 168.94508361816406, 198.21591186523438, 171.83314514160156, 20.641494750976562, -62.16606140136719, 292.31451416015625]
[23.586383819580078, 34.05943298339844, 1.074170708656311, -10.7703275680542, 67.29163360595703, 120.72653198242188, 102.59300231933594, -15.628683090209961, 11.44007682800293, 140.52098083496094, 296.7197265625, 126.26237487792969, 10.575607299804688, -37.875179290771484, 321.71881103515625, 434.2408752441406]
[23.88665199279785, 28.509784698486328, -12.270023345947266, 7.4102253913879395, 112.01023864746094, 136.3988037109375, 7.695168495178223, -49.220584869384766, 134.57461547851562, 289.4906005859375, 110.48163604736328, -68.583984375, 68.64740753173828, 443.6846618652344, 206.0967559814453, 30.045534133911133]
[24.747276306152344, 22.283401489257812, -15.442726135253906, 35.26091766357422, 104.87310791015625, 68.89350128173828, -26.680072784423828, 60.23960494995117, 195.38746643066406, 113.23097229003906, -56.24578857421875, 75.39453887939453, 370.4656066894531, 351.9413146972656, 36.7790641784668, 127.69336700439453]
[24.754045486450195, 15.396734237670898, -10.843535423278809, 65.25672149658203, 124.178466796875, 14.947019577026367, 8.208654403686523, 186.4895477294922, 194.4110870361328, 33.22118377685547, 52.1283073425293, 286.4366455078125, 289.49163818359375, -145.2196044921875, 161.91685485839844, 449.3203125]
[23.98662757873535, 7.531916618347168, -4.512946605682373, 85.71110534667969, 72.87014770507812, -18.247516632080078, 75.98604583740234, 203.92474365234375, 29.913944244384766, 37.76446533203125, 198.62193298339844, 183.8357696533203, -102.09654998779297, 347.5051574707031, 318.4056701660156, 77.22278594970703]
[24.055034637451172, 1.280206561088562, 8.16519832611084, 95.10859680175781, 37.92168045043945, -26.23619842529297, 131.35580444335938, 99.20074462890625, -85.81351470947266, 169.04827880859375, 252.77032470703125, 48.77104187011719, 264.32305908203125, 453.0716552734375, -82.19035339355469, 34.9012451171875]
[22.955774307250977, -3.307523727416992, 23.0595645904541, 88.5932388305664, -2.953044891357422, 42.874732971191406, 145.54246520996094, 17.755435943603516, 58.77916717529297, 265.8042907714844, -23.49649429321289, 41.945068359375, 304.2402038574219, 82.983154296875, 43.30173110961914, 334.114990234375]
[22.521451950073242, -4.362014293670654, 39.360801696777344, 71.21759033203125, -6.026478290557861, 92.40199279785156, 257.5333251953125, -41.90962600708008, 142.88772583007812, 235.81275939941406, -64.53221893310547, 184.66598510742188, 114.37019348144531, 10.200997352600098, 439.2245178222656, 77.63895416259766]
[20.8613338470459, -7.43772554397583, 56.51172637939453, 53.35753631591797, -19.83148765563965, 160.6587371826172, 50.08264923095703, 43.037261962890625, 226.2471466064453, 9.505843162536621, 288.9133605957031, 185.11102294921875, -72.01653289794922, 373.21478271484375, 290.12158203125, 24.362890243530273]
[19.981534957885742, -9.584081649780273, 61.05014419555664, 26.30621910095215, 24.840011596679688, 153.95973205566406, -59.968505859375, 141.92593383789062, 104.85558319091797, 46.2210807800293, 562.84228515625, -89.67996978759766, 177.8386688232422, 262.8597412109375, -14.318127632141113, 346.58612060546875]
[18.121856689453125, -5.179946422576904, 67.20946502685547, -4.977878093719482, 66.83858489990234, 82.738525390625, -19.01964569091797, 155.14163208007812, 18.729753494262695, 179.42576599121094, 287.0221252441406, 37.91209030151367, 197.99005126953125, -91.40389251708984, 559.4846801757812, 115.99227905273438]
[16.689054489135742, -4.392699241638184, 66.99938201904297, -11.22551441192627, 110.56529998779297, 37.486881256103516, 64.38152313232422, 124.40876007080078, -47.822059631347656, 266.3069152832031, -26.574726104736328, 285.9550476074219, 79.96858978271484, 122.5225601196289, 230.20721435546875, 20.913280487060547]
[14.947580337524414, 1.6304305791854858, 71.7724609375, -25.07851791381836, 122.0093002319336, -31.81874656677246, 119.90579223632812, 35.134010314941406, 110.1770248413086, 125.16194915771484, 63.18267059326172, 423.04925537109375, -102.15711975097656, 373.2831726074219, -192.08642578125, 848.2847290039062]
[13.688908576965332, 8.052550315856934, 56.389930725097656, -2.447059154510498, 122.27022552490234, -31.384008407592773, 192.32098388671875, -18.17167854309082, 241.2082061767578, -47.69976806640625, 257.2210998535156, 46.21991729736328, 206.86895751953125, 103.72531127929688, 154.04180908203125, 401.3115234375]
[11.839954376220703, 13.920503616333008, 41.207855224609375, 22.237268447875977, 82.46368408203125, 30.799257278442383, 119.96998596191406, 3.698627233505249, 142.9381561279297, 28.128400802612305, 259.6734619140625, 15.151381492614746, 271.6844787597656, 15.420609474182129, 401.5401306152344, -126.28350067138672]
[10.0, 21.308340072631836, 25.827878952026367, 48.30587387084961, 35.82275390625, 80.25785064697266, 38.057987213134766, 128.67750549316406, 58.71349334716797, 142.4434051513672, -1.282636284828186, 208.88563537597656, 91.58019256591797, 181.8392333984375, 96.2027816772461, 408.9249572753906]
[8.2543306350708, 28.94095230102539, 7.849396705627441, 73.61155700683594, -9.805753707885742, 151.07363891601562, 8.5563325881958, 173.52444458007812, -88.9555892944336, 227.00225830078125, -118.86775970458984, 299.24365234375, -79.54443359375, 179.74813842773438, 30.031757354736328, 294.11676025390625]
[6.342630863189697, 35.46152877807617, -5.328189373016357, 82.6500015258789, -18.139610290527344, 154.78102111816406, -23.334821701049805, 163.57693481445312, 27.828248977661133, 117.2363510131836, 132.56558227539062, 65.00489807128906, 234.98899841308594, 8.040287017822266, 221.75604248046875, -166.49574279785156]
[4.666558742523193, 41.441200256347656, -12.435844421386719, 106.22278594970703, -9.824811935424805, 110.46696472167969, 43.258602142333984, 113.29056549072266, 184.54408264160156, -34.79422378540039, 289.1557922363281, -109.14295196533203, 243.38465881347656, 114.5367660522461, 125.25094604492188, 293.8957214355469]
[2.9196178913116455, 42.22420883178711, -8.493510246276855, 87.31058502197266, 22.09002113342285, 48.92610549926758, 112.23728942871094, -32.336849212646484, 238.82275390625, -43.77552795410156, 153.49752807617188, 141.03587341308594, -71.97775268554688, 770.2025756835938, 42.35599136352539, 351.76702880859375]
[1.5028905868530273, 47.20378494262695, -13.303739547729492, 65.18466186523438, 63.640438079833984, -16.401899337768555, 178.84727478027344, -27.26616859436035, 130.46315002441406, 159.38803100585938, -24.196889877319336, 328.4720458984375, -33.17315673828125, 246.0058135986328, 278.43023681640625, 107.77427673339844]
[0.30244317650794983, 45.575653076171875, 2.9395833015441895, 38.35099411010742, 105.1346435546875, -28.707502365112305, 115.89567565917969, 90.71688842773438, 22.046192169189453, 301.3500061035156, -12.302068710327148, 79.58585357666016, 296.63519287109375, -19.812862396240234, 223.8586883544922, 239.66317749023438]
[-1.210221767425537, 48.19954299926758, 15.563736915588379, 16.713754653930664, 119.33048248291016, 6.409509658813477, 50.156803131103516, 182.50196838378906, -58.83625030517578, 117.0633316040039, 237.560791015625, -84.83927917480469, 404.7978820800781, 252.72799682617188, -204.04429626464844, 208.35714721679688]
[-2.5254154205322266, 46.44141387939453, 28.95901870727539, -17.561555862426758, 105.91040802001953, 59.88821029663086, -27.054805755615234, 194.96998596191406, 167.4628143310547, 5.462258815765381, 274.8382568359375, 128.29971313476562, -38.862831115722656, 319.5530090332031, 154.98194885253906, -76.22640228271484]
[-3.2577342987060547, 42.462955474853516, 46.007545471191406, -7.050970554351807, 72.07967376708984, 119.20761108398438, -38.93578338623047, 83.48342895507812, 251.99745178222656, -16.706933975219727, 37.49192810058594, 229.5640869140625, 134.6062469482422, 71.30123138427734, 855.8919677734375, 159.2827911376953]
[-3.7802586555480957, 35.37173080444336, 59.377525329589844, -14.386857032775879, 34.73909378051758, 145.31564331054688, 47.87663269042969, 9.01845645904541, 193.3500518798828, 138.94741821289062, -74.51317596435547, 132.33331298828125, 245.478271484375, -44.10886764526367, -53.855751037597656, 377.6991882324219]
[-3.6773459911346436, 29.379011154174805, 64.92243957519531, 6.127063751220703, -1.0839368104934692, 125.68871307373047, 125.46878051757812, -5.500087261199951, 51.074283599853516, 249.93881225585938, 109.66661071777344, -118.7338638305664, 175.9187774658203, 289.3055114746094, 154.66690063476562, -40.862876892089844]
[-4.780655384063721, 21.983978271484375, 76.16309356689453, 34.90950393676758, -35.16594314575195, 70.17121887207031, 163.2572784423828, 62.293922424316406, -64.90494537353516, 131.15460205078125, 275.6512756347656, 70.57588195800781, 58.990638732910156, 192.71969604492188, 496.5917053222656, 267.518798828125]
[-4.788811206817627, 15.049140930175781, 71.99515533447266, 57.84663391113281, -10.603092193603516, 6.4192633628845215, 157.81211853027344, 192.46160888671875, 37.83194351196289, -44.58173751831055, 155.98419189453125, 328.4654846191406, 94.55654907226562, -60.388057708740234, 127.99066925048828, 687.577392578125]
[-3.211289644241333, 7.655709266662598, 64.36386108398438, 90.93910217285156, 22.547908782958984, -37.1702880859375, 66.29669952392578, 213.01828002929688, 149.38623046875, -31.272933959960938, -40.299808502197266, 147.16551208496094, 319.59942626953125, 152.52197265625, 55.177494049072266, 63.31751251220703]
[-3.3107333183288574, 3.297614097595215, 49.789215087890625, 105.73362731933594, 61.74082946777344, -19.39757537841797, -13.713714599609375, 113.40379333496094, 261.85345458984375, 169.6776885986328, -2.4783530235290527, -2.172710657119751, 132.31436157226562, 274.30987548828125, 367.22454833984375, 35.08538055419922]
[-2.570136547088623, -3.0161898136138916, 36.67706298828125, 93.40741729736328, 100.96365356445312, 34.03242492675781, -16.555999755859375, -7.120748996734619, 147.13868713378906, 218.6273193359375, 374.8901672363281, 52.46410369873047, -50.220458984375, 109.28227233886719, 262.98046875, 347.4642028808594]
[-2.4561073780059814, -5.65083646774292, 19.393733978271484, 81.58068084716797, 107.14592742919922, 97.2880630493164, 31.828655242919922, -25.110727310180664, 6.267567157745361, 253.9530029296875, 560.85888671875, 535.4237060546875, 142.217529296875, 53.18370819091797, 73.86582946777344, 12.465015411376953]
[-0.9248549342155457, -5.515047550201416, 6.552936553955078, 50.72505569458008, 121.61849212646484, 145.2307891845703, 115.33796691894531, 48.46152114868164, 22.645973205566406, -46.58403396606445, 89.52190399169922, 449.5228576660156, 367.7485046386719, 392.84552001953125, 154.9226531982422, 7.44329833984375]
[0.41730672121047974, -6.09033727645874, -9.08542537689209, 27.06793975830078, 77.7140884399414, 123.62986755371094, 133.19140625, 161.31622314453125, 72.29009246826172, 37.22986602783203, -29.424781799316406, 27.532278060913086, 79.28950500488281, 217.74017333984375, 224.34889221191406, 292.484375]
[1.7981348037719727, -4.780215740203857, -5.343886375427246, 7.496671676635742, 35.052974700927734, 82.87813568115234, 139.51893615722656, 163.1510772705078, 210.15432739257812, 178.885009765625, 92.51705169677734, -2.169142484664917, -103.64419555664062, -166.67550659179688, 26.249366760253906, 132.5170440673828]
[3.468820333480835, -2.930358648300171, -17.056947708129883, -6.48422908782959, -12.336345672607422, 25.09927749633789, 75.33329772949219, 126.68756103515625, 204.8317108154297, 280.72760009765625, 327.71722412109375, 205.50811767578125, 192.8069610595703, 237.1508026123047, 24.079872131347656, -75.81954193115234]
[4.695755958557129, 1.4573159217834473, -3.1112418174743652, -18.450401306152344, -34.98957443237305, -7.073653697967529, -17.899229049682617, 32.761253356933594, 78.37364196777344, 117.85618591308594, 203.83299255371094, 171.67630004882812, 242.0864715576172, 612.2716064453125, 313.89862060546875, 214.22320556640625]
[6.3091888427734375, 6.847005367279053, 3.5401108264923096, -4.586198806762695, -16.598419189453125, -11.110750198364258, -33.633323669433594, -14.110799789428711, -78.04779052734375, -35.0382080078125, 18.463552474975586, 13.234983444213867, 56.174530029296875, 158.12686157226562, 132.65440368652344, 204.21444702148438]
[8.151603698730469, 13.948354721069336, 19.518571853637695, 18.549421310424805, 20.678388595581055, 23.662321090698242, 19.73026466369629, 37.017486572265625, -13.08764934539795, -9.491914749145508, 12.446803092956543, 42.961769104003906, -80.0864028930664, 65.03057861328125, -86.07714080810547, -199.2736358642578]
[10.0, 21.554847717285156, 33.99773406982422, 49.88829040527344, 67.29043579101562, 87.20066833496094, 95.62548065185547, 124.8221435546875, 129.84637451171875, 165.45082092285156, 166.80789184570312, 225.94261169433594, 209.49269104003906, 178.2123260498047, 499.9002685546875, 258.75469970703125]
[11.813575744628906, 28.092304229736328, 51.36591339111328, 68.44961547851562, 92.6733169555664, 142.67015075683594, 142.02549743652344, 156.20510864257812, 193.33529663085938, 209.1977081298828, 294.34161376953125, 354.9460144042969, 552.7106323242188, 238.72349548339844, 530.9280395507812, 251.2803955078125]
[13.526177406311035, 34.94445037841797, 61.84991455078125, 86.90760803222656, 130.0179901123047, 126.85291290283203, 361.1355895996094, 167.92083740234375, 127.37351989746094, 120.2750015258789, 100.05931091308594, 31.8275203704834, 54.4754524230957, 37.11216354370117, -54.95024108886719, 28.883716583251953]
[15.417068481445312, 40.92928695678711, 71.19332885742188, 102.42253112792969, 100.74170684814453, 96.69727325439453, 199.56802368164062, 64.21484375, -13.242748260498047, -78.1904525756836, -121.30166625976562, 15.80047607421875, -13.096978187561035, 118.10492706298828, 174.76319885253906, 648.778564453125]
[16.770145416259766, 45.379390716552734, 74.18708038330078, 93.52725982666016, 81.03163146972656, 51.80314636230469, 34.978370666503906, -68.03793334960938, -72.79763793945312, -49.303287506103516, 79.30084991455078, 146.21006774902344, 296.8009033203125, 217.02684020996094, 484.1401672363281, 516.6258544921875]
[17.915328979492188, 49.033714294433594, 70.81278228759766, 62.31555938720703, 32.58478927612305, -6.194113254547119, -25.253393173217773, -32.02894973754883, 58.025733947753906, 165.91342163085938, 250.9898223876953, 345.0391845703125, 187.7761688232422, 138.32098388671875, -33.63097381591797, -190.2035675048828]
[19.418785095214844, 50.23401641845703, 59.0252685546875, 38.365074157714844, 7.982426643371582, -6.323578834533691, 6.651942253112793, 91.79548645019531, 174.5869598388672, 275.3283996582031, 182.69871520996094, 106.07697296142578, 57.94947052001953, -159.98370361328125, 23.277944564819336, 233.6171875]
[20.52391242980957, 48.630062103271484, 47.22392272949219, 6.724024295806885, -14.430581092834473, 7.462578773498535, 85.33512878417969, 211.58995056152344, 177.1131134033203, 132.06198120117188, 10.973731994628906, -67.91510772705078, -2.6684606075286865, 242.47665405273438, 456.5202941894531, 215.15325927734375]
[21.595752716064453, 46.811256408691406, 31.225435256958008, -11.51917839050293, 1.538313388824463, 59.900421142578125, 148.5558319091797, 175.68455505371094, 179.89137268066406, 24.12619400024414, -10.218921661376953, 130.2575225830078, 269.60552978515625, 232.495361328125, 129.9263153076172, -71.63260650634766]
[22.357606887817383, 41.07685852050781, 15.92313003540039, -15.523916244506836, 24.20322036743164, 130.23081970214844, 134.256103515625, 156.67050170898438, -65.49679565429688, 28.436290740966797, 156.92784118652344, 226.82325744628906, 206.71847534179688, 36.611236572265625, -69.11161041259766, 159.16233825683594]
[23.18868637084961, 36.98640823364258, -1.0058010816574097, -15.60610580444336, 61.32568359375, 148.4453125, 98.13385772705078, -16.754199981689453, -50.5001106262207, 177.62841796875, 295.347412109375, 139.75137329101562, 17.93067741394043, -7.22648286819458, 301.7716064453125, 289.5203857421875]
[23.41846466064453, 28.552030563354492, -13.548379898071289, 12.733845710754395, 111.2215576171875, 115.05305480957031, 1.9225711822509766, -38.7640495300293, 124.51810455322266, 267.1039123535156, 110.29447937011719, -131.13099670410156, 47.07234191894531, 286.7199401855469, 328.30303955078125, -128.07122802734375]
[23.551721572875977, 22.142759323120117, -15.566022872924805, 33.56751251220703, 129.55987548828125, 71.4380874633789, -46.199317932128906, 60.79686737060547, 172.6527862548828, 137.39366149902344, -109.50495147705078, 165.83609008789062, 312.2252197265625, 175.00729370117188, -52.99679183959961, 81.09790802001953]
[24.123737335205078, 15.207775115966797, -7.498774528503418, 65.80040740966797, 120.74492645263672, 12.422422409057617, 1.100119948387146, 190.60214233398438, 177.07235717773438, 18.346811294555664, 125.79808807373047, 419.450927734375, 146.23255920410156, -67.42488861083984, 172.00953674316406, 484.5762939453125]
[23.42916488647461, 8.536829948425293, -4.965763568878174, 88.79007720947266, 76.81637573242188, -5.962687015533447, 74.2506103515625, 189.42108154296875, 14.225690841674805, -22.037187576293945, 469.985107421875, 368.40966796875, 34.64759063720703, 312.6301574707031, 225.1794891357422, 103.24351501464844]
[23.43958282470703, 0.827049195766449, 6.954105377197266, 96.0425796508789, 36.40652084350586, 6.178614616394043, 133.8060302734375, 122.94483947753906, -54.24365997314453, 171.4303741455078, 208.5161590576172, -91.68760681152344, 125.71540069580078, 542.1454467773438, 62.29658889770508, 108.39026641845703]
[23.291255950927734, -3.764763116836548, 23.27075958251953, 92.58568572998047, -9.792607307434082, 37.58037185668945, 141.9754180908203, 31.34117317199707, 34.29963684082031, 184.5671844482422, 9.653261184692383, 89.90631103515625, 264.4678649902344, 43.776641845703125, 98.01785278320312, 303.55340576171875]
[21.388229370117188, -3.718653440475464, 38.79457473754883, 71.23008728027344, -7.862043857574463, 109.71598815917969, 100.3902587890625, -65.19807434082031, 189.97543334960938, 243.3947296142578, -4.964632511138916, 337.0931091308594, 122.9785385131836, -109.02448272705078, 540.8565673828125, 177.80760192871094]
[21.032459259033203, -7.020877838134766, 51.29051971435547, 53.747215270996094, -9.66119384765625, 139.91062927246094, 27.5391788482666, 41.767032623291016, 240.91464233398438, -104.43448638916016, 157.84031677246094, 169.41702270507812, -76.2673110961914, 293.7652282714844, 286.8097229003906, -93.64044952392578]
[19.568696975708008, -8.60438060760498, 70.01223754882812, 24.006967544555664, 25.1335506439209, 150.47898864746094, -37.7919807434082, 147.34742736816406, 104.3797607421875, 16.656715393066406, 336.1000671386719, 4.344693183898926, 181.29368591308594, 232.87033081054688, -16.648181915283203, 637.7154541015625]
[18.0950927734375, -5.738696575164795, 72.70840454101562, -1.2232753038406372, 65.89741516113281, 90.41123962402344, 0.7130847573280334, 175.80145263671875, -54.769874572753906, 148.58111572265625, 137.25872802734375, 49.3858757019043, 586.9913330078125, -159.09230041503906, 315.78314208984375, 120.25875854492188]
[16.647634506225586, -3.686347723007202, 77.56301879882812, -5.094677925109863, 106.75141143798828, 32.51448440551758, 64.22679138183594, 125.39845275878906, -5.53665018081665, 249.58995056152344, -55.58875274658203, 231.7141876220703, 141.3354949951172, 118.5579605102539, 244.8061981201172, -22.73940658569336]
[15.073180198669434, 0.5120030641555786, 71.13323211669922, -19.812925338745117, 108.28175354003906, -35.64436721801758, 136.8921356201172, 40.991302490234375, 110.04925537109375, 113.43157958984375, 30.58624267578125, 285.8816223144531, 20.515512466430664, 340.5909423828125, -191.25741577148438, 486.7647705078125]
[13.660099983215332, 7.213079452514648, 58.09605026245117, -2.503558874130249, 110.44031524658203, -39.303741455078125, 175.44009399414062, -6.645074367523193, 170.82884216308594, -29.401317596435547, 169.83584594726562, -15.240653038024902, 223.31077575683594, 82.1042709350586, 159.6466064453125, 203.3093719482422]
[11.751031875610352, 14.737038612365723, 40.98516845703125, 19.501235961914062, 74.24337768554688, 11.378008842468262, 133.15318298339844, 20.601741790771484, 206.56524658203125, -19.017017364501953, 177.89901733398438, 38.900238037109375, 318.165771484375, -62.482421875, 375.2482604980469, -0.7527870535850525]
[10.0, 21.386510848999023, 25.32705307006836, 50.02605056762695, 33.140438079833984, 78.77376556396484, 35.44533920288086, 113.98365783691406, 30.845012664794922, 155.11363220214844, -3.813310384750366, 214.78704833984375, 38.83091354370117, 296.183837890625, 31.361248016357422, 307.68499755859375]
[8.292222023010254, 28.44495391845703, 9.536467552185059, 74.59331512451172, -15.070481300354004, 140.19215393066406, -0.2554031014442444, 150.1016082763672, 2.6816680431365967, 238.34591674804688, -78.93795776367188, 195.2572784423828, 11.952131271362305, 180.0714111328125, -32.20768356323242, 288.4316711425781]
[6.3949079513549805, 35.29201126098633, -0.434752881526947, 99.37496185302734, -24.231342315673828, 137.3228302001953, -37.13056945800781, 145.173583984375, 26.131141662597656, 118.5529556274414, 121.34648132324219, 77.15496826171875, 214.2589111328125, -18.540512084960938, 229.8212432861328, -186.03929138183594]
[4.853122711181641, 40.04729080200195, -6.803889751434326, 92.30513763427734, -14.946394920349121, 96.4838638305664, 54.82770919799805, 53.982913970947266, 172.9413299560547, -75.19111633300781, 340.5206604003906, 46.894775390625, 203.6548614501953, 109.26018524169922, 136.8759307861328, 188.7223358154297]
[3.1909592151641846, 46.08501052856445, -10.58163070678711, 81.78981018066406, 19.87240982055664, 49.87124252319336, 119.49465942382812, 6.999294281005859, 232.92648315429688, 4.758700370788574, 132.4828643798828, 159.21871948242188, 65.82538604736328, 424.9177551269531, -27.620397567749023, 244.1272735595703]
[1.7798024415969849, 46.8343391418457, -12.757715225219727, 69.59266662597656, 63.721717834472656, 13.498897552490234, 167.35055541992188, -0.8378318548202515, 106.76627349853516, 159.5955047607422, -90.73685455322266, 357.831298828125, -38.52665710449219, 257.21478271484375, 261.3733825683594, -88.4758071899414]
[0.37870362401008606, 46.92616271972656, -0.391004353761673, 38.842308044433594, 114.56141662597656, -2.999688148498535, 141.1780548095703, 89.54588317871094, -23.033580780029297, 200.7084197998047, 38.088077545166016, 107.69132995605469, 184.11495971679688, -107.89244842529297, 345.97296142578125, 193.17137145996094]
[-1.4306330680847168, 46.36533737182617, 14.723908424377441, 13.37647533416748, 117.49706268310547, -12.262345314025879, 55.032325744628906, 163.7225341796875, -55.66202926635742, 128.70272827148438, 205.4163055419922, -126.56527709960938, 234.4142303466797, 410.2917175292969, -200.73779296875, 567.4554443359375]
[-2.015014171600342, 46.879486083984375, 28.90367889404297, -12.72535228729248, 123.67301177978516, 59.8765869140625, -26.04253578186035, 146.7686004638672, 93.61248016357422, -9.497892379760742, 200.80027770996094, 265.60955810546875, 28.110530853271484, 247.14463806152344, 305.9248352050781, 65.05184936523438]
[-2.9215855598449707, 40.71498489379883, 43.657615661621094, -7.724002838134766, 72.56645965576172, 123.55644989013672, 6.021936416625977, 82.08860778808594, 243.05450439453125, -18.913829803466797, 125.07890319824219, 533.4346313476562, 67.42559051513672, 86.6185073852539, 500.85003662109375, 306.43316650390625]
[-3.5827600955963135, 35.15813064575195, 58.21652603149414, -1.9568060636520386, 32.59418487548828, 121.12688446044922, 35.189353942871094, 9.066643714904785, 361.07000732421875, 189.6490478515625, -57.26033401489258, 125.78841400146484, 332.5025634765625, -45.88460159301758, 47.219051361083984, 274.1344909667969]
[-4.403772830963135, 29.944578170776367, 66.44244384765625, 4.5732269287109375, -0.7810623049736023, 122.29301452636719, 108.689453125, 5.027737617492676, 93.23668670654297, 247.07122802734375, 212.5479736328125, 6.522342681884766, 150.50762939453125, 198.94171142578125, -6.341651439666748, -130.5498046875]
[-4.680057525634766, 22.247148513793945, 68.1993637084961, 34.82914352416992, -3.3414511680603027, 67.73545837402344, 280.7513732910156, 66.95504760742188, -117.9588851928711, 127.98896026611328, 281.159423828125, 89.28968048095703, -155.94847106933594, 209.36558532714844, 244.131103515625, 132.84115600585938]
[-3.535768985748291, 15.349715232849121, 65.4497299194336, 59.02168655395508, -3.086700201034546, 20.39668846130371, 296.84356689453125, 198.2272491455078, -9.945722579956055, -35.923683166503906, 167.1102294921875, 329.36907958984375, 107.11564636230469, 39.038875579833984, 126.04002380371094, 235.8433074951172]
[-4.5086870193481445, 9.311798095703125, 61.242225646972656, 90.53667449951172, 17.744029998779297, -26.489463806152344, 130.146484375, 148.48309326171875, 171.8868865966797, 39.185794830322266, -55.32551574707031, 180.80828857421875, 620.1710815429688, 166.867919921875, -91.40806579589844, -45.4212646484375]
[-3.4920029640197754, 0.9904913306236267, 48.6686897277832, 91.58715057373047, 64.2278060913086, -23.234027862548828, 12.688401222229004, 220.91729736328125, 260.55535888671875, 169.2996368408203, -41.074100494384766, -30.257713317871094, 256.5437927246094, 219.49998474121094, 208.76095581054688, 64.01861572265625]
[-2.603563070297241, -4.226080417633057, 37.119205474853516, 87.81785583496094, 110.36329650878906, 33.00715637207031, -28.985912322998047, 30.4884090423584, 120.06807708740234, 218.70358276367188, 222.0854034423828, 7.243675708770752, -115.22245025634766, 53.632591247558594, 183.65618896484375, 501.7587890625]
[-2.203749656677246, -7.160787105560303, 20.843555450439453, 71.80255889892578, 136.74234008789062, 89.16402435302734, 39.37650680541992, -97.32581329345703, -19.03299331665039, 228.91925048828125, 194.92379760742188, 252.46084594726562, 155.3126983642578, 64.6924819946289, -34.15406036376953, 75.95581817626953]
[-1.0493645668029785, -10.382710456848145, 3.9573287963867188, 50.84262466430664, 111.46075439453125, 121.76128387451172, 121.77983093261719, 29.815656661987305, 6.041178226470947, -28.585018157958984, 80.00096893310547, 223.1253204345703, 276.5901794433594, 347.1976013183594, 169.71815490722656, 120.13163757324219]
[0.29890891909599304, -7.352740287780762, -8.483126640319824, 23.35524559020996, 84.15512084960938, 121.57488250732422, 136.7662353515625, 131.61544799804688, 80.080810546875, -0.9007378816604614, -59.11693572998047, -62.949317932128906, 71.22772216796875, 257.52301025390625, 397.2975158691406, 240.8031768798828]
[1.8873220682144165, -8.377388954162598, -16.69286346435547, -3.5509064197540283, 36.05321502685547, 100.67784881591797, 141.3936767578125, 206.06031799316406, 169.57861328125, 135.19532775878906, 91.37618255615234, -41.92049026489258, 33.91444778442383, -50.51552200317383, 0.8435249328613281, 132.6588897705078]
[3.123634099960327, -2.2880024909973145, -14.112552642822266, -16.462282180786133, -8.046384811401367, 28.848115921020508, 76.40441131591797, 121.55465698242188, 210.67047119140625, 214.6739044189453, 198.135986328125, 261.2273864746094, 169.1075439453125, 113.1066665649414, -44.276458740234375, -165.17616271972656]
[4.719211101531982, 0.18404458463191986, -7.53718900680542, -17.834768295288086, -30.94240951538086, -24.399456024169922, 17.05790901184082, 20.26961898803711, 73.96549987792969, 137.08636474609375, 178.85671997070312, 247.50692749023438, 231.19110107421875, 553.8261108398438, 430.4210510253906, 693.56982421875]
[6.403395652770996, 6.854259967803955, 3.3428564071655273, -9.674050331115723, -1.9175559282302856, -16.72393226623535, -3.22867488861084, -48.176795959472656, -42.67341232299805, -83.84082794189453, -49.4664421081543, 5.541659832000732, 84.71340942382812, 145.82186889648438, 297.456787109375, 419.0987243652344]
[8.215753555297852, 14.211822509765625, 18.997034072875977, 20.592159271240234, 24.766876220703125, 20.72612190246582, 32.96498489379883, -5.690272331237793, 22.123929977416992, 7.819561958312988, -49.339542388916016, -32.17617416381836, -139.10595703125, 19.807374954223633, -190.6414794921875, -268.33990478515625]
[10.0, 21.467103958129883, 33.66264343261719, 48.979774475097656, 65.78837585449219, 83.42191314697266, 211.7051239013672, 239.18247985839844, 256.53350830078125, 315.5343322753906, 391.9466857910156, 348.1914367675781, 513.50244140625, 532.9677124023438, 580.1115112304688, 529.1311645507812]
[11.692399024963379, 28.815004348754883, 50.71399688720703, 68.54893493652344, 99.41187286376953, 111.40629577636719, 174.5169677734375, 172.85977172851562, 165.39669799804688, 270.0625, 323.2582702636719, 245.0889129638672, 276.8309631347656, 299.3201599121094, 216.81907653808594, 277.42889404296875]
[13.3925199508667, 34.317264556884766, 60.622650146484375, 97.0019302368164, 112.58313751220703, 164.73388671875, 142.45761108398438, 173.04348754882812, 136.75149536132812, 128.8196563720703, 98.46757507324219, 66.52639770507812, 66.4005126953125, 82.6526870727539, -172.28433227539062, 71.30137634277344]
[15.376862525939941, 42.04348373413086, 70.34040832519531, 92.55268096923828, 125.15103912353516, 111.8837661743164, 91.7483139038086, 46.36220169067383, 3.222116470336914, -7.1251935958862305, -103.052978515625, -34.1506233215332, 24.63774871826172, 49.606136322021484, 155.3013153076172, 186.52499389648438]
[16.566755294799805, 43.83378982543945, 71.83180236816406, 91.04960632324219, 73.39434814453125, 48.95832824707031, -8.238485336303711, -11.50130844116211, -81.03720092773438, 39.59721374511719, 81.19791412353516, 155.55728149414062, 244.92315673828125, 221.15843200683594, 363.3219909667969, 323.81390380859375]
[18.287433624267578, 47.46108627319336, 70.911376953125, 66.1714096069336, 39.325138092041016, -24.766422271728516, 2.3550336360931396, 25.274526596069336, 52.37687301635742, 140.56077575683594, 276.9414367675781, 359.76025390625, 222.407958984375, 133.02003479003906, -39.65669631958008, -208.23500061035156]
[19.98463249206543, 48.58125686645508, 60.943721771240234, 38.6547737121582, -4.674107551574707, -38.91251754760742, 26.159177780151367, 93.60608673095703, 157.07174682617188, 281.911865234375, 248.8484649658203, 77.15910339355469, 39.862579345703125, -94.78382110595703, 89.84539794921875, 249.71510314941406]
[20.93645668029785, 48.70368957519531, 48.129066467285156, 8.362412452697754, -14.228260040283203, 12.472434997558594, 91.93992614746094, 155.25244140625, 174.27732849121094, 125.77180480957031, -15.15648078918457, 18.813669204711914, 8.90638256072998, 223.57115173339844, 412.28448486328125, 463.59185791015625]
[22.064115524291992, 44.859317779541016, 31.090301513671875, -7.969427585601807, -19.18876075744629, 59.88612747192383, 142.00302124023438, 180.07069396972656, 87.53699493408203, 28.248294830322266, -82.75446319580078, 123.4129638671875, 340.9534912109375, 306.70428466796875, 133.0219268798828, -157.66419982910156]
[22.808523178100586, 42.25857162475586, 17.583608627319336, -21.56100845336914, 15.441208839416504, 127.8981704711914, 160.02212524414062, 82.70269775390625, 8.772407531738281, 45.12013244628906, 183.8301544189453, 244.6048126220703, 201.4112091064453, 3.772913694381714, 31.882335662841797, 158.457275390625]
[23.732545852661133, 34.19148635864258, 5.597776889801025, -3.008995771408081, 64.0164566040039, 141.497314453125, 104.97808074951172, 17.87174415588379, -48.20689010620117, 134.55181884765625, 296.142822265625, 141.23516845703125, -114.2082290649414, -20.62812042236328, 210.77027893066406, 299.6123962402344]
[24.20174789428711, 29.428665161132812, -12.38583755493164, 9.827030181884766, 96.36734008789062, 142.44024658203125, 2.245471954345703, -59.71437454223633, 127.38187408447266, 204.61322021484375, 110.48517608642578, -6.792965888977051, 67.6728744506836, 343.789794921875, 258.8999938964844, 110.1646728515625]
[23.823360443115234, 21.97989845275879, -8.68886661529541, 34.0986442565918, 137.7740936279297, 67.70722961425781, -45.726036071777344, 57.81565475463867, 177.037353515625, 116.69657897949219, 32.717689514160156, 101.34938049316406, 264.7301940917969, 200.008544921875, -129.63677978515625, 57.890411376953125]
[24.48882293701172, 14.804862022399902, -7.336583614349365, 59.536067962646484, 123.00914764404297, -4.268056869506836, -20.42432975769043, 195.83055114746094, 182.5843963623047, -3.9223172664642334, 40.21907043457031, 191.4138641357422, 148.4375762939453, -37.18810272216797, 176.06304931640625, 676.0696411132812]
[23.31819725036621, 8.45165729522705, -6.346014976501465, 76.45597076416016, 72.4798812866211, -36.550968170166016, 75.69611358642578, 197.92832946777344, 12.226302146911621, 27.937360763549805, 311.69744873046875, 188.636962890625, 0.14693675935268402, 152.36029052734375, 540.9877319335938, 91.84223175048828]
[22.940296173095703, 1.5729800462722778, 9.126521110534668, 105.47329711914062, 38.41700744628906, -13.203341484069824, 154.9819793701172, 122.20559692382812, 18.824119567871094, 161.2177276611328, 222.98187255859375, -37.52842712402344, 124.26813507080078, 730.4031372070312, 9.645041465759277, 81.9809799194336]
[22.88103485107422, -1.885960578918457, 24.492198944091797, 103.92545318603516, -4.509464740753174, 38.825538635253906, 159.69195556640625, 8.385309219360352, 32.087005615234375, 254.3052215576172, 22.64847755432129, 11.346035957336426, 290.0867919921875, 74.21571350097656, 25.71511459350586, 275.4726867675781]
[22.31818962097168, -4.38994026184082, 40.10282516479492, 75.93192291259766, -5.9985246658325195, 100.3208236694336, 127.03050231933594, -0.725334107875824, 165.4676055908203, 124.17450714111328, 30.564388275146484, 221.1323699951172, 196.6294403076172, -28.074005126953125, 478.23297119140625, 110.9644775390625]
[20.6793212890625, -8.43847370147705, 51.37703323364258, 54.72712326049805, -12.754563331604004, 133.745849609375, 26.09129524230957, 38.21145248413086, 247.70738220214844, -64.458740234375, 166.8123016357422, 357.8358459472656, -79.28897094726562, 248.906005859375, 133.82485961914062, -116.14186096191406]
[19.23256492614746, -8.394376754760742, 63.446624755859375, 24.017345428466797, 14.907088279724121, 133.3816680908203, -37.77772521972656, 140.60653686523438, 98.07400512695312, -44.37588882446289, 248.44688415527344, -77.55628204345703, 371.8923034667969, 264.63714599609375, -10.724983215332031, 313.4718933105469]
[18.369253158569336, -8.53982162475586, 66.11450958251953, 2.071475028991699, 63.57343292236328, 98.5028076171875, -21.85015106201172, 227.35508728027344, 14.482460975646973, 187.7440643310547, 250.7222137451172, 24.173112869262695, 294.2354736328125, -133.96566772460938, 301.2110290527344, 128.511474609375]
[16.655075073242188, -4.622654914855957, 69.7859878540039, -20.89624786376953, 100.76361846923828, 34.19866180419922, 61.90899658203125, 122.87203979492188, 26.003326416015625, 292.2393798828125, -101.8868408203125, 180.9276580810547, 34.808528900146484, 131.00091552734375, 286.5938720703125, 67.24346923828125]
[15.210049629211426, 2.098734140396118, 62.53508758544922, -23.684072494506836, 114.90345764160156, -16.5611515045166, 152.63307189941406, 39.587989807128906, 106.0682601928711, 115.89764404296875, 73.45038604736328, 208.3001251220703, -103.47254943847656, 331.2583923339844, -175.4086456298828, 200.51644897460938]
[13.44771671295166, 8.533474922180176, 52.24287033081055, -9.748915672302246, 111.290771484375, -42.00099563598633, 166.39271545410156, -7.454254627227783, 188.04928588867188, -108.02395629882812, 271.56988525390625, -38.66426086425781, 180.44223022460938, 113.09121704101562, 164.65625, 202.1099090576172]
[11.798836708068848, 14.718509674072266, 43.08413314819336, 21.84334945678711, 85.00148010253906, 28.91929817199707, 140.68753051757812, 3.535179615020752, 139.58355712890625, -53.87058639526367, 256.16729736328125, -48.6214485168457, 359.3370666503906, -76.61196899414062, 396.42254638671875, -227.48165893554688]
[10.0, 21.461702346801758, 25.224653244018555, 48.97828674316406, 39.45074462890625, 77.7976303100586, 31.330177307128906, 130.55335998535156, 86.79914855957031, 279.5977478027344, 53.10026931762695, 173.13653564453125, 63.41884994506836, 295.1685485839844, -4.620132923126221, 280.7176208496094]
[8.270151138305664, 28.95610237121582, 13.392606735229492, 80.7408218383789, 4.829020023345947, 110.74752044677734, -42.69348907470703, 219.1675262451172, -70.87945556640625, 264.6492004394531, -28.547060012817383, 180.09410095214844, -14.190402030944824, 271.5670471191406, 2.921278476715088, 264.6944274902344]
[6.517743110656738, 36.151851654052734, 2.5542352199554443, 84.50203704833984, -24.85329246520996, 127.82465362548828, -42.6417350769043, 158.57321166992188, 56.834564208984375, 114.50585174560547, 134.132080078125, 86.95874786376953, 219.9364471435547, -147.7138671875, 390.8980407714844, -203.26280212402344]
[4.746731758117676, 41.588321685791016, -14.848252296447754, 85.18382263183594, -24.518571853637695, 96.96114349365234, 52.314334869384766, 64.60038757324219, 150.53602600097656, -43.54044723510742, 237.92823791503906, -123.53387451171875, 302.5365295410156, 119.28572082519531, 136.73330688476562, 466.8599548339844]
[3.3369855880737305, 42.483646392822266, -7.526740074157715, 87.48632049560547, 20.07598114013672, 52.54749298095703, 148.0319366455078, -78.23141479492188, 234.50537109375, -2.110412359237671, 141.8304443359375, 176.81141662597656, -91.8266372680664, 355.00836181640625, -192.62290954589844, 641.2841796875]
[1.9479621648788452, 45.73429489135742, -13.063789367675781, 62.779083251953125, 66.89411926269531, -14.38100528717041, 147.45172119140625, -42.35206985473633, 117.94306182861328, 171.2867431640625, -56.775691986083984, 294.60308837890625, 50.85398864746094, 137.03746032714844, 618.3450317382812, -132.17958068847656]
[0.10545342415571213, 48.01304626464844, 1.8382844924926758, 38.846065521240234, 92.39793395996094, -1.1966826915740967, 140.27120971679688, 195.86032104492188, -38.62186813354492, 301.18927001953125, -25.37944984436035, 101.64698028564453, 294.6977233886719, 55.25340270996094, 532.27490234375, 251.7001953125]
[-0.9415562748908997, 47.48084259033203, 11.354723930358887, 7.922529697418213, 124.25611114501953, -1.1453585624694824, 57.65488815307617, 176.80137634277344, -44.15437698364258, 135.19989013671875, 267.0934143066406, -79.16017150878906, 171.07095336914062, 481.2604064941406, -178.48924255371094, 400.8946838378906]
[-2.317051887512207, 46.870323181152344, 28.97065544128418, -16.391523361206055, 115.63496398925781, 59.88859176635742, -46.206031799316406, 181.4574432373047, 92.6993179321289, -48.1851921081543, 298.24072265625, 128.3163604736328, -25.115379333496094, 712.13330078125, 164.52020263671875, -188.86874389648438]
[-2.444805145263672, 39.80244445800781, 45.37678146362305, -22.38991355895996, 72.87918853759766, 117.21366882324219, -67.00880432128906, 81.89986419677734, 163.89283752441406, -43.08603286743164, 52.2680778503418, 212.78871154785156, 12.017887115478516, 11.046886444091797, 222.5408935546875, 159.3036651611328]
[-3.0665674209594727, 36.948516845703125, 57.70579528808594, -1.4573622941970825, 36.90113830566406, 154.52999877929688, 74.1571273803711, -12.949808120727539, 187.74949645996094, 134.1337127685547, -17.57483673095703, 126.58799743652344, 366.6479797363281, 102.19856262207031, -78.71438598632812, 330.9155578613281]
[-3.723684310913086, 29.23859214782715, 63.88504409790039, 6.077051162719727, -9.081995964050293, 142.9144287109375, 118.39566802978516, -64.72196197509766, 55.033836364746094, 196.88235473632812, 109.59703063964844, -146.84300231933594, 311.3426818847656, 305.355224609375, 99.2669677734375, 8.412590980529785]
[-3.426630973815918, 22.342662811279297, 67.78862762451172, 35.17389678955078, -30.586191177368164, 71.32572937011719, 184.544921875, 62.564292907714844, 6.415232181549072, 135.39593505859375, 216.4141082763672, 74.53845977783203, -11.715948104858398, 208.66844177246094, 352.5565185546875, 113.1186752319336]
[-3.473693370819092, 15.403454780578613, 70.54019927978516, 59.815982818603516, -20.521514892578125, 21.285614013671875, 153.46859741210938, 193.0254364013672, 4.666381359100342, 1.4992057085037231, 184.38536071777344, 671.00048828125, 224.55162048339844, -110.81695556640625, 145.92454528808594, 330.9747619628906]
[-4.489260196685791, 7.710272789001465, 60.360992431640625, 79.539306640625, 15.831445693969727, -26.25041961669922, 64.84886932373047, 177.52406311035156, 141.12677001953125, 4.242363452911377, 40.04790496826172, 342.6868896484375, 196.37615966796875, 159.48052978515625, 32.0197868347168, 68.9281234741211]
[-3.8359978199005127, 3.9776158332824707, 50.83045196533203, 99.39353942871094, 61.69887924194336, -8.27303695678711, -27.42714500427246, 118.42225646972656, 248.9073944091797, 150.78536987304688, -45.20326614379883, -77.33418273925781, 136.8244171142578, 328.9385070800781, 358.3718566894531, -0.5986664295196533]
[-2.600233793258667, -2.8265299797058105, 36.04378128051758, 93.19503021240234, 103.29842376708984, 37.525203704833984, -51.84083557128906, -2.682950735092163, 114.44220733642578, 287.1939392089844, 250.06231689453125, 45.74736022949219, 17.304611206054688, 36.947845458984375, 326.32794189453125, 438.31524658203125]
[-1.6895517110824585, -6.562826633453369, 19.70850372314453, 74.87557983398438, 111.77134704589844, 110.96875, 24.66480255126953, -25.551517486572266, -19.473583221435547, 131.14630126953125, 569.7579345703125, 192.37957763671875, 152.40426635742188, -79.4661865234375, -154.36215209960938, 101.45989227294922]
[-0.7317387461662292, -5.817101955413818, 8.85455322265625, 52.78739929199219, 107.0005874633789, 138.05270385742188, 111.22136688232422, 19.884361267089844, -19.38311004638672, -65.34417724609375, 134.20828247070312, 213.20899963378906, 378.59259033203125, 263.07470703125, 167.15858459472656, -37.376319885253906]
[-0.07689067721366882, -10.326732635498047, -6.907412528991699, 26.425914764404297, 80.56653594970703, 114.37286376953125, 172.46800231933594, 146.01785278320312, 72.53993225097656, 36.06932830810547, -26.981061935424805, -64.35804748535156, 66.42393493652344, 179.40496826171875, 211.64447021484375, 858.8994750976562]
[1.5576603412628174, -6.7468581199646, -15.889025688171387, -4.981562614440918, 32.94499588012695, 95.13900756835938, 128.61697387695312, 238.08290100097656, 232.73190307617188, 179.37591552734375, 91.41219329833984, -28.425251007080078, -85.14803314208984, -175.97512817382812, -8.5338134765625, 234.22152709960938]
[2.946953773498535, -1.3933337926864624, -15.126595497131348, -3.7256009578704834, 4.652841091156006, 27.964405059814453, 77.0622329711914, 142.31869506835938, 173.47975158691406, 223.1536102294922, 230.73794555664062, 282.0177917480469, 191.52586364746094, 130.5269317626953, 104.5439224243164, 47.613094329833984]
[4.991434574127197, 0.017462685704231262, -2.7598557472229004, -20.67767333984375, -12.439190864562988, -3.7453043460845947, 7.2593560218811035, 26.693342208862305, 77.63035583496094, 129.09791564941406, 204.93685913085938, 224.18748474121094, 191.88421630859375, 442.0846862792969, 699.7597045898438, 236.77720642089844]
[6.49116325378418, 8.7997407913208, 2.1294145584106445, -8.860597610473633, -8.41768741607666, -19.701740264892578, -29.312028884887695, -11.405845642089844, -54.21332550048828, -19.035785675048828, -23.28858757019043, -20.31316375732422, 77.05282592773438, 112.40015411376953, 254.52247619628906, 206.24447631835938]
[8.292693138122559, 13.839462280273438, 19.471920013427734, 23.620521545410156, 27.02348518371582, 13.908007621765137, 9.195993423461914, 32.701011657714844, 40.15723419189453, 22.7359619140625, -44.77614974975586, 13.616019248962402, -34.548919677734375, -188.18057250976562, -153.5495147705078, -122.165283203125]
[10.0, 21.514171600341797, 33.68666458129883, 49.08369064331055, 61.703556060791016, 84.85530853271484, 109.374755859375, 119.66864776611328, 161.09280395507812, 293.7099914550781, 196.04774475097656, 233.38027954101562, 225.49411010742188, 552.081787109375, 381.38336181640625, 341.34552001953125]
[11.759269714355469, 29.213783264160156, 48.85164260864258, 75.48352813720703, 97.65438842773438, 150.00965881347656, 160.1073760986328, 208.3673553466797, 165.29119873046875, 273.6402282714844, 313.42681884765625, 291.2552795410156, 189.07862854003906, 520.0164184570312, 252.5421142578125, 226.6736297607422]
[13.46824836730957, 34.71046447753906, 57.94075012207031, 92.617919921875, 132.45509338378906, 123.35710144042969, 165.01792907714844, 158.0263214111328, 339.75677490234375, 130.21458435058594, 81.5245132446289, 48.109554290771484, 32.559791564941406, 33.332984924316406, 94.7809829711914, 30.578718185424805]
[15.080394744873047, 40.329715728759766, 65.28070831298828, 100.90718841552734, 118.590576171875, 101.65672302246094, 95.70669555664062, 51.484169006347656, 46.15331268310547, -56.91068649291992, -115.097900390625, -108.00952911376953, -63.740638732910156, 64.28282165527344, 163.0850830078125, 321.0953063964844]
[16.972902297973633, 45.43806457519531, 74.48662567138672, 82.25730895996094, 80.82743835449219, 47.970638275146484, 26.699676513671875, -38.25350570678711, -118.59453582763672, -22.110198974609375, 84.98466491699219, 164.0809783935547, 193.30430603027344, 362.7611389160156, 237.20152282714844, 278.7453918457031]
[18.471357345581055, 45.18073654174805, 63.019222259521484, 65.98426055908203, 34.17728805541992, 11.869449615478516, -32.52287292480469, -42.0445556640625, 58.351749420166016, 160.93162536621094, 191.67263793945312, 238.59326171875, 430.9439392089844, 135.3017120361328, -40.85440444946289, -162.2572784423828]
[19.499113082885742, 50.303653717041016, 60.67141342163086, 38.51528549194336, -15.080132484436035, -16.80004119873047, -6.248768329620361, 93.66344451904297, 179.2687530517578, 189.9269561767578, 172.78341674804688, 93.70649719238281, -129.2849578857422, 45.59598922729492, -13.976860046386719, 202.16445922851562]
[21.309268951416016, 46.085147857666016, 46.18236541748047, 15.660841941833496, -29.52461814880371, 3.010378122329712, 86.94139862060547, 199.62631225585938, 245.95103454589844, 119.02964782714844, -5.255212783813477, -144.0390167236328, 103.80825805664062, 193.3350372314453, 378.4459228515625, 220.42355346679688]
[22.188230514526367, 46.22576904296875, 31.06190299987793, -10.941326141357422, -22.044082641601562, 59.85618209838867, 148.89266967773438, 145.23085021972656, 88.2656478881836, 19.634737014770508, 40.214134216308594, 264.24786376953125, 240.62669372558594, 338.6910705566406, 134.4242401123047, 34.863311767578125]
[23.236770629882812, 39.46708679199219, 13.674821853637695, -24.686927795410156, 14.645340919494629, 132.07403564453125, 186.6732940673828, 83.42449951171875, 2.196593761444092, 3.4148569107055664, 190.47134399414062, 578.0081787109375, 175.76577758789062, 45.97074508666992, -50.641273498535156, 327.0591125488281]
[23.46621322631836, 35.39822006225586, 0.5614839792251587, -5.0355987548828125, 66.59345245361328, 163.01161193847656, 93.27985382080078, -48.25851821899414, -33.57970428466797, 144.01333618164062, 327.71307373046875, 295.880859375, -139.86532592773438, -15.592362403869629, 300.9931945800781, 659.0653076171875]
[23.46493148803711, 29.89015769958496, -5.021130084991455, 12.416000366210938, 97.2547836303711, 110.91504669189453, 22.073183059692383, -12.450478553771973, 125.16294860839844, 258.5576171875, 110.4350814819336, -52.359928131103516, 108.88684844970703, 420.7789306640625, 335.04742431640625, 101.56621551513672]
[24.496686935424805, 22.27277946472168, -7.6744704246521, 33.915523529052734, 123.01268005371094, 68.24209594726562, -39.05694580078125, 128.28839111328125, 230.48641967773438, 119.39315032958984, 21.068836212158203, 78.29390716552734, 231.866455078125, 211.23019409179688, -51.33357620239258, 131.1798858642578]
[24.75861358642578, 14.810665130615234, -16.138837814331055, 59.963951110839844, 119.48445129394531, 15.507336616516113, -19.51535415649414, 142.89418029785156, 176.6106719970703, 4.758993148803711, 46.77922821044922, 345.8287048339844, 172.41720581054688, 15.938104629516602, 345.8366394042969, 235.83131408691406]
[23.949365615844727, 7.894399642944336, -6.0353169441223145, 86.32611846923828, 76.14106750488281, -1.7217142581939697, 74.01173400878906, 211.6697235107422, 16.658266067504883, 7.70711088180542, 563.8206176757812, 203.51026916503906, 18.755064010620117, 162.44602966308594, 683.7943725585938, 0.532791018486023]
[23.78734588623047, 1.4706732034683228, 5.6427130699157715, 96.74938201904297, 38.448368072509766, -2.450955867767334, 170.67755126953125, 114.2016830444336, -6.222241401672363, 153.37513732910156, 476.2457275390625, 44.08408737182617, 125.22284698486328, 251.83197021484375, -52.67724609375, 92.89781951904297]
[22.956388473510742, -3.837742567062378, 23.208528518676758, 98.0509262084961, -12.658997535705566, 44.4743537902832, 132.96914672851562, 24.521869659423828, 55.16128158569336, 192.0986328125, 20.856374740600586, 21.464956283569336, 331.4029541015625, 69.38114929199219, 30.332223892211914, 491.38067626953125]
[21.93865394592285, -5.020284175872803, 39.74974822998047, 74.67256164550781, -35.731529235839844, 99.24919891357422, 109.0431900024414, -34.737571716308594, 209.4537353515625, 112.71964263916016, 45.41752243041992, 202.882568359375, 101.65664672851562, -6.2672834396362305, 286.7693176269531, 103.56080627441406]
[20.546335220336914, -8.761911392211914, 52.873783111572266, 54.69786071777344, 3.000622272491455, 125.44219970703125, 60.27632522583008, 31.67404556274414, 208.38607788085938, -30.533655166625977, 149.96533203125, 174.5712127685547, -76.88824462890625, 647.1150512695312, 125.42207336425781, -93.80728912353516]
[19.93329429626465, -8.174575805664062, 70.23029327392578, 23.558286666870117, 25.1947078704834, 116.55760955810547, -60.56172561645508, 125.85723114013672, 107.92042541503906, 2.9916601181030273, 297.1639099121094, -48.465213775634766, 150.11233520507812, 190.04385375976562, -68.85562133789062, 407.26220703125]
[18.271915435791016, -6.014350891113281, 70.28612518310547, -2.367600679397583, 62.479793548583984, 100.6994857788086, -39.01302719116211, 192.5110321044922, -41.054141998291016, 191.25721740722656, 125.67523956298828, 57.771644592285156, 359.7294616699219, 10.803754806518555, 194.2454376220703, 119.75279235839844]
[16.481292724609375, -3.6141180992126465, 68.80142211914062, -12.776965141296387, 112.08090209960938, 19.900068283081055, 60.974857330322266, 123.63304901123047, 13.493877410888672, 296.6212158203125, -21.584014892578125, 222.86074829101562, 41.6878547668457, 128.29852294921875, 342.06500244140625, -91.44124603271484]
[15.191364288330078, 2.5669922828674316, 66.26962280273438, -19.394899368286133, 113.15642547607422, -1.1339783668518066, 128.97801208496094, 9.373635292053223, 109.72821807861328, 117.09278106689453, 54.37809753417969, 193.72166442871094, 8.6011381149292, 287.70391845703125, -75.56755828857422, 272.22625732421875]
[13.513059616088867, 8.000298500061035, 56.36088180541992, 0.5717554688453674, 114.66925811767578, -24.036157608032227, 190.7645263671875, -28.039012908935547, 231.14256286621094, -29.382680892944336, 272.4715270996094, -45.95718765258789, 190.9215087890625, 100.78147888183594, 157.81057739257812, 364.80377197265625]
[11.712380409240723, 14.04742431640625, 40.922264099121094, 24.339750289916992, 82.07373046875, 14.167330741882324, 118.31755828857422, 16.118532180786133, 175.5632781982422, 14.804322242736816, 218.88865661621094, 37.11153793334961, 539.2409057617188, -58.561702728271484, 484.27642822265625, 16.01663589477539]
[10.0, 21.4997615814209, 25.612119674682617, 47.71344757080078, 37.630149841308594, 82.20674133300781, 41.20469284057617, 115.18585968017578, 44.38053512573242, 333.7379455566406, 50.15445327758789, 169.8825225830078, -7.97670841217041, 254.27545166015625, 19.938648223876953, 660.792236328125]
[8.158626556396484, 27.58517074584961, 8.655769348144531, 78.8724365234375, 1.8460603952407837, 128.60850524902344, -10.807979583740234, 202.2393035888672, 11.237713813781738, 279.9083251953125, -31.74068832397461, 261.3224792480469, 46.39273452758789, 213.20901489257812, 103.12133026123047, 229.72247314453125]
[6.398199558258057, 34.026344299316406, -2.9166524410247803, 99.8397445678711, -28.88104248046875, 129.52720642089844, -42.22935104370117, 176.4924774169922, 22.539865493774414, 122.22948455810547, 131.01101684570312, 50.632713317871094, 294.8524169921875, 27.277809143066406, 303.10150146484375, 73.03485107421875]
[4.591677665710449, 39.172340393066406, -5.075544834136963, 102.09098052978516, -16.744117736816406, 101.28692626953125, 56.718379974365234, 52.181644439697266, 140.00469970703125, -18.201040267944336, 338.2010498046875, 2.760535955429077, 226.24044799804688, 83.89244079589844, 292.7181091308594, 249.25648498535156]
[3.153719902038574, 46.52726364135742, -18.60909080505371, 91.0462417602539, 14.263772964477539, 51.1665153503418, 146.6027374267578, -63.5050163269043, 416.935546875, -42.00568389892578, 135.4155731201172, 301.32818603515625, 51.870338439941406, 275.2340087890625, 41.14813232421875, 306.625]
[1.610474705696106, 49.48303985595703, -3.8829684257507324, 62.816749572753906, 66.94019317626953, -11.993315696716309, 177.33041381835938, 1.3389413356781006, 255.91587829589844, 141.72113037109375, -14.657252311706543, 510.81402587890625, -10.308806419372559, 137.33795166015625, 596.087158203125, 40.304100036621094]
[0.2248547524213791, 49.54484176635742, 3.8723044395446777, 38.72703170776367, 113.134765625, -25.311790466308594, 126.0879898071289, 88.5023193359375, 19.104602813720703, 299.3465881347656, -7.169067859649658, 75.29869079589844, 376.73333740234375, -86.91265106201172, 197.44512939453125, 247.6898193359375]
[-0.9724103808403015, 48.161766052246094, 13.675871849060059, 11.352167129516602, 133.0941162109375, 16.482402801513672, 51.66943359375, 198.49209594726562, -51.07244873046875, 123.23402404785156, 186.4413299560547, -85.4018783569336, 211.9589385986328, 213.0956573486328, -200.09791564941406, 448.5907287597656]
[-1.6929564476013184, 43.58987045288086, 28.95111083984375, -11.061264038085938, 116.06031036376953, 59.89399719238281, -6.948334693908691, 146.02032470703125, 93.87834167480469, -81.6659927368164, 210.9326629638672, 124.54523468017578, -58.50266647338867, 564.0776977539062, 173.38616943359375, -28.96715545654297]
[-2.3623874187469482, 39.998802185058594, 44.74309539794922, -24.25945281982422, 76.59383392333984, 103.48828887939453, -50.071250915527344, 83.01921081542969, 257.26678466796875, 46.8654670715332, 23.024518966674805, 256.5123596191406, 98.76624298095703, 87.60880279541016, 343.66778564453125, 159.24893188476562]
[-3.646554946899414, 35.445735931396484, 56.12421798706055, -18.23011589050293, 36.90541076660156, 150.74305725097656, 32.81391906738281, -44.45353698730469, 148.7748565673828, 158.1099090576172, -126.627197265625, 134.2788543701172, 201.72882080078125, 67.83062744140625, 103.72233581542969, 457.4939270019531]
[-4.581357955932617, 28.783578872680664, 63.274227142333984, 7.727323532104492, 6.735225677490234, 125.912353515625, 129.45553588867188, -45.76797866821289, 43.86823654174805, 216.2751007080078, 216.85418701171875, 40.262630462646484, 196.55355834960938, 234.051025390625, 47.42982864379883, -40.26675796508789]
[-3.900468349456787, 22.26700782775879, 70.39906311035156, 34.02260208129883, -28.588520050048828, 70.14910888671875, 163.15701293945312, 60.408729553222656, -5.913618564605713, 131.98350524902344, 547.6815795898438, 87.66081237792969, 61.939388275146484, 200.0030975341797, 435.0221862792969, 60.59685516357422]
[-4.819286823272705, 15.304801940917969, 74.4430160522461, 65.13077545166016, -10.846577644348145, 3.4710896015167236, 153.2466278076172, 140.54287719726562, 44.561622619628906, 33.2142333984375, 308.3076477050781, 219.6211700439453, 115.07817077636719, -90.82780456542969, 128.7791748046875, 520.9368896484375]
[-4.147129535675049, 7.381173610687256, 58.41556167602539, 93.14196014404297, 25.54648208618164, -14.019933700561523, 64.93610382080078, 206.913818359375, 173.9767303466797, 18.885725021362305, -58.72947311401367, 179.08399963378906, 292.61907958984375, 153.72177124023438, -70.11908721923828, 50.44828414916992]
[-3.5551695823669434, 3.111534833908081, 52.02967071533203, 98.0567398071289, 66.09432983398438, 5.353309631347656, 11.66338062286377, 119.6572494506836, 162.1031951904297, 139.5179443359375, -30.628511428833008, -70.06572723388672, 134.8804168701172, 217.2908935546875, 334.42401123046875, 51.04708480834961]
[-3.394029378890991, -1.1568927764892578, 36.27264404296875, 88.54029083251953, 94.45545959472656, 34.5457763671875, -2.4170567989349365, 0.09325384348630905, 131.7727813720703, 292.2535400390625, 176.34715270996094, 10.170790672302246, 57.98958969116211, 94.33705139160156, 207.67601013183594, 406.6598205566406]
[-2.1856467723846436, -4.705317974090576, 21.3250789642334, 81.0558090209961, 130.77769470214844, 91.9576187133789, 16.676321029663086, -41.85396957397461, 2.0273470878601074, 135.1424560546875, 174.69801330566406, 189.71878051757812, 147.06695556640625, -20.376815795898438, -94.044921875, 90.9867172241211]
[-1.2709901332855225, -6.535386085510254, 8.935465812683105, 50.780696868896484, 114.61119079589844, 163.90086364746094, 100.72857666015625, 89.41793823242188, -30.857267379760742, -5.438221454620361, 55.18629837036133, 213.36639404296875, 626.2626953125, 187.2136688232422, 171.9169464111328, 103.25725555419922]
[0.1504410058259964, -9.589871406555176, 0.01503087393939495, 25.550567626953125, 73.0726089477539, 133.63499450683594, 197.6109619140625, 148.05191040039062, 78.56859588623047, -41.09455108642578, -106.32685089111328, 59.54671096801758, 195.4676055908203, 253.41262817382812, 720.2841796875, 304.775146484375]
[1.469325304031372, -4.5804762840271, -6.793091297149658, 2.2489824295043945, 36.17909622192383, 93.3326644897461, 150.2784881591797, 214.51112365722656, 228.40628051757812, 142.50665283203125, 83.93863677978516, 62.11988830566406, 13.079597473144531, 1.168925166130066, -33.289669036865234, 131.22705078125]
[3.4333136081695557, -1.634588360786438, -17.010860443115234, -12.355138778686523, 5.1386637687683105, 28.62945556640625, 75.56144714355469, 131.82745361328125, 235.71322631835938, 301.9643859863281, 305.0670471191406, 280.33697509765625, 177.8112335205078, 126.85552215576172, 123.36276245117188, -183.4801483154297]
[4.658873558044434, 1.1084392070770264, -8.682550430297852, -18.7343692779541, -26.390504837036133, -37.790958404541016, 5.285812854766846, 24.351444244384766, 76.23988342285156, 131.6558837890625, 226.53663635253906, 179.3830108642578, 348.66839599609375, 292.16522216796875, 324.2264099121094, 345.2811279296875]
[6.516246795654297, 7.645419597625732, 3.1607775688171387, 5.421278476715088, -8.846293449401855, -19.808202743530273, -17.18416404724121, -47.66465759277344, -60.820472717285156, 6.531605243682861, -53.354923248291016, -22.797597885131836, 21.141645431518555, 72.57230377197266, 134.8020477294922, 208.8103790283203]
[8.231819152832031, 14.764573097229004, 18.9331111907959, 17.708520889282227, 23.08966064453125, 27.741798400878906, -1.7127034664154053, 18.623424530029297, -6.133676052093506, -53.30491638183594, 36.123291015625, 14.896076202392578, 9.551169395446777, 27.51288414001465, 50.465003967285156, 80.26832580566406]
[10.0, 21.366846084594727, 33.79442596435547, 48.175018310546875, 67.1490478515625, 85.03907012939453, 94.93185424804688, 108.30824279785156, 125.65286254882812, 308.7159729003906, 168.59837341308594, 440.8927001953125, 236.6366424560547, 477.0429992675781, 358.0164794921875, 419.29412841796875]
[11.808014869689941, 27.983396530151367, 48.98151779174805, 71.52146911621094, 90.07147979736328, 144.661865234375, 184.74208068847656, 211.38905334472656, 193.9275665283203, 182.64781188964844, 333.09912109375, 272.5741271972656, 331.2987060546875, 462.45263671875, 259.2397155761719, 181.22671508789062]
[13.441797256469727, 34.56450653076172, 58.1691780090332, 85.2407455444336, 115.61051177978516, 142.91439819335938, 181.95359802246094, 143.61341857910156, 167.3219451904297, 112.88700866699219, 90.59139251708984, 91.60401153564453, 21.394817352294922, -90.03069305419922, -64.35767364501953, -120.4083251953125]
[15.43430233001709, 38.757545471191406, 64.20916748046875, 106.27902221679688, 106.1838607788086, 120.63239288330078, 173.504150390625, 57.38174057006836, 24.183008193969727, -78.67379760742188, -55.53108215332031, -36.52747344970703, 5.463278293609619, 69.68640899658203, 159.09471130371094, 486.53387451171875]
[16.566516876220703, 45.20479202270508, 76.15223693847656, 78.1148910522461, 81.80061340332031, 51.72953796386719, 34.924034118652344, -35.6893424987793, -89.70285034179688, -5.352594375610352, 61.8162956237793, 188.79571533203125, 212.07513427734375, 375.7888488769531, 335.2317199707031, 514.4229736328125]
[18.49368667602539, 48.02345657348633, 68.86963653564453, 63.60342025756836, 32.579769134521484, -8.547444343566895, -84.85723876953125, 0.741631269454956, 63.75015640258789, 172.37640380859375, 262.0832824707031, 240.57730102539062, 312.187744140625, 137.4627227783203, 73.18071746826172, -153.84286499023438]
[20.118688583374023, 50.91975784301758, 60.28961944580078, 38.47984313964844, 8.160650253295898, -29.712512969970703, -7.082965850830078, 95.38130950927734, 393.319580078125, 208.47341918945312, 230.8446807861328, 103.8477783203125, -63.41973114013672, 48.12677764892578, 64.33414459228516, 196.89442443847656]
[21.040952682495117, 46.31946563720703, 46.52922821044922, 14.389522552490234, -21.494688034057617, -3.53861927986145, 92.02296447753906, 157.56546020507812, 448.6617126464844, 136.15518188476562, 45.25313949584961, -0.44642725586891174, 24.45931053161621, 230.70770263671875, 406.6019592285156, 285.0526123046875]
[21.96946144104004, 46.295223236083984, 31.03394889831543, -11.452749252319336, -9.96173095703125, 59.875614166259766, 127.02536010742188, 179.6678466796875, 157.78326416015625, -37.20481872558594, 27.084083557128906, 130.37948608398438, 226.95346069335938, 326.6746520996094, 127.29692077636719, -54.82453155517578]
[22.78120994567871, 41.1278190612793, 13.954368591308594, -11.342246055603027, 13.646231651306152, 101.1257095336914, 148.02462768554688, 82.50967407226562, -28.9854736328125, 14.81674861907959, 329.0470886230469, 272.06829833984375, 172.55149841308594, 42.74986267089844, -97.5699691772461, 158.57177734375]
[23.16170310974121, 34.77851867675781, 4.314386367797852, -11.416893005371094, 62.41569519042969, 126.76483154296875, 106.75186920166016, 21.02202033996582, 18.630033493041992, 188.52938842773438, 449.0888977050781, 136.06063842773438, 52.177703857421875, 66.7952651977539, 430.6796875, 497.7314453125]
[23.71251678466797, 29.404802322387695, -7.521638870239258, 12.937589645385742, 114.55147552490234, 115.95166015625, 3.839020252227783, -61.898681640625, 125.62870788574219, 275.9345703125, 110.19668579101562, 35.461639404296875, 81.77249908447266, 271.80499267578125, 494.69097900390625, -20.35112953186035]
[23.83153533935547, 21.99748420715332, -15.214404106140137, 35.267059326171875, 103.92918395996094, 68.79206848144531, -40.960472106933594, 65.90282440185547, 270.6293640136719, 121.8682632446289, -14.397810935974121, 95.14811706542969, 701.6587524414062, 168.87008666992188, -247.37290954589844, 87.98641204833984]
[24.620201110839844, 14.579176902770996, -8.600297927856445, 62.61164474487305, 118.8547134399414, 5.13620662689209, -23.62489891052246, 157.58995056152344, 163.8497772216797, -56.38935852050781, 33.63142776489258, 249.00042724609375, 295.7992248535156, 69.53137969970703, 156.9561767578125, 316.95928955078125]
[24.308250427246094, 8.237065315246582, -2.5010969638824463, 87.9559555053711, 82.80703735351562, -4.20855188369751, 75.41019439697266, 216.93075561523438, 45.769081115722656, 20.286537170410156, 230.11785888671875, 149.65228271484375, -186.19647216796875, 189.356201171875, 446.0269775390625, 47.403812408447266]
[23.3206729888916, 3.127140760421753, 6.5939130783081055, 101.64400482177734, 39.41063690185547, -31.298938751220703, 135.32095336914062, 122.06719207763672, 2.1201512813568115, 143.1128692626953, 263.9366149902344, 27.185054779052734, 125.51941680908203, 456.39154052734375, -10.04098129272461, 91.79363250732422]
[22.885021209716797, -4.731929779052734, 22.793806076049805, 93.36817169189453, -1.3221163749694824, 43.55731964111328, 174.3889923095703, -22.897600173950195, 28.38994026184082, 205.44366455078125, 22.609439849853516, 54.52693176269531, 277.2091064453125, 40.88137435913086, 109.84943389892578, 502.2345275878906]
[22.148616790771484, -7.328825950622559, 38.56321334838867, 73.70368194580078, -20.798107147216797, 105.75934600830078, 119.54005432128906, -1.7450112104415894, 210.4573211669922, 129.3500518798828, -63.33857345581055, 316.80291748046875, 112.64886474609375, -120.13548278808594, 265.61846923828125, 12.335297584533691]
[20.979379653930664, -9.661108016967773, 56.470550537109375, 52.01316452026367, -22.45631217956543, 158.94691467285156, 17.039897918701172, 24.970138549804688, 203.85525512695312, -28.40006446838379, 153.67410278320312, 397.679443359375, -32.190147399902344, 601.4385375976562, 138.51858520507812, -59.18504333496094]
[20.001657485961914, -10.41369342803955, 64.3838882446289, 27.65772819519043, 24.420541763305664, 121.80122375488281, 4.060440540313721, 120.53768157958984, 102.22034454345703, 26.450090408325195, 245.48794555664062, -75.70481872558594, 170.20809936523438, 427.8265380859375, -178.1302032470703, 606.3558349609375]
[18.485694885253906, -7.5782036781311035, 65.6307144165039, -5.601412296295166, 64.06842803955078, 91.30533599853516, -11.480059623718262, 223.92984008789062, 7.106678485870361, 145.8277130126953, 128.4075469970703, 59.592613220214844, 309.8630065917969, 7.980679035186768, 207.4940948486328, 289.8156433105469]
[16.61368751525879, -4.708813190460205, 76.58784484863281, -8.288955688476562, 94.0600814819336, 34.247894287109375, 62.46343231201172, 140.16749572753906, 29.01887321472168, 239.900390625, -33.024574279785156, 285.428955078125, 94.45745849609375, 122.4964828491211, 207.8275909423828, -79.08070373535156]
[15.39970874786377, 2.119788408279419, 64.23491668701172, -22.67193603515625, 112.46556091308594, -39.7103385925293, 146.8252716064453, 69.41368865966797, 117.21475982666016, 128.97698974609375, 49.56621551513672, 240.83641052246094, -59.08716583251953, 458.396240234375, -183.5929718017578, 402.657470703125]
[13.66935920715332, 8.431939125061035, 55.519474029541016, 0.6058974266052246, 100.25836181640625, -9.272391319274902, 170.43138122558594, -88.62744140625, 182.87364196777344, 4.788684368133545, 276.4898376464844, -32.698951721191406, 208.32032775878906, 106.40192413330078, 162.58192443847656, 191.77566528320312]
[11.719776153564453, 14.487530708312988, 42.49555969238281, 22.797937393188477, 72.8702621459961, 7.9878249168396, 138.3302764892578, -2.826556444168091, 185.7017059326172, -2.134826421737671, 168.19813537597656, -85.44034576416016, 268.99530029296875, -43.88310241699219, 338.3779602050781, 91.36963653564453]
[10.0, 21.51392936706543, 25.90342903137207, 47.56289291381836, 33.74734878540039, 82.8250503540039, 42.852882385253906, 133.47930908203125, 58.15959167480469, 304.5013122558594, 28.228900909423828, 168.97454833984375, 76.07061004638672, 333.4287414550781, 34.32419204711914, 367.8030700683594]
[8.265962600708008, 28.131011962890625, 9.998119354248047, 80.26702117919922, 3.0625710487365723, 136.24522399902344, -53.12828826904297, 225.2845458984375, -13.630755424499512, 276.3475646972656, -86.35955047607422, 344.7126770019531, -27.66438102722168, 318.33984375, 96.2435302734375, 259.76495361328125]
[6.42998743057251, 33.708221435546875, 0.8895222544670105, 92.28793334960938, -18.11977767944336, 159.08258056640625, -15.650107383728027, 153.08518981933594, 25.250097274780273, 133.29417419433594, 120.53553771972656, 50.21759796142578, 220.64259338378906, 3.9416661262512207, 794.4976806640625, 28.364490509033203]
[4.779590606689453, 40.895565032958984, -4.0504560470581055, 107.39434051513672, 0.5941779613494873, 121.02637481689453, 49.8310432434082, 61.45048141479492, 193.39212036132812, -49.231101989746094, 325.4012451171875, -66.44966125488281, 217.924072265625, 49.71482849121094, 274.3368225097656, 229.77105712890625]
[3.0113296508789062, 43.404136657714844, -11.305318832397461, 78.7356185913086, 27.272136688232422, 46.96738815307617, 111.58211517333984, 14.212162017822266, 266.0924377441406, -2.858076572418213, 167.36825561523438, 198.69705200195312, -71.99710083007812, 303.7149658203125, -78.13221740722656, 400.0010986328125]
[1.5343410968780518, 47.80067825317383, -13.983433723449707, 63.12089157104492, 65.77418518066406, 1.80528724193573, 195.1277618408203, -43.370933532714844, 126.28558349609375, 181.1533203125, -30.294729232788086, 291.0445861816406, -31.794879913330078, 134.68807983398438, 301.6738586425781, -22.055070877075195]
[0.47623100876808167, 46.83116149902344, 4.374762058258057, 38.43272399902344, 110.38418579101562, -42.36339569091797, 140.7132110595703, 91.98155212402344, -23.409500122070312, 184.50035095214844, 20.237321853637695, 99.73847961425781, 505.7523498535156, 76.06253051757812, 235.07020568847656, 181.63690185546875]
[-0.5258179903030396, 48.27003479003906, 15.214667320251465, 13.38833236694336, 114.64800262451172, -1.3461947441101074, 48.8040771484375, 208.31407165527344, 13.770135879516602, 136.06298828125, 436.1143493652344, -90.80560302734375, 469.9627990722656, 194.85772705078125, -168.03085327148438, 320.7139587402344]
[-1.5347789525985718, 42.781131744384766, 28.77226448059082, -15.320541381835938, 101.53253173828125, 59.90217208862305, -4.7811503410339355, 211.2045440673828, 178.42501831054688, -34.830265045166016, 205.2692413330078, 131.1009063720703, -82.83607482910156, 207.81466674804688, 154.53207397460938, -72.02205657958984]
[-3.0599470138549805, 41.2298583984375, 46.04533004760742, -26.356107711791992, 82.36610412597656, 112.13926696777344, -37.00181198120117, 83.26361846923828, 356.5367126464844, -39.67236328125, 39.92313766479492, 221.3196563720703, 35.461402893066406, 17.66103172302246, 217.74447631835938, 304.502685546875]
[-3.815101385116577, 35.950191497802734, 55.88017654418945, -4.5059919357299805, 35.226531982421875, 165.45469665527344, 29.624399185180664, -51.28950881958008, 330.3003845214844, 169.4669952392578, 35.235958099365234, 127.03773498535156, 405.40057373046875, 44.43898391723633, 20.062166213989258, 883.5665893554688]
[-4.018258571624756, 28.30240821838379, 64.22376251220703, 9.424077987670898, -4.303949356079102, 132.34523010253906, 107.82992553710938, 7.054463863372803, 44.51313400268555, 301.3953857421875, 109.80875396728516, -122.88065338134766, 183.41586303710938, 590.0826416015625, 57.93390655517578, -127.4725570678711]
[-4.642270088195801, 22.056039810180664, 76.23411560058594, 34.69669723510742, -23.649293899536133, 71.04157257080078, 192.875732421875, 58.272586822509766, 9.97454833984375, 119.14945220947266, 180.4471435546875, 75.9306869506836, -131.38829040527344, 163.93182373046875, 309.8470458984375, 83.19304656982422]
[-3.529541015625, 14.861424446105957, 64.71574401855469, 58.05741500854492, -3.61706280708313, 17.18618392944336, 288.29833984375, 151.9986572265625, 41.402320861816406, -30.87177085876465, 165.97821044921875, 582.6708374023438, 89.22211456298828, -115.6844711303711, 135.25015258789062, 325.6794128417969]
[-4.118210792541504, 7.92786169052124, 64.20657348632812, 82.7936782836914, 27.01214027404785, -12.067220687866211, 135.39340209960938, 227.487548828125, 149.0940704345703, 24.74624252319336, 30.0445499420166, 357.9137268066406, 365.5307922363281, 161.54393005371094, 28.128664016723633, 79.0932846069336]
[-3.4053590297698975, 2.0520386695861816, 52.653114318847656, 102.92897033691406, 64.96760559082031, -7.390100955963135, -13.57831859588623, 99.10090637207031, 266.75177001953125, 161.5831756591797, 8.2616605758667, -96.414306640625, 135.7570343017578, 261.72772216796875, 297.534912109375, -34.537376403808594]
